tree
version=v4
num_class=1
num_tree_per_iteration=1
label_index=0
max_feature_idx=7
objective=quantile
feature_names=customer_state seller_state distance_km freight_value price n_items n_sellers order_purchase_month
feature_infos=-1:25:18:10:22:17:23:4:7:8:6:15:5:13:12:9:11:14:19:16:1:24:26:20:2:0:3 -1:21:7:14:15:19:18:3:1:5:12:4:6:9:2:16:8:11:17:13:10:20 [0:8032.9297169789415] [0:1002.2900000000001] [0.84999999999999998:13440] [1:21] [1:5] -1:8:7:0:3:4:9:2:10:1:11:5:6
tree_sizes=1651 1821 1810 1805 1813 1823 1763 1792 1820 1842 1802 1831 1830 1767 1823 1812 1831 1802 1787 1872 1733 1768 1839 1774 1848 1864 1835 1777 1776 1815 1836 1838 1791 1840 1835 1821 1828 1797 1765 1782 1889 1791 1816 1836 1787 1843 1774 1867 1857 1820 1824 1831 1820 1780 1835 1766 1850 1851 1793 1785 1897 1796 1814 1845 1853 1799 1826 1868 1836 1780 1832 1833 1873 1791 1827 1793 1858 1867 1862 1879 1805 1846 1859 1853 1869 1846 1786 1790 1869 1864 1822 1880 1819 1821 1850 1786 1831 1837 1873 1864 1844 1856 1872 1842 1821 1845 1825 1897 1856 1802 1856 1868 1845 1803 1842 1802 1892 1843 1835 1842 1881 1806 1870 1876 1860 1869 1869 1784 1878 1822 1848 1876 1855 1846 1832 1867 1859 1784 1864 1831 1852 1826 1889 1813 1839 1851 1870 1873 1856 1845 1886 1816 1822 1786 1834 1870 1859 1848 1875 1884 1832 1801 1882 1823 1835 1858 1863 1832 1897 1826 1849 1829 1819 1833 1877 1831 1866 1788 1830 1814 1862 1819 1845 1809 1837 1882 1797 1816 1796 1800 1852 1820 1846 1852 1864 1831 1842 1811 1847 1823

Tree=0
num_leaves=19
num_cat=7
split_feature=0 0 0 2 2 0 2 1 1 2 1 2 2 5 2 4 4 4
split_gain=227.393 75.1895 19.5466 12.3082 7.74895 7.07661 5.93438 4.78774 3.76087 3.67127 2.98958 2.94411 2.60493 2.24528 2.06522 1.81817 1.79722 1.79102
threshold=0 1 2 203.72011375862544 164.94920167760708 3 1109.3290322368389 4 5 393.33804254633486 6 2553.3564811473275 808.30114985138573 1.5000000000000002 855.95601151484618 319.99500000000006 109.99500000000002 134.93000000000004
decision_type=9 9 9 2 2 9 2 9 9 2 9 2 2 2 2 2 2 2
left_child=4 3 -3 -2 -1 7 -4 9 -7 17 12 -8 -6 16 -10 -9 -11 -5
right_child=1 2 6 5 10 8 11 15 14 13 -12 -13 -14 -15 -16 -17 -18 -19
leaf_value=23.747 23.758499591469764 24.390999999999998 24.138000000000002 24.091999999999999 23.977 23.954000000000001 24.23 24.023 24.045999999999999 24.184000000000001 23.908000000000001 24.390999999999998 24.161000000000001 24.068999999999999 24.114999999999998 24.253 24.298999999999999 24.23
leaf_weight=10231 746 764 355 1588 897 933 3014 1128 3523 2115 17956 194 165 437 1908 120 1435 583
leaf_count=10231 746 764 355 1588 897 933 3014 1128 3523 2115 17956 194 165 437 1908 120 1435 583
internal_value=23.9999 24.0018 24.0045 24.001 23.9986 24.0012 24.0038 24.0017 24.0006 24.0019 23.9989 24.0041 24.0001 24.0024 24.0009 24.0004 24.0026 24.0012
internal_weight=48092 18843 4327 14516 29249 13770 3563 7406 6364 6158 19018 3208 1062 3987 5431 1248 3550 2171
internal_count=48092 18843 4327 14516 29249 13770 3563 7406 6364 6158 19018 3208 1062 3987 5431 1248 3550 2171
cat_boundaries=0 1 2 3 4 5 6 7
cat_threshold=33688640 80056704 8198 67473408 2408512 802816 32832
is_linear=0
shrinkage=1


Tree=1
num_leaves=19
num_cat=4
split_feature=2 7 2 7 2 2 2 7 2 4 2 5 7 2 2 4 2 4
split_gain=176.469 68.3735 60.7687 27.9142 13.8842 10.175 7.99903 6.46452 3.61405 3.60317 3.53299 2.83517 2.45978 2.4287 2.24775 2.10289 1.95942 1.84662
threshold=1187.7516038783717 0 266.44189187143689 1 2167.7732156647394 558.20079738369066 1645.1738329028296 2 138.21470020969994 119.82000000000002 240.32878198510898 1.5000000000000002 3 370.17341880582495 2553.3564811473275 159.05000000000004 1645.1738329028296 150.99500000000003
decision_type=2 1 2 1 2 2 2 1 2 2 2 2 1 2 2 2 2 2
left_child=1 2 8 4 12 7 -5 9 -1 -4 -3 13 -2 -11 -6 -8 -14 -9
right_child=3 10 5 6 14 -7 15 17 -10 11 -12 -13 16 -15 -16 -17 -18 -19
leaf_value=-0.22418099999999999 0.27071000000000001 -0.24718099999999998 0.067942000000000016 0.037006690981149712 0.37653495951116084 0.14011599999999996 0.13366216516470905 -0.043884000000000027 -0.066884000000000027 0.13270976949024199 -0.11288400000000003 -0.023740619599580754 0.15570999999999999 0.22439256738448141 0.38348818925428391 0.19800700000000004 0.27071000000000001 0.094115999999999964
leaf_weight=4909 824 6635 3180 1091 784 5994 1382 2352 1787 621 14450 260 734 863 214 585 675 744
leaf_count=4909 824 6635 3180 1091 784 5994 1382 2352 1787 621 14450 260 734 863 214 585 675 744
internal_value=-4.4198e-05 -0.000584697 0.000354098 0.0035477 0.00503752 0.00121546 0.00195051 0.000679657 -0.0014481 0.0011961 -0.00150624 0.00203862 0.00404443 0.00242673 0.00730861 0.00283288 0.00335628 -0.000145129
internal_weight=48084 41795 20710 6289 3231 14014 3058 8020 6696 4924 21085 1744 2233 1484 998 1967 1409 3096
internal_count=48084 41795 20710 6289 3231 14014 3058 8020 6696 4924 21085 1744 2233 1484 998 1967 1409 3096
cat_boundaries=0 1 2 3 4
cat_threshold=668 653 140 132
is_linear=0
shrinkage=0.023


Tree=2
num_leaves=19
num_cat=7
split_feature=0 0 2 2 0 0 0 3 2 3 0 2 3 5 2 3 2 0
split_gain=234.373 62.9306 19.168 11.2308 7.34307 6.73096 6.22975 6.49942 3.52923 2.80557 2.46574 2.38243 2.34334 2.19777 1.91587 1.67443 1.58233 1.47388
threshold=0 1 1187.7516038783717 246.6329237706488 2 3 4 16.075000000000003 2553.3564811473275 10.075000000000001 5 474.27523956213275 29.905000000000005 1.5000000000000002 1784.3110219537514 37.525000000000013 2092.5687050952347 6
decision_type=9 9 2 2 9 9 9 2 2 2 9 2 2 2 2 2 2 9
left_child=4 5 3 -3 9 14 7 -5 10 -1 15 -8 -7 -9 -2 -4 -14 -13
right_child=1 2 8 6 -6 12 11 13 -10 -11 -12 17 16 -15 -16 -17 -18 -19
leaf_value=-0.31102483699999994 0.26104516438750747 -0.17715194145963373 0.17354166999999995 0.069004164914948499 -0.068446665999999989 0.22337691408118948 -0.022572599291222576 0.24554533200000001 0.28689995030706744 -0.15002483699999997 0.12912861702816011 0.11071933200000003 0.24315583899999998 0.087190332000000037 0.39634669593124333 0.22993497380060077 0.3099632533921623 0.044893331999999994
leaf_weight=4639 90 958 1855 1774 9176 600 828 3683 142 15171 1401 1117 190 610 678 587 330 4426
leaf_count=4639 90 958 1855 1774 9176 600 828 3683 142 15171 1401 1117 190 610 678 587 330 4426
internal_value=-5.40983e-05 0.0019113 0.00147578 0.00106001 -0.00136083 0.0058911 0.00124484 0.00177234 0.002877 -0.00161068 0.00274512 0.000738526 0.00461945 0.00225917 0.00766056 0.00319645 0.00579178 0.000911582
internal_weight=48255 19269 17381 13396 28986 1888 12438 6067 3985 19810 3843 6371 1120 4293 768 2442 520 5543
internal_count=48255 19269 17381 13396 28986 1888 12438 6067 3985 19810 3843 6371 1120 4293 768 2442 520 5543
cat_boundaries=0 1 2 3 4 5 6 7
cat_threshold=33686592 16801839 33554432 8206 67371024 1081872 8388608
is_linear=0
shrinkage=0.023


Tree=3
num_leaves=19
num_cat=8
split_feature=2 7 2 7 3 1 2 1 7 2 2 2 1 3 1 5 3 1
split_gain=182.061 61.9014 59.1012 31.3736 20.2903 15.7961 14.2762 12.9397 6.70848 6.12608 5.98279 5.53511 4.73221 4.08497 3.94885 3.56061 2.81406 2.80653
threshold=1158.2162411397831 0 258.74452600182218 1 15.045000000000002 2 2134.9260008375013 3 4 618.52111970165913 489.92624419931326 1645.1738329028296 5 15.155000000000003 6 1.5000000000000002 11.815000000000003 7
decision_type=2 1 2 1 2 9 2 9 1 2 2 2 9 2 9 2 2 9
left_child=1 2 16 6 -4 8 7 -2 -6 -7 15 17 -11 -3 -13 -10 -1 -5
right_child=3 13 4 11 5 9 -8 -9 10 12 -12 14 -14 -15 -16 -17 -18 -19
leaf_value=-0.2808712657489999 0.27466469599358145 -0.200713394682 -0.049817926885089341 -0.089879846748094946 0.065591080631105095 -0.023031039034272602 0.38723072192482472 0.033852250466730217 0.16631442831415696 0.14789778936400003 0.19495578936400002 0.20995471689190934 -0.043656096748999999 -0.0996456863803417 0.1243774273115965 -0.043594811826497062 -0.10203011360433928 0.083322989113976911
leaf_weight=2902 1722 8855 3004 252 1385 2067 1082 464 1937 1522 3391 319 479 12050 1549 385 3637 984
leaf_count=2902 1722 8855 3004 252 1385 2067 1082 464 1937 1522 3391 319 479 12050 1549 385 3637 984
internal_value=-4.05497e-05 -0.000594922 0.000296502 0.00357982 0.00113132 0.00158274 0.00515115 0.00409666 0.00223651 0.000435385 0.00258685 0.0019025 0.00134353 -0.00147742 0.00269861 0.00169166 -0.00151206 0.000714435
internal_weight=47986 41614 20709 6372 14170 11166 3268 2186 7098 4068 5713 3104 2001 20905 1868 2322 6539 1236
internal_count=47986 41614 20709 6372 14170 11166 3268 2186 7098 4068 5713 3104 2001 20905 1868 2322 6539 1236
cat_boundaries=0 1 2 3 4 5 6 7 8
cat_threshold=668 653 2097152 2113704 16 573568 49376 823298
is_linear=0
shrinkage=0.023


Tree=4
num_leaves=19
num_cat=7
split_feature=2 7 3 7 2 1 2 1 7 2 2 2 1 3 2 4 1 3
split_gain=163.386 58.5992 56.6863 25.355 16.3595 13.2278 12.4564 10.3463 8.77722 5.82389 4.82265 4.64719 3.91095 3.90381 3.21553 3.17981 2.82913 2.65691
threshold=1130.0683062939208 0 14.785000000000002 1 203.72011375862544 2 2134.9260008375013 3 4 1645.1738329028296 578.62996211279039 211.26002073704612 5 15.405000000000003 489.92624419931326 24.895000000000003 6 20.805000000000003
decision_type=2 1 2 1 2 9 2 9 1 2 2 2 9 2 2 2 9 2
left_child=1 2 11 6 -4 8 7 -2 -6 -5 -7 -1 -11 -3 -10 -8 -12 -14
right_child=3 13 4 9 5 10 15 -9 14 12 16 -13 17 -15 -16 -17 -18 -19
leaf_value=-0.22841122663677293 0.2578414238004999 -0.19422068867131398 -0.10184540413610015 0.054134101767883316 0.039178190509484602 -0.020053384541078731 0.22483211418181967 0.051567399215397824 0.14567079434161592 0.20907551178487196 0.12149614020862805 -0.063850282430642918 -0.014158369036955 -0.098049359849252102 0.18729772334553565 0.38168142984944609 -0.03047217160454908 0.14684163096304501
leaf_weight=4361 1769 9633 1500 1302 1462 2121 89 515 2572 416 1647 3118 232 11234 3286 968 459 1261
leaf_count=4361 1769 9633 1500 1302 1462 2121 89 515 2572 416 1647 3118 232 11234 3286 968 459 1261
internal_value=-8.27512e-05 -0.000616935 0.000255801 0.00329192 0.00117105 0.00146459 0.00469372 0.00375174 0.00205519 0.00181288 0.000435875 -0.00134047 0.00262741 -0.00147482 0.00245434 0.00677238 0.00121649 0.00203037
internal_weight=47945 41393 20526 6552 13047 11547 3341 2284 7320 3211 4227 7479 1909 20867 5858 1057 2106 1493
internal_count=47945 41393 20526 6552 13047 11547 3341 2284 7320 3211 4227 7479 1909 20867 5858 1057 2106 1493
cat_boundaries=0 1 2 3 4 5 6 7
cat_threshold=668 653 2097152 2113672 16 573664 573568
is_linear=0
shrinkage=0.023


Tree=5
num_leaves=19
num_cat=5
split_feature=0 0 2 0 2 2 0 2 4 4 2 2 2 2 2 0 2 4
split_gain=221.292 54.3661 15.2901 13.5003 7.50626 6.14507 4.42724 4.20276 2.89555 2.72212 2.44682 2.01566 1.58538 1.46494 1.41885 1.78905 1.40508 1.32278
threshold=0 1 203.72011375862544 2 438.59450006655169 178.7298789178214 3 2002.5078124158092 139.90500000000003 912.00000000000011 438.59450006655169 2361.7284817799168 541.18913244519524 325.6381307556158 855.95601151484618 4 2002.5078124158092 48.020000000000003
decision_type=9 9 2 9 2 2 9 2 2 2 2 2 2 2 2 9 2 2
left_child=5 6 -3 7 8 -1 -2 10 -5 11 -4 12 -6 -10 15 -12 -8 -14
right_child=1 2 3 4 9 -7 16 -9 13 -11 14 -13 17 -15 -16 -17 -18 -19
leaf_value=-0.22315776842412716 0.32984264029207949 -0.21109116298743447 -0.03587551938722764 0.078070129242917286 0.27885405414333397 -0.090603516056610003 0.22364344494773608 0.32227869588974928 0.38133435464665438 0.43224455613663282 0.057300489606436411 0.26027237657898411 0.11060555881656221 0.16336705356928877 0.076307954571680714 0.005052771427280678 0.26493911231262929 0.17924457083473611
leaf_weight=10643 813 789 648 2198 688 18131 317 64 216 91 1982 248 1156 615 2670 1779 789 4184
leaf_count=10643 813 789 648 2198 688 18131 317 64 216 91 1982 248 1156 615 2670 1779 789 4184
internal_value=-8.91341e-05 0.00181936 0.00141039 0.00156043 0.00213318 -0.00136589 0.00548527 0.000802869 0.00119281 0.00258384 0.000750831 0.00252639 0.00244261 0.0023492 0.000886565 0.000598662 0.00439716 0.00230852
internal_weight=48021 19247 17328 16539 9396 28774 1919 7143 3029 6367 7079 6276 6028 831 6431 3761 1106 5340
internal_count=48021 19247 17328 16539 9396 28774 1919 7143 3029 6367 7079 6276 6028 831 6431 3761 1106 5340
cat_boundaries=0 1 2 3 4 5
cat_threshold=33686592 16801839 12589440 8206 8390912
is_linear=0
shrinkage=0.023


Tree=6
num_leaves=19
num_cat=12
split_feature=0 7 0 0 1 7 7 0 0 3 7 3 3 0 3 3 3 0
split_gain=198.974 90.322 46.1182 30.3569 18.6923 10.7932 9.8898 8.59865 6.54856 6.29782 5.46985 5.22034 4.09431 3.83013 3.10926 3.0331 2.50044 2.2928
threshold=0 1 2 3 4 5 6 7 8 16.245000000000001 9 34.695000000000007 14.785000000000002 10 10.965000000000002 50.855000000000011 15.155000000000003 11
decision_type=9 1 9 9 9 1 1 9 9 2 1 2 2 9 2 2 2 9
left_child=5 3 10 11 6 7 15 14 -8 -6 -3 -2 -10 -12 -1 -5 -4 -11
right_child=1 2 16 4 9 -7 8 -9 12 17 13 -13 -14 -15 -16 -17 -18 -19
leaf_value=-0.26402513975037228 0.31422469502157041 0.26978618478714567 -0.10881889284850454 0.11147290751180602 -0.06881668579644705 -0.17412615315811875 0.16961057209061653 -0.0036445741928683652 0.23705284324887976 0.0710140121516456 0.21593651434287778 0.46025634776872082 0.31955949457706645 0.11584368213704437 -0.09075250016721495 0.36875254989088657 -0.04324600256981468 0.20448681568992286
leaf_weight=2424 534 550 1416 1067 610 14430 1382 4673 276 779 304 343 2964 1523 7256 84 5912 1300
leaf_count=2424 534 550 1416 1067 610 14430 1382 4673 276 779 304 343 2964 1523 7256 84 5912 1300
internal_value=-0.000113348 0.00170995 0.000155065 0.00332384 0.00289339 -0.00131986 0.00363381 -0.000871595 0.00411518 0.00129604 0.00293182 0.00739602 0.00469876 0.00229472 -0.00126272 0.00168159 -0.000748465 0.00190374
internal_weight=47827 19044 9705 9339 8462 28783 5773 14353 4622 2689 2377 877 3240 1827 9680 1151 7328 2079
internal_count=47827 19044 9705 9339 8462 28783 5773 14353 4622 2689 2377 877 3240 1827 9680 1151 7328 2079
cat_boundaries=0 1 2 3 4 5 6 7 8 9 10 11 12
cat_threshold=33686592 668 17358903 8750 2097152 668 16 33554432 9472384 1 8198 10029456
is_linear=0
shrinkage=0.023


Tree=7
num_leaves=19
num_cat=6
split_feature=0 0 0 3 0 3 3 5 3 3 0 3 3 4 4 4 0 3
split_gain=198.297 47.5831 14.0458 11.9353 7.98022 6.18904 5.98423 4.18504 2.45749 2.44445 2.38599 2.12616 1.47216 1.79747 1.47018 1.35189 1.27375 1.252
threshold=0 1 2 14.015000000000002 3 18.225000000000005 10.075000000000001 1.5000000000000002 56.365000000000009 34.385000000000012 4 21.925000000000004 25.475000000000005 119.82000000000002 69.920000000000016 240.09500000000003 5 63.210000000000008
decision_type=9 9 9 2 9 2 2 2 2 2 9 2 2 2 2 2 9 2
left_child=6 3 9 -2 5 15 -1 8 -7 12 -8 -4 14 -14 -3 16 -5 -10
right_child=1 2 11 4 -6 7 10 -9 17 -11 -12 -13 13 -15 -16 -17 -18 -19
leaf_value=-0.26952061247693632 -0.15675907046960086 0.2620166812213639 0.13744027443221263 0.15936357498839987 0.048162002152648549 0.17493221052263447 -0.132432327683462 0.06619012725645558 0.3603548069477498 0.4504575907448059 -0.064505227727925676 0.26518840647300779 0.23421732625756755 0.23255799906207844 0.37906570744075546 0.27439166500516865 0.082307875829463778 0.29097155848686368
leaf_weight=4789 692 135 345 503 6906 3857 15084 960 93 302 8985 1563 159 103 107 149 3177 224
leaf_count=4789 692 135 345 503 6906 3857 15084 960 93 302 8985 1563 159 103 107 149 3177 224
internal_value=-0.000120082 0.00168577 0.00450507 0.00122126 0.00135094 0.00180371 -0.00132639 0.00232768 0.0026426 0.00708412 -0.00117909 0.00338366 0.00618539 0.00498208 0.00748245 0.00110579 0.00101869 0.00458956
internal_weight=48133 19275 2714 16561 15869 8963 28858 5134 4174 806 24069 1908 504 262 242 3829 3680 317
internal_count=48133 19275 2714 16561 15869 8963 28858 5134 4174 806 24069 1908 504 262 242 3829 3680 317
cat_boundaries=0 1 2 3 4 5 6
cat_threshold=33686592 80058768 8206 364560 33554432 16
is_linear=0
shrinkage=0.023


Tree=8
num_leaves=19
num_cat=5
split_feature=2 7 3 7 2 2 7 2 2 2 3 7 5 3 2 2 3 7
split_gain=127.245 51.7332 49.6302 19.6495 14.4817 12.7415 6.4588 5.07905 4.66693 4.29608 3.7138 3.2436 3.15507 2.07825 1.8125 1.75394 1.55693 1.53619
threshold=1002.2101072277674 0 15.045000000000002 1 203.72011375862544 2134.9260008375013 2 1645.1738329028296 87.705537434866685 489.92624419931326 15.155000000000003 3 1.5000000000000002 14.095000000000001 2361.7284817799168 1645.1738329028296 20.665000000000003 4
decision_type=2 1 2 1 2 2 1 2 2 2 2 1 2 2 2 2 2 1
left_child=1 2 8 5 -4 11 9 -5 -1 12 -3 -2 -6 -10 17 -13 -17 -7
right_child=3 10 4 7 6 14 -8 -9 13 -11 -12 15 -14 -15 -16 16 -18 -19
leaf_value=-0.2437082352091339 0.21765144082113932 -0.19377830809876243 -0.092376528939618646 0.0018050448096118897 0.13660327351039753 0.34989619633079316 0.047054276103137657 0.11138506839300968 -0.1057082352091339 0.16046876438681676 -0.096594005989038279 0.082221814603223795 -0.051710954061581549 -0.0093750010088006729 0.31586094151268951 -0.043301486473770828 0.22728920197296687 0.17567184409497405
leaf_weight=3061 1725 8925 1498 1496 2437 412 4333 1566 3133 3712 11268 1216 435 1606 594 67 529 256
leaf_count=3061 1725 8925 1498 1496 2437 412 4333 1566 3133 3712 11268 1216 435 1606 594 67 529 256
internal_value=-0.000140995 -0.000661856 0.000160912 0.00253634 0.0010643 0.00345343 0.00135528 0.00108404 -0.00127676 0.00180883 -0.00148486 0.00275242 0.00114351 -0.000824546 0.00544469 0.00202961 0.00306296 0.00461914
internal_weight=48269 40408 20215 7861 12415 4799 10917 3062 7800 6584 20193 3537 2872 4739 1262 1812 596 668
internal_count=48269 40408 20215 7861 12415 4799 10917 3062 7800 6584 20193 3537 2872 4739 1262 1812 596 668
cat_boundaries=0 1 2 3 4 5
cat_threshold=668 669 140 140 137
is_linear=0
shrinkage=0.023


Tree=9
num_leaves=19
num_cat=3
split_feature=2 2 2 3 1 2 1 2 2 1 3 3 2 3 3 3 2 3
split_gain=123.497 36.7389 16.5865 7.35901 7.83984 6.31619 5.79821 3.52626 3.04056 2.56077 2.46337 1.83845 1.87512 1.80014 2.11629 1.3357 1.22264 1.63854
threshold=1002.2101072277674 310.86100306969195 1645.1738329028296 14.095000000000001 0 2387.0539802209737 1 133.94148556889363 610.61726476764773 2 37.980000000000011 47.565000000000005 336.17005909186361 59.430000000000007 24.185000000000006 31.025000000000002 509.25607330056141 14.685
decision_type=2 2 2 2 9 2 9 2 2 9 2 2 2 2 2 2 2 2
left_child=1 7 6 -3 11 10 -2 -1 -6 -10 -4 16 -13 14 -7 -9 -5 -18
right_child=2 3 5 4 8 13 -8 15 9 -11 -12 12 -14 -15 -16 -17 17 -19
leaf_value=-0.21529934175676818 0.13574265334935781 -0.1217333845265802 0.18798742532972182 0.00084701428663248673 -0.085756374667387975 0.29694819215866292 0.024880148423657048 -0.11344154299724192 -0.10742479624789751 0.020155386737259796 0.25555869897837574 0.28284021498564121 0.10431662619916166 0.35616524722998533 0.26641549673096443 -0.017863117157310034 -0.039071043033545846 0.039404495610851804
leaf_weight=9897 2242 2251 2199 6161 4443 119 1614 5430 737 2637 965 61 824 112 497 630 485 6638
leaf_count=9897 2242 2251 2199 6161 4443 119 1614 5430 737 2637 965 61 824 112 497 630 485 6638
internal_value=-0.000179521 -0.000692045 0.00247923 -0.000127825 4.17896e-07 0.00353844 0.00140998 -0.00154902 -0.000583873 -6.40746e-05 0.00309359 0.000322958 0.00133808 0.00547032 0.00497907 -0.00111201 0.000255551 0.00046076
internal_weight=47942 40194 7748 24237 21986 3892 3856 15957 7817 3374 3164 14169 885 728 616 6060 13284 7123
internal_count=47942 40194 7748 24237 21986 3892 3856 15957 7817 3374 3164 14169 885 728 616 6060 13284 7123
cat_boundaries=0 1 2 3
cat_threshold=2097152 2621536 262456
is_linear=0
shrinkage=0.023


Tree=10
num_leaves=19
num_cat=7
split_feature=2 7 2 7 3 1 2 1 2 7 3 2 2 1 4 2 1 2
split_gain=119.83 54.7553 49.6498 19.4277 15.3727 11.5342 7.29565 8.09806 5.49268 5.46468 4.04818 3.6763 3.02193 2.65773 2.31704 2.18625 2.13204 1.99495
threshold=1187.7516038783717 0 283.93299475599378 1 14.685 2 2134.9260008375013 3 627.20003777922909 4 15.405000000000003 146.82801526480685 1645.1738329028296 5 164.99500000000003 2553.3564811473275 6 493.00337402950191
decision_type=2 1 2 1 2 9 2 9 2 1 2 2 2 9 2 2 9 2
left_child=1 2 11 6 -4 9 7 -2 -7 -6 -3 -1 -5 -10 15 -8 -14 -11
right_child=3 10 4 12 5 8 14 -9 13 17 -12 -13 16 -15 -16 -17 -18 -19
leaf_value=-0.19354270410063251 0.22824511432660796 -0.17883969241525921 -0.049933436770949094 0.042579890435667019 0.063954725897584441 -0.023038648403374325 0.28861115825880956 0.019083338675215531 0.1450531107758882 0.13344191689106585 -0.094391825179882871 -0.049665880029838794 0.21628775663302144 -0.057128077114394112 0.39465251235635274 0.28146062039018777 0.097345981974692145 0.18284572631194954
leaf_weight=5108 1710 9600 2651 1087 1368 2070 651 399 1729 2222 11370 1900 150 394 333 111 1821 3384
leaf_count=5108 1710 9600 2651 1087 1368 2070 651 399 1729 2222 11370 1900 150 394 333 111 1821 3384
internal_value=-0.000198518 -0.000643068 0.00019251 0.00276857 0.000992356 0.00136613 0.00401864 0.00323973 0.000408758 0.00193834 -0.00147229 -0.00138429 0.00144077 0.00123167 0.00555459 0.00485214 0.00198238 0.00225814
internal_weight=48058 41796 20826 6262 13818 11167 3204 2109 4193 6974 20970 7008 3058 2123 1095 762 1971 5606
internal_count=48058 41796 20826 6262 13818 11167 3204 2109 4193 6974 20970 7008 3058 2123 1095 762 1971 5606
cat_boundaries=0 1 2 3 4 5 6 7
cat_threshold=668 653 2097152 2113768 16 573602 224
is_linear=0
shrinkage=0.023


Tree=11
num_leaves=19
num_cat=0
split_feature=2 2 3 2 3 5 3 2 3 2 3 2 3 5 4 3 2 3
split_gain=101.714 38.2463 9.41122 6.37257 3.54213 2.81021 3.91492 2.55412 1.82537 1.64534 1.46739 1.30872 1.2938 1.22003 1.39541 1.04309 1.03528 0.958319
threshold=1158.2162411397831 297.05995327865264 14.685 1645.1738329028296 12.765000000000002 1.5000000000000002 35.935000000000009 2470.7197511026416 31.025000000000002 90.768138215006061 129.79500000000004 578.62996211279039 17.745000000000001 1.5000000000000002 159.05000000000004 59.430000000000007 960.21347493997598 17.275000000000002
decision_type=2 2 2 2 2 2 2 2 2 2 2 2 2 2 2 2 2 2
left_child=1 4 -3 -2 -1 6 12 8 17 -6 -8 -7 16 -10 -15 -9 -4 -5
right_child=3 2 5 7 9 11 10 15 13 -11 -12 -13 -14 14 -16 -17 -18 -19
leaf_value=-0.21940017867628434 0.10533925206775796 -0.094784967725217259 -0.0091128515054375615 0.19972106417596372 -0.16609122190631795 -0.079751875387530785 0.11618526623947761 0.2039912356437146 0.21608360695990367 -0.076414247070070301 0.2623945652269562 0.0030584191333131289 0.030400259489586728 0.033228000442464579 0.19177775459848367 0.31784253468448409 0.087446341855268811 0.14209475960772092
leaf_weight=7924 2426 4864 8850 77 2469 1588 1448 478 1333 4593 61 1163 8063 132 140 88 474 1700
leaf_count=7924 2426 4864 8850 77 2469 1588 1448 478 1333 4593 61 1163 8063 132 140 88 474 1700
internal_value=-0.0001807 -0.000596212 -7.1227e-05 0.00252436 -0.00152492 0.000134192 0.000234184 0.00309446 0.00285475 -0.00115029 0.00135785 -0.000552592 0.000136646 0.00341729 0.00201087 0.0045251 -4.78544e-05 0.0023463
internal_weight=47871 41497 26511 6374 14986 21647 18896 3948 3382 7062 1509 2751 17387 1605 272 566 9324 1777
internal_count=47871 41497 26511 6374 14986 21647 18896 3948 3382 7062 1509 2751 17387 1605 272 566 9324 1777
is_linear=0
shrinkage=0.023


Tree=12
num_leaves=19
num_cat=5
split_feature=2 7 3 7 2 3 7 2 2 2 2 3 2 2 7 7 3 2
split_gain=91.7261 52.2206 47.2143 14.537 13.9213 5.32307 4.75727 4.11919 4.07281 3.57413 2.48094 2.39914 2.23925 2.16947 2.68829 2.11091 1.7826 1.60516
threshold=1158.2162411397831 0 14.095000000000001 1 219.19522484812634 16.075000000000003 2 727.52080947882439 1645.1738329028296 2134.9260008375013 569.04354435651305 10.605000000000002 505.68239621154572 2387.0539802209737 3 4 14.175000000000002 727.52080947882439
decision_type=2 1 2 1 2 2 1 2 2 2 2 2 2 2 1 1 2 2
left_child=1 2 11 9 -4 -6 12 16 -5 -2 -8 -1 -7 -10 -15 -11 -3 -12
right_child=3 7 4 8 5 6 10 -9 13 15 17 -13 -14 14 -16 -17 -18 -19
leaf_value=-0.23487272687505928 0.18433417024620258 -0.19821000511697973 -0.093271123802472669 0.015619596052929475 0.036761620104010247 0.1177739944191683 0.018156422834179852 -0.054127253590118378 0.091959784921172141 0.4192551649142881 0.22457795282561738 -0.099224180031857873 0.17410982620402793 0.015399752124308476 0.18222605254953061 0.26300338675340895 -0.11048951999108628 0.070659659613842421
leaf_weight=2465 2159 6782 1792 1215 4071 2348 1760 3805 1601 258 583 3548 3086 128 199 810 10407 1087
leaf_count=2465 2159 6782 1792 1215 4071 2348 1760 3805 1601 258 583 3548 3086 128 199 810 10407 1087
internal_value=-0.000205787 -0.000598172 0.000220575 0.00236491 0.000921891 0.0011851 0.00150129 -0.00140644 0.00123781 0.00344799 0.000822331 -0.00149669 0.00192476 0.00189895 0.00360583 0.00454738 -0.00155869 0.00145969
internal_weight=48104 41734 20740 6370 14727 12935 8864 20994 3143 3227 3430 6013 5434 1928 327 1068 17189 1670
internal_count=48104 41734 20740 6370 14727 12935 8864 20994 3143 3227 3430 6013 5434 1928 327 1068 17189 1670
cat_boundaries=0 1 2 3 4 5
cat_threshold=668 653 140 2146 128
is_linear=0
shrinkage=0.023


Tree=13
num_leaves=19
num_cat=13
split_feature=0 7 0 0 1 7 2 2 7 1 7 2 2 0 1 7 0 2
split_gain=155.876 83.2152 28.3871 19.1057 16.9973 10.6907 9.11782 8.84174 7.66332 5.07756 5.00153 4.60483 3.26202 2.94483 2.16799 1.88199 1.79276 1.59044
threshold=0 1 2 3 4 5 146.82801526480685 1902.4841271627406 6 7 8 388.79686210529559 138.21470020969994 9 10 11 12 873.15105065717523
decision_type=9 1 9 9 9 1 2 2 1 9 1 2 2 9 9 1 9 2
left_child=5 3 15 9 8 6 -1 12 -5 -2 -4 -10 -6 -12 -8 -3 -16 -11
right_child=1 2 10 4 7 -7 14 -9 11 17 13 -13 -14 -15 16 -17 -18 -19
leaf_value=-0.17659732450002558 0.15806048811879858 -0.0059148440520396415 0.2219178488470068 0.16152095387642643 -0.26037832745178952 -0.15937876020921099 0.054180257790370404 0.35247809892335724 0.30304035200062929 -0.023904185534757628 0.16405470366060279 0.35047202544587008 0.079795050601996001 0.074440136721541969 -0.060568405009971335 -0.069149970646361331 -0.011362600303420768 0.11094441889227495
leaf_weight=4755 3380 1628 539 784 212 14368 530 122 845 623 364 2376 714 1439 4903 5629 4198 414
leaf_count=4755 3380 1628 539 784 212 14368 530 122 845 623 364 2376 714 1439 4903 5629 4198 414
internal_value=-0.000178573 0.00143346 -7.63543e-05 0.00296227 0.0039325 -0.0012477 -0.000802975 0.00128669 0.0046198 0.00184583 0.00211987 0.0051314 0.000531407 0.00151835 -0.000396659 -0.00078711 -0.000479881 0.000423884
internal_weight=47823 19069 9599 9470 5053 28754 14386 1048 4005 4417 2342 3221 926 1803 9631 7257 9101 1037
internal_count=47823 19069 9599 9470 5053 28754 14386 1048 4005 4417 2342 3221 926 1803 9631 7257 9101 1037
cat_boundaries=0 1 2 3 4 5 6 7 8 9 10 11 12 13
cat_threshold=33686592 668 81075072 14211456 2637824 668 16 2097904 1 532486 32768 1 33554432
is_linear=0
shrinkage=0.023


Tree=14
num_leaves=19
num_cat=6
split_feature=2 7 3 7 2 1 2 2 1 7 3 5 3 3 2 2 3 7
split_gain=95.447 49.9538 42.4071 17.4124 12.8352 14.0977 7.38925 7.27176 4.74743 4.42215 4.06989 3.44058 5.13379 3.00826 2.97701 2.51306 2.33935 2.15251
threshold=1002.2101072277674 0 14.095000000000001 1 246.6329237706488 2 2361.7284817799168 1519.3943877340305 3 4 15.155000000000003 1.5000000000000002 17.635000000000002 50.855000000000011 578.62996211279039 558.20079738369066 10.965000000000002 5
decision_type=2 1 2 1 2 9 2 2 9 1 2 2 2 2 2 2 2 1
left_child=1 2 16 6 -4 9 8 -5 -2 13 -3 12 -11 -6 -7 -13 -1 -9
right_child=3 10 4 7 5 14 -8 17 -10 11 -12 15 -14 -15 -16 -17 -18 -19
leaf_value=-0.22540891569343227 0.0043286530051397194 -0.17619995531207094 -0.071470889533643375 0.015722333093024041 0.025069995651479132 -0.045908456454221605 0.34998933210520866 0.19505218382531958 0.23523907069657499 0.11278180763182367 -0.086943178426864942 -0.033633987069671217 0.2098436761926076 0.42508545691145122 0.057706970259461803 0.13513045022794157 -0.10230948003081572 0.081408529509458399
leaf_weight=2662 264 8796 2070 2086 1589 1987 369 1152 2385 3465 11457 493 2508 74 1709 309 3266 1425
leaf_count=2662 264 8796 2070 2086 1589 1987 369 1152 2385 3465 11457 493 2508 74 1709 309 3266 1425
internal_value=-0.000161544 -0.000608528 0.000203026 0.00218855 0.000885074 0.00117064 0.00354849 0.00129784 0.003135 0.00168847 -0.00141463 0.00195078 0.00214358 0.000614443 -1.61356e-05 0.000539004 -0.00143085 0.00211775
internal_weight=48066 40385 20132 7681 14204 12134 3018 4663 2649 8438 20253 6775 5973 1663 3696 802 5928 2577
internal_count=48066 40385 20132 7681 14204 12134 3018 4663 2649 8438 20253 6775 5973 1663 3696 802 5928 2577
cat_boundaries=0 1 2 3 4 5 6
cat_threshold=668 652 2129920 266770 16 49
is_linear=0
shrinkage=0.023


Tree=15
num_leaves=19
num_cat=4
split_feature=0 0 2 0 0 2 3 3 2 5 4 4 2 4 2 3 3 4
split_gain=145.952 27.3045 10.0915 8.85798 6.08252 5.76998 4.17815 2.11816 2.05404 2.02462 1.96109 1.88459 1.71879 1.55695 1.45419 1.41821 1.3817 1.31817
threshold=0 1 203.72011375862544 2 3 171.07014940022728 16.075000000000003 35.675000000000004 1849.8037329334722 1.5000000000000002 49.045000000000009 48.020000000000003 422.64157496000263 149.90500000000003 1050.3171693524312 25.045000000000005 50.855000000000011 240.09500000000003
decision_type=9 9 2 9 9 2 2 2 2 2 2 2 2 2 2 2 2 2
left_child=5 4 -3 12 8 -1 14 -6 -2 11 -9 -8 -4 -12 -5 -10 -13 -18
right_child=1 2 3 6 7 -7 9 10 15 -11 13 16 -14 -15 -16 -17 17 -19
leaf_value=-0.1794828894534751 0.14703190226649393 -0.17554137550451565 -0.062391577528370622 0.049038930332118279 0.19706999682893192 -0.083975424911495206 0.080797497258804155 0.36308640814416748 0.37101682093633187 0.062254599020854909 0.16127269002758182 0.17014463639490229 0.034470470156025904 0.24025996702595415 0.13715495185190466 0.31499513605932894 0.31582882178661342 0.17733996261790461
leaf_weight=10583 66 787 520 1770 1214 18388 1139 73 69 911 303 4581 6613 384 97 144 204 223
leaf_count=10583 66 787 520 1770 1214 18388 1139 73 69 911 303 4581 6613 384 97 144 204 223
internal_value=-0.000238713 0.00132187 0.00100227 0.0011275 0.00369611 -0.00126749 0.00161009 0.0032062 0.00692656 0.00186784 0.00417511 0.00201781 0.000520647 0.00379194 0.000644219 0.00827361 0.00220989 0.00346168
internal_weight=48069 19098 16845 16058 2253 28971 8925 1974 279 7058 760 6147 7133 687 1867 213 5008 427
internal_count=48069 19098 16845 16058 2253 28971 8925 1974 279 7058 760 6147 7133 687 1867 213 5008 427
cat_boundaries=0 1 2 3 4
cat_threshold=33686592 16802350 12589440 6
is_linear=0
shrinkage=0.023


Tree=16
num_leaves=19
num_cat=5
split_feature=2 7 2 7 3 1 1 7 2 5 3 2 5 3 3 2 2 2
split_gain=81.079 46.5166 38.7404 15.8843 11.1036 12.9842 6.09723 5.49615 4.87192 4.09235 4.04759 3.70659 3.65274 3.18948 3.01369 2.71626 2.62429 2.46107
threshold=1002.2101072277674 0 203.72011375862544 1 15.045000000000002 2 3 4 1519.3943877340305 1.5000000000000002 36.32500000000001 2002.5078124158092 1.5000000000000002 18.075000000000003 53.320000000000007 297.05995327865264 474.27523956213275 578.62996211279039
decision_type=2 1 2 1 2 9 9 1 2 2 2 2 2 2 2 2 2 2
left_child=1 2 -1 6 -4 7 -2 14 -5 13 11 -8 -12 16 -6 -3 -9 -7
right_child=3 15 4 8 5 17 10 9 -10 -11 12 -13 -14 -15 -16 -17 -18 -19
leaf_value=-0.14392240417505348 0.018080198405561975 -0.18180475808486976 -0.037873733973934266 0.00027462716346820403 0.012323056920572355 -0.030075070548819905 0.1462298450749776 0.088235052512553605 0.089446546239627348 0.031742093157041532 0.30848709896768178 0.27781366917019396 0.19675633273647922 0.20458531767931956 0.35269508733042532 -0.097817922567523446 0.15806090658737115 0.049746392475592149
leaf_weight=5772 361 7629 3298 1771 1297 2073 1648 1166 2199 798 636 843 254 1949 68 12585 1743 1815
leaf_count=5772 361 7629 3298 1771 1297 2073 1648 1166 2199 798 636 843 254 1949 68 12585 1743 1815
internal_value=-0.000231176 -0.000645654 0.000141641 0.00192894 0.000787268 0.00114081 0.00300233 0.0017301 0.000907236 0.00204743 0.00330904 0.00284266 0.00465054 0.00230179 0.000409752 -0.00142316 0.00181915 7.1981e-05
internal_weight=47905 40193 19979 7712 14207 10909 3742 7021 3970 5656 3381 2491 890 4858 1365 20214 2909 3888
internal_count=47905 40193 19979 7712 14207 10909 3742 7021 3970 5656 3381 2491 890 4858 1365 20214 2909 3888
cat_boundaries=0 1 2 3 4 5
cat_threshold=668 668 2097152 266758 16
is_linear=0
shrinkage=0.023


Tree=17
num_leaves=19
num_cat=9
split_feature=0 0 0 2 2 0 1 1 1 2 2 2 0 1 2 4 2 2
split_gain=134.288 22.5518 8.93415 8.34716 7.03097 4.59998 3.29016 3.22515 2.98418 2.62603 1.98227 2.64063 1.87147 1.87138 1.75727 1.48945 1.35965 1.12313
threshold=0 1 2 203.72011375862544 164.94920167760708 3 4 5 6 430.00060936378378 1784.3110219537514 2167.7732156647394 7 8 960.21347493997598 169.92000000000004 545.30265367431014 451.24827217382114
decision_type=9 9 9 2 2 9 9 9 9 2 2 2 9 9 2 2 2 2
left_child=4 3 13 -2 -1 6 9 -7 14 -5 -4 15 -10 -3 -6 -12 -11 -9
right_child=1 2 10 5 8 7 -8 17 12 16 11 -13 -14 -15 -16 -17 -18 -19
leaf_value=-0.17731335117723063 -0.18064981665900628 0.14796090296171072 0.18904525464067826 0.094650070955375878 -0.004429947734270156 -0.037441851914526571 0.0030044192862600525 -0.030211858790040024 -0.00038363081665662588 0.25128262344019414 0.31399256566677486 0.21295262037927382 -0.08377403531650153 0.026643666672628255 0.16724079608036271 0.29544296816357651 0.14315692173995193 0.05314232267384629
leaf_weight=10296 731 2912 231 2408 1038 1085 893 354 912 775 164 530 17514 318 85 61 2641 5126
leaf_count=10296 731 2912 231 2408 1038 1085 893 354 912 775 164 530 17514 318 85 61 2641 5126
internal_value=-0.00026237 0.00129267 0.00276682 0.000847458 -0.0012122 0.00097976 0.00140279 0.000543936 -0.000956392 0.00160292 0.00469595 0.00531434 -0.00102623 0.00216498 0.000196872 0.00740387 0.00201574 0.000770825
internal_weight=48074 18229 4216 14013 29845 13282 6717 6565 19549 5824 986 755 18426 3230 1123 225 3416 5480
internal_count=48074 18229 4216 14013 29845 13282 6717 6565 19549 5824 986 755 18426 3230 1123 225 3416 5480
cat_boundaries=0 1 2 3 4 5 6 7 8 9
cat_threshold=33686848 81107072 541233 1343488 2900544 803368 32832 256 2900096
is_linear=0
shrinkage=0.023


Tree=18
num_leaves=19
num_cat=10
split_feature=0 7 0 0 2 7 2 0 7 3 2 2 2 7 0 3 7 5
split_gain=124.984 70.3559 22.4099 13.7501 13.6436 9.51964 8.27696 6.15626 5.87337 4.47565 4.07092 3.65559 2.10293 2.02505 1.80969 1.7574 2.31623 1.74564
threshold=0 1 2 3 203.72011375862544 4 146.82801526480685 5 6 16.075000000000003 438.59450006655169 1002.2101072277674 2553.3564811473275 7 8 17.665000000000003 9 1.5000000000000002
decision_type=9 1 9 9 2 1 2 9 1 2 2 2 2 1 9 2 1 2
left_child=5 3 -3 4 -2 6 -1 13 9 -6 -5 -10 14 -4 -12 16 -8 -17
right_child=1 2 7 10 8 -7 15 -9 11 -11 12 -13 -14 -15 -16 17 -18 -19
leaf_value=-0.15866593916528379 -0.18787719609671311 -0.058292613466401424 0.14389457014553009 -0.023149734364625706 0.26322261322388418 -0.14568305554978322 0.0094998624886874806 0.20407819852854162 0.17638826751931885 0.35755715182354081 0.15570728480706431 0.24845482987683765 0.30008669788158432 0.040287735422254035 0.090233211637720148 0.014570507436262687 -0.068432867678377723 -0.063268796594351098
leaf_weight=4835 238 7367 399 466 565 14583 1387 597 1098 1716 3099 403 84 1355 1810 2844 4525 927
leaf_count=4835 238 7367 399 466 565 14583 1387 597 1098 1716 3099 403 84 1355 1810 2844 4525 927
internal_value=-0.000262772 0.00117747 -0.000198125 0.00258644 0.00361246 -0.00121284 -0.000794413 0.00175236 0.00395757 0.00470697 0.00182554 0.00276842 0.00202076 0.00105078 0.00195882 -0.00040688 -0.00065434 -1.89069e-05
internal_weight=48298 19197 9718 9479 4020 29101 14518 2351 3782 2281 5459 1501 4993 1754 4909 9683 5912 3771
internal_count=48298 19197 9718 9479 4020 29101 14518 2351 3782 2281 5459 1501 4993 1754 4909 9683 5912 3771
cat_boundaries=0 1 2 3 4 5 6 7 8 9 10
cat_threshold=33686592 668 81075072 270894 668 557113 140 1 29427728 8
is_linear=0
shrinkage=0.023


Tree=19
num_leaves=19
num_cat=2
split_feature=3 5 3 1 1 3 3 3 3 4 3 4 6 3 3 3 4 3
split_gain=57.0648 11.5894 17.4807 7.5626 6.91388 4.17137 3.53105 3.31658 2.95517 2.22019 3.45321 1.9282 1.64329 1.64021 1.61117 1.54602 1.50488 1.59859
threshold=14.785000000000002 1.5000000000000002 20.405000000000005 0 1 13.445000000000002 28.895000000000003 37.980000000000011 27.135000000000002 240.09500000000003 110.02000000000002 199.92000000000004 1.5000000000000002 18.175000000000004 164.90000000000003 10.075000000000001 549.05000000000007 59.430000000000007
decision_type=2 2 2 9 9 2 2 2 2 2 2 2 2 2 2 2 2 2
left_child=5 2 3 13 7 15 -3 11 -6 -9 -11 -4 14 -2 -8 -1 17 -10
right_child=1 6 4 -5 8 -7 12 9 16 10 -12 -13 -14 -15 -16 -17 -18 -19
leaf_value=-0.20933830074394658 0.014420372097791951 -0.16123596394025141 0.11076133276010826 -0.059578086380478526 -0.016106937457119348 -0.072325889372701457 -0.019028412053790286 0.19715068873515548 0.049229775181020168 0.088693435889569766 0.24057595079531471 0.051026997379363767 -0.12602383851507815 0.071587487790595178 0.21546221206199653 -0.12496502232029555 0.20633210446060862 0.13825501841423485
leaf_weight=5276 9602 1415 3980 4622 1732 4119 2858 985 1737 600 76 1269 474 2793 75 5951 342 287
leaf_count=5276 9602 1415 3980 4622 1732 4119 2858 985 1737 600 76 1269 474 2793 75 5951 342 287
internal_value=-0.000215859 0.000325108 0.000504313 4.23037e-05 0.00121851 -0.00137375 -0.000716393 0.0016618 0.000465797 0.00255999 0.00154417 0.00138064 -0.000315243 0.000338365 -0.00011213 -0.00160343 0.000995342 0.000756735
internal_weight=48193 32847 28025 17017 11008 15346 4822 6910 4098 1661 676 5249 3407 12395 2933 11227 2366 2024
internal_count=48193 32847 28025 17017 11008 15346 4822 6910 4098 1661 676 5249 3407 12395 2933 11227 2366 2024
cat_boundaries=0 1 2
cat_threshold=2129984 2261056
is_linear=0
shrinkage=0.023


Tree=20
num_leaves=19
num_cat=18
split_feature=0 7 0 0 1 7 7 1 0 0 1 0 0 7 0 1 0 7
split_gain=119.529 62.028 19.3695 15.4532 9.57441 9.23285 7.06567 6.03944 5.32777 4.4025 2.74617 2.64706 2.63749 2.53767 2.33105 2.23437 2.0227 1.91746
threshold=0 1 2 3 4 5 6 7 8 9 10 11 12 13 14 15 16 17
decision_type=9 1 9 9 9 1 1 9 9 9 9 9 9 1 9 9 9 1
left_child=5 3 12 4 8 9 -6 11 15 10 -1 -5 17 16 -8 -2 -4 -3
right_child=1 2 13 7 6 -7 14 -9 -10 -11 -12 -13 -14 -15 -16 -17 -18 -19
leaf_value=0.046804567051149971 -0.20889100761749776 0.08820536718470455 0.19271854064751648 0.079216624192448112 0.32928213715678506 -0.14417186962171089 0.22081382809631367 0.033660832360411182 0.32986357238498315 -0.011667285781531095 -0.099679063753248476 0.16897002140897935 0.086908527704262398 -0.061772153287890319 0.19352458614304052 0.13419134816222278 -0.0085781854698225857 0.19506082444035966
leaf_weight=335 238 133 137 1241 2047 14329 125 1627 159 4694 9439 2430 1421 6062 1197 365 1550 443
leaf_count=335 238 133 137 1241 2047 14329 125 1627 159 4694 9439 2430 1421 6062 1197 365 1550 443
internal_value=-0.000262352 0.00114429 -0.000142863 0.00247343 0.00353174 -0.00119897 0.00406404 0.00164304 0.00115563 -0.000787625 -0.00106582 0.00216116 0.00187119 -0.000663688 0.0026898 0.000138775 0.000126029 0.00319368
internal_weight=47972 19175 9746 9429 4131 28797 3369 5298 762 14468 9774 3671 1997 7749 1322 603 1687 576
internal_count=47972 19175 9746 9429 4131 28797 3369 5298 762 14468 9774 3671 1997 7749 1322 603 1687 576
cat_boundaries=0 1 2 3 4 5 6 7 8 9 10 11 12 13 14 15 16 17 18
cat_threshold=33686592 668 17358870 18096686 37018 668 140 2097152 262144 33554432 32768 561536 16801794 1 526 32768 1049120 34
is_linear=0
shrinkage=0.023


Tree=21
num_leaves=19
num_cat=12
split_feature=0 7 0 0 2 7 7 2 2 0 4 7 7 2 2 0 0 7
split_gain=118.006 57.4463 22.6549 11.8677 10.8927 9.45371 8.73305 6.60778 4.59281 3.94208 3.3912 2.82563 2.38988 2.26962 1.90162 1.83407 1.44644 1.42627
threshold=0 1 2 3 203.72011375862544 4 5 178.7298789178214 489.92624419931326 6 189.92000000000004 7 8 704.36879355261283 1645.1738329028296 9 10 11
decision_type=9 1 9 9 2 1 1 2 2 9 2 1 1 2 2 9 9 1
left_child=5 3 11 4 -2 7 10 -1 -5 -4 -6 16 -11 -8 -7 -10 -3 -9
right_child=1 2 9 8 6 14 13 17 15 12 -12 -13 -14 -15 -16 -17 -18 -19
leaf_value=-0.13641042429844985 -0.17748083800358896 0.12668659649037325 0.095882230809925251 -0.014190276854638941 0.29453778342716025 -0.14056660187734957 0.16730110055237638 -0.0072853180899039712 0.091261760534365355 0.33779296697725608 0.3953271801208188 -0.058936401902786539 0.14479603002754296 0.27984338318472962 0.13844962721821741 0.1460137976394742 -0.0082384153222186257 -0.054654883697970155
leaf_weight=5246 245 189 1390 627 1941 14331 947 4320 1635 174 460 5951 534 540 65 2947 1523 4946
leaf_count=5246 245 189 1390 627 1941 14331 947 4320 1635 174 460 5951 534 540 65 2947 1523 4946
internal_value=-0.000281254 0.00112117 -0.000113221 0.00240963 0.00333463 -0.00120797 0.00363909 -0.000792207 0.00167061 0.00199865 0.00450133 -0.000693308 0.00340091 0.00220135 -0.00162623 0.00192645 0.000130877 -0.000423453
internal_weight=48011 19103 9761 9342 4133 28908 3888 14512 5209 2098 2401 7663 708 1487 14396 4582 1712 9266
internal_count=48011 19103 9761 9342 4133 28908 3888 14512 5209 2098 2401 7663 708 1487 14396 4582 1712 9266
cat_boundaries=0 1 2 3 4 5 6 7 8 9 10 11 12
cat_threshold=33686592 668 80026528 287278 668 140 1081369 1 1 84969856 160 136
is_linear=0
shrinkage=0.023


Tree=22
num_leaves=19
num_cat=3
split_feature=2 2 1 1 3 3 3 2 2 2 1 4 6 3 2 2 4 3
split_gain=62.3508 29.6595 5.81931 5.33461 6.15402 4.35247 4.04613 3.2684 2.10792 1.73931 2.82175 1.67693 1.54105 1.53191 1.38717 1.36632 1.34857 1.34194
threshold=1187.7516038783717 310.86100306969195 0 1 14.685 34.385000000000012 10.605000000000002 2553.3564811473275 2553.3564811473275 610.61726476764773 2 159.90500000000003 1.5000000000000002 48.765000000000008 90.768138215006061 351.49471006829532 209.93000000000004 47.565000000000005
decision_type=2 2 9 9 2 2 2 2 2 2 9 2 2 2 2 2 2 2
left_child=1 6 5 4 -3 7 -1 -2 -4 -5 -11 -7 13 -6 -8 -15 17 -13
right_child=2 3 8 9 12 11 14 -9 -10 10 -12 16 -14 15 -16 -17 -18 -19
leaf_value=-0.21781382605884944 0.098641097856405166 -0.07023103824211277 -0.0078424435834115059 -0.082847598487913732 0.019863377348939323 0.1625768761010816 -0.14137291632088989 0.22188802427334295 0.18210808302153914 0.01045280406294781 -0.093617110198463582 0.22976690946064315 -0.13600302949238258 0.21043679023371595 -0.078492776577217274 0.097042478128213469 0.20707630695953003 0.28177243847189354
leaf_weight=5091 3407 3220 851 4258 13379 950 3817 135 97 2805 1121 108 227 93 6911 811 584 124
leaf_count=5091 3407 3220 851 4258 13379 950 3817 135 97 2805 1121 108 227 93 6911 811 584 124
internal_value=-0.000294227 -0.000615215 0.00184699 -0.00013615 8.81607e-05 0.00214162 -0.00139999 0.00168041 0.00017282 -0.000621439 -0.000272986 0.00307844 0.000290071 0.000319962 -0.00114655 0.0012362 0.00384357 0.00532857
internal_weight=47989 41733 6256 25914 17730 5308 15819 3542 948 8184 3926 1766 14510 14283 10728 904 816 232
internal_count=47989 41733 6256 25914 17730 5308 15819 3542 948 8184 3926 1766 14510 14283 10728 904 816 232
cat_boundaries=0 1 2 3
cat_threshold=2638024 2129920 540800
is_linear=0
shrinkage=0.023


Tree=23
num_leaves=19
num_cat=11
split_feature=0 7 0 2 0 7 3 7 3 0 2 7 0 7 0 2 3 3
split_gain=108.873 55.4967 15.3696 11.5305 11.7875 9.8125 9.07665 6.45618 3.58572 3.45392 3.43057 3.06593 2.57627 2.42144 2.12555 2.0668 1.98604 1.92565
threshold=0 1 2 246.6329237706488 3 4 11.815000000000003 5 34.155000000000008 6 370.17341880582495 7 8 9 10 667.20850802710322 20.665000000000003 14.515000000000002
decision_type=9 1 9 2 9 1 2 1 2 9 2 1 9 1 9 2 2 2
left_child=5 3 11 -2 7 6 -1 10 -9 -8 -5 14 -13 -12 -3 -15 -14 -7
right_child=1 2 -4 4 -6 17 9 8 -10 -11 13 12 16 15 -16 -17 -18 -19
leaf_value=-0.1866301080594959 -0.11548853671279381 0.24297736307074011 -0.04348408760552247 0.28459751277085504 0.14481734245445255 -0.16095819509294818 -0.050253004347903384 0.17432311422347932 0.29189105575624019 0.015410681693298444 0.36372779030594177 0.023438489063423676 -0.05744877969955714 0.29970677764110493 0.086217316749308937 0.22705412009099957 0.20994029343137474 -0.090078137864232868
leaf_weight=2355 465 345 6891 659 4490 7851 5505 1204 348 4137 723 1052 73 408 509 627 356 10044
leaf_count=2355 465 345 6891 659 4490 7851 5505 1204 348 4137 723 1052 73 408 509 627 356 10044
internal_value=-0.000237075 0.00116772 -8.36711e-05 0.00246007 0.00265666 -0.00109007 -0.000579827 0.00357263 0.0023674 -0.000267636 0.00433331 0.00152502 0.000877603 0.00488198 0.0026241 0.0039939 0.00236169 -0.00143162
internal_weight=48042 18150 9226 8924 8459 29892 11997 3969 1552 9642 2417 2335 1481 1758 854 1035 429 17895
internal_count=48042 18150 9226 8924 8459 29892 11997 3969 1552 9642 2417 2335 1481 1758 854 1035 429 17895
cat_boundaries=0 1 2 3 4 5 6 7 8 9 10 11
cat_threshold=33686848 668 17358910 352814 652 140 33554432 1025 17309744 128 16801826
is_linear=0
shrinkage=0.023


Tree=24
num_leaves=19
num_cat=4
split_feature=3 5 3 1 1 3 3 3 3 6 4 3 1 3 4 4 1 3
split_gain=49.2873 8.7262 18.5115 6.30967 6.15984 3.8178 3.07171 2.24953 2.08557 2.06926 1.98615 2.70015 1.65361 1.58826 1.49194 1.32777 1.12497 1.03959
threshold=14.095000000000001 1.5000000000000002 21.925000000000004 0 1 28.895000000000003 50.855000000000011 10.075000000000001 15.045000000000002 1.5000000000000002 199.92000000000004 110.02000000000002 2 47.565000000000005 19.920000000000005 129.89500000000004 3 18.585000000000004
decision_type=2 2 2 9 9 2 2 2 2 2 2 2 9 2 2 2 9 2
left_child=7 2 3 8 6 -3 -4 -1 14 -7 15 -12 -6 -14 -2 -8 -5 -10
right_child=1 5 4 16 12 9 10 -9 17 -11 11 -13 13 -15 -16 -17 -18 -19
leaf_value=-0.2053376155741275 0.04473574673360356 -0.16822639474543521 0.096238673277948411 -0.12933502208803785 -0.033161651154389585 -0.010238981600509331 0.11753349840153354 -0.10904874530178685 0.0089532433928594338 -0.14797316802297922 0.071918447308045502 0.28521052929558044 0.029790910296449469 0.13198038873337919 -0.0677797253104684 0.24717735113896935 -0.044379856098883133 0.053692304689161252
leaf_weight=5323 253 1454 4565 794 751 2930 152 7262 9758 425 428 86 2607 622 1886 180 6115 2675
leaf_count=5323 253 1454 4565 794 751 2930 152 7262 9758 425 428 86 2607 622 1886 180 6115 2675
internal_value=-0.000318604 0.000117896 0.000259858 -0.000112531 0.00111164 -0.000793414 0.001616 -0.00155615 0.000158988 -0.000366743 0.00289192 0.00199487 0.000420778 0.000646853 -0.00050425 0.00427849 -0.000684427 0.000273227
internal_weight=48266 35681 30872 21481 9391 4809 5411 12585 14572 3355 846 514 3980 3229 2139 332 6909 12433
internal_count=48266 35681 30872 21481 9391 4809 5411 12585 14572 3355 846 514 3980 3229 2139 332 6909 12433
cat_boundaries=0 1 2 3 4
cat_threshold=2097232 2162752 266774 262666
is_linear=0
shrinkage=0.023


Tree=25
num_leaves=19
num_cat=5
split_feature=2 2 2 3 1 1 5 3 1 4 1 2 1 2 3 3 3 3
split_gain=55.6716 27.2709 7.69221 7.04824 4.90821 3.85579 2.96598 3.30222 1.99738 1.84894 2.07873 1.72954 1.63054 1.68593 1.5292 1.50001 1.17869 1.11204
threshold=1002.2101072277674 171.07014940022728 1645.1738329028296 14.095000000000001 0 1 1.5000000000000002 28.205000000000005 2 791.85000000000014 3 331.19630486038267 4 627.20003777922909 10.605000000000002 28.895000000000003 18.825000000000003 16.075000000000003
decision_type=2 2 2 2 9 9 2 2 9 2 9 2 9 2 2 2 2 2
left_child=1 14 5 -3 6 -2 7 11 -4 10 -10 -5 -6 -14 -1 -8 -12 -13
right_child=2 3 8 4 12 -7 15 -9 9 -11 16 17 13 -15 -16 -17 -18 -19
leaf_value=-0.20120530441415316 0.10373583498331176 -0.088763410778025201 0.041576405769973887 -0.038854430213155329 -0.12490291790240254 -0.0055595628545372349 -0.13419221214634783 0.10253919308284104 0.24806770687825261 0.31281724668944405 0.062196712394783041 -0.004226060175615747 -0.062989335675833064 0.0022662399123750806 -0.11468420360885441 -0.031431955329350121 0.15814412457218344 0.031101873443686891
leaf_weight=4984 1959 4323 339 1927 1020 1792 517 1224 113 86 249 4764 4362 2266 6168 1712 3145 7076
leaf_count=4984 1959 4323 339 1927 1020 1792 517 1224 113 86 249 4764 4362 2266 6168 1712 3145 7076
internal_value=-0.000289547 -0.000631281 0.00150485 -0.000261665 -0.00011265 0.000759672 0.000102784 0.000219241 0.00221564 0.00237263 0.00229723 0.000117445 -0.000597058 -0.000463589 -0.00159875 -0.000679924 0.00217283 0.000221448
internal_weight=48026 40343 7683 29191 24868 3751 17220 14991 3932 3593 3507 13767 7648 6628 11152 2229 3394 11840
internal_count=48026 40343 7683 29191 24868 3751 17220 14991 3932 3593 3507 13767 7648 6628 11152 2229 3394 11840
cat_boundaries=0 1 2 3 4 5
cat_threshold=2129920 2097216 38934 104 262968
is_linear=0
shrinkage=0.023


Tree=26
num_leaves=19
num_cat=5
split_feature=0 0 3 3 0 3 0 3 5 3 6 5 3 3 4 0 4 3
split_gain=96.2163 11.9846 6.13467 5.87791 5.22103 3.60226 2.74531 3.19209 2.05027 1.93733 1.82525 1.75085 2.1134 1.4572 1.30581 1.2727 1.22981 1.08468
threshold=0 1 11.815000000000003 14.015000000000002 2 35.675000000000004 3 16.025000000000002 1.5000000000000002 56.365000000000009 1.5000000000000002 1.5000000000000002 36.605000000000011 25.985000000000003 572.40000000000009 4 102.05500000000002 16.185000000000006
decision_type=9 9 2 2 9 2 9 2 2 2 2 2 2 2 2 9 2 2
left_child=2 3 -1 -2 13 -6 7 -5 -7 -8 16 12 17 -3 -11 -14 -9 -4
right_child=1 4 11 6 5 8 9 10 -10 14 -12 -13 15 -15 -16 -17 -18 -19
leaf_value=-0.17991229133613554 -0.12894857071046559 0.26338571708806474 -0.088606653318277717 0.015797430461342077 0.10150464881784506 0.21502811035874467 0.021851043801167622 0.089418104397211789 0.084649341455231439 0.14434477369992413 -0.17243216722805008 -0.11918929757242075 0.080363563128847654 0.17041451956686715 -0.032497593933975999 -0.038691229964572041 0.16454052041813 -0.052398601807731725
leaf_weight=6073 639 102 10856 1707 3299 1041 6878 2158 346 314 81 2880 427 174 81 763 2450 7826
leaf_count=6073 639 102 10856 1707 3299 1041 6878 2158 346 314 81 2880 427 174 81 763 2450 7826
internal_value=-0.000271389 0.000986555 -0.0011123 0.000647678 0.00196037 0.00176998 0.00074893 0.00109647 0.00275724 0.000441164 0.00140819 -0.00093932 -0.000862491 0.00501432 0.00200774 7.72961e-05 0.00146838 -0.000922353
internal_weight=48095 19270 28825 14308 4962 4686 13669 6396 1387 7273 4689 22752 19872 276 395 1190 4608 18682
internal_count=48095 19270 28825 14308 4962 4686 13669 6396 1387 7273 4689 22752 19872 276 395 1190 4608 18682
cat_boundaries=0 1 2 3 4 5
cat_threshold=33686592 81074561 6 68485120 132096
is_linear=0
shrinkage=0.023


Tree=27
num_leaves=19
num_cat=13
split_feature=0 7 0 7 1 3 0 7 3 0 3 0 3 0 7 0 0 3
split_gain=97.0587 50.2615 16.7931 11.4406 11.2947 9.76909 7.32041 5.5056 4.81302 4.92269 3.55493 3.43914 2.61813 2.14267 2.02146 2.23179 1.81323 1.69267
threshold=0 1 2 3 4 11.815000000000003 5 6 16.245000000000001 7 17.585000000000004 8 37.980000000000011 9 10 11 12 34.385000000000012
decision_type=9 1 9 1 9 2 9 1 2 9 2 9 2 9 1 9 9 2
left_child=3 4 14 5 6 -1 7 10 -6 -10 -2 -7 16 -4 15 -3 -8 -9
right_child=1 2 13 -5 8 11 12 17 9 -11 -12 -13 -14 -15 -16 -17 -18 -19
leaf_value=-0.16884914571366591 0.23490700300896841 0.26139472125387164 0.080153768140633894 -0.1182021625171807 -0.067982834289812333 -0.055312305208918909 0.077376810980180413 0.20865691289211372 0.25183164936927072 0.045675918906191229 0.33357482955715245 0.0056186294265574551 0.22218960160330736 0.15071339708121764 -0.063837683501007936 -0.021542364561248018 0.13813954040807938 0.36452651248001844
leaf_weight=2930 375 128 1397 15365 622 6969 699 1447 997 1110 665 5541 430 594 4421 2250 1981 246
leaf_count=2930 375 128 1397 15365 622 6969 699 1447 997 1110 665 5541 430 594 4421 2250 1981 246
internal_value=-0.000293522 0.0010814 -0.000141133 -0.00106845 0.00233371 -0.000625234 0.00290662 0.00378719 0.00110079 0.00162959 0.00514654 -0.000345638 0.00212293 0.00171131 -0.000685351 -0.000142533 0.00186216 0.00292628
internal_weight=48167 17362 8790 30805 8572 15440 5843 2733 2729 2107 1040 12510 3110 1991 6799 2378 2680 1693
internal_count=48167 17362 8790 30805 8572 15440 5843 2733 2729 2107 1040 12510 3110 1991 6799 2378 2680 1693
cat_boundaries=0 1 2 3 4 5 6 7 8 9 10 11 12 13
cat_threshold=33692992 668 81068705 668 2097152 270894 132 287266 33554432 557080 1025 32 17350784
is_linear=0
shrinkage=0.023


Tree=28
num_leaves=19
num_cat=11
split_feature=0 7 0 0 7 2 2 7 7 0 4 2 2 0 2 2 0 0
split_gain=90.8738 43.1035 15.199 12.2546 12.0902 9.36084 7.42616 6.01062 4.77327 3.33514 2.66057 2.54255 2.15976 1.80859 1.70469 2.06348 1.68313 1.67916
threshold=0 1 2 3 4 138.21470020969994 93.757345162677424 5 6 7 148.90500000000003 438.59450006655169 380.92746284175115 8 688.20522748815858 2050.4041081798655 9 10
decision_type=9 1 9 9 1 2 2 1 1 9 2 2 2 9 2 2 9 9
left_child=4 3 -3 5 6 -2 -1 10 16 -9 12 -5 -7 -13 -14 -16 -4 -8
right_child=1 2 8 11 -6 7 17 9 -10 -11 -12 13 14 -15 15 -17 -18 -19
leaf_value=-0.14196561536225161 -0.21695098295225979 -0.042441333448961858 0.068400771499686944 -0.021509411767869659 -0.12426123782704523 0.23659133786554526 -0.043712645589846021 0.22955380736795206 0.064595232681630713 0.19511559000656542 0.3835981523905162 0.063144901040465162 0.27857797416678282 0.12070075973191181 0.22265547044595721 0.30487393967648252 0.23442863851165788 -0.001198711758706437
leaf_weight=3694 193 7229 104 472 14618 575 6163 155 1834 1377 715 1299 488 3344 350 284 425 4795
leaf_count=3694 193 7229 104 472 14618 575 6163 155 1834 1377 715 1299 488 3344 350 284 425 4795
internal_value=-0.000301828 0.000943703 -0.000137011 0.00206305 -0.00110365 0.00299644 -0.000635621 0.00324571 0.0014605 0.00207 0.00396719 0.00130365 0.00348682 0.00146969 0.00407442 0.00328561 0.00337395 -0.000335402
internal_weight=48114 18844 9592 9252 29270 4137 14652 3944 2363 1532 2412 5115 1697 4643 1122 634 529 10958
internal_count=48114 18844 9592 9252 29270 4137 14652 3944 2363 1532 2412 5115 1697 4643 1122 634 529 10958
cat_boundaries=0 1 2 3 4 5 6 7 8 9 10 11
cat_threshold=33688640 668 81073024 18096678 668 140 1 16777734 33153 32772 33554432
is_linear=0
shrinkage=0.023


Tree=29
num_leaves=19
num_cat=9
split_feature=0 0 3 1 0 0 1 3 3 3 1 4 3 5 5 0 4 0
split_gain=87.2881 10.9075 6.61158 6.45247 4.42961 2.81654 2.76073 2.44426 2.22096 1.9126 1.8603 1.94273 1.67425 1.74594 1.53408 1.18725 1.16579 1.08386
threshold=0 1 10.075000000000001 2 3 4 5 16.075000000000003 30.465000000000003 19.325000000000003 6 38.510000000000005 84.070000000000007 1.5000000000000002 1.5000000000000002 7 339.98500000000007 8
decision_type=9 9 2 9 9 9 9 2 2 2 9 2 2 2 2 9 2 9
left_child=2 3 -1 5 10 7 -4 -2 -6 -5 -3 -12 15 -14 -9 -8 -7 -11
right_child=1 4 6 9 8 16 12 14 -10 17 11 -13 13 -15 -16 -17 -18 -19
leaf_value=-0.17588318204132258 0.049644175755945583 0.010589930378558697 0.0064924551326164242 -0.10375411806170226 0.16538028508802316 0.025275112844825483 -0.09391954831599135 0.1705874424182782 0.2126911300768064 0.048416020746961698 0.034074514686498684 0.13128888163379676 0.16333392394919727 -0.040400124779049786 0.029395091872850835 -0.054762352453049279 0.071963751517419919 -0.033619999424740685
leaf_weight=4783 1726 509 1051 1199 536 6016 14334 3238 436 604 552 2836 113 152 605 8281 386 313
leaf_count=4783 1726 509 1051 1199 536 6016 14334 3238 436 604 552 2836 113 152 605 8281 386 313
internal_value=-0.000296244 0.000914847 -0.0010957 0.00058947 0.00185302 0.000796471 -0.00094004 0.00117531 0.00325019 -0.000579809 0.00149695 0.00169342 -0.000992739 0.000823844 0.00150033 -0.00101447 0.000465579 0.000208128
internal_weight=47670 18956 28714 14087 4869 11971 23931 5569 972 2116 3897 3388 22880 265 3843 22615 6402 917
internal_count=47670 18956 28714 14087 4869 11971 23931 5569 972 2116 3897 3388 22880 265 3843 22615 6402 917
cat_boundaries=0 1 2 3 4 5 6 7 8 9
cat_threshold=33686592 81074561 2113732 574000 1376256 32832 69778 33554432 72617984
is_linear=0
shrinkage=0.023


Tree=30
num_leaves=19
num_cat=5
split_feature=2 7 3 7 2 2 2 3 5 7 3 7 7 3 5 3 2 3
split_gain=48.4809 34.6937 26.8515 8.56397 5.98201 5.76214 3.12512 2.88807 2.10874 1.98008 2.16463 1.92384 1.77016 1.56875 1.60298 1.3516 1.28187 1.48036
threshold=1071.2884618560711 0 14.095000000000001 1 313.11452755432725 2002.5078124158092 246.6329237706488 11.815000000000003 1.5000000000000002 2 90.250000000000014 3 4 14.885000000000003 1.5000000000000002 53.320000000000007 1452.0497828618309 16.745000000000001
decision_type=2 1 2 1 2 2 2 2 2 1 2 1 1 2 2 2 2 2
left_child=1 2 7 5 8 16 -3 -1 -4 10 13 -9 -8 -6 -15 -11 17 -2
right_child=3 6 4 -5 9 -7 12 11 -10 15 -12 -13 -14 14 -16 -17 -18 -19
leaf_value=-0.16128057439864874 0.25238405592705271 -0.15289332941586514 0.0023505473087219548 0.039360321333074995 0.00091189917446323854 0.23608758443507166 -0.062560811571896677 0.00063372641947321618 -0.10599178374301568 0.024197556609551078 0.24267745100661101 -0.10093469378037259 -0.10628026780945538 0.11097234645141739 0.0034792160694096358 0.22715446576686968 0.12843961089096287 0.0434630326539861
leaf_weight=3058 86 6627 2128 3484 755 1447 8265 1141 768 4317 85 1761 5599 5354 679 206 1068 1063
leaf_count=3058 86 6627 2128 3484 755 1447 8265 1141 768 4317 85 1761 5599 5354 679 206 1068 1063
internal_value=-0.000314616 -0.000621132 5.42581e-05 0.00143247 0.000595106 0.00220722 -0.00128804 -0.00124257 -0.000338304 0.000832311 0.00107829 -0.000722758 -0.00109225 0.00103408 0.00115777 0.000455106 0.00147613 0.000942639
internal_weight=47891 40743 20252 7148 14292 3664 20491 5960 2896 11396 6873 2902 13864 6788 6033 4523 2217 1149
internal_count=47891 40743 20252 7148 14292 3664 20491 5960 2896 11396 6873 2902 13864 6788 6033 4523 2217 1149
cat_boundaries=0 1 2 3 4 5
cat_threshold=668 653 140 136 1281
is_linear=0
shrinkage=0.023


Tree=31
num_leaves=19
num_cat=8
split_feature=0 1 0 3 0 0 1 3 3 5 3 3 5 3 1 0 3 3
split_gain=77.739 10.4858 8.41007 6.11269 5.14721 4.28829 2.99581 2.86063 2.72852 2.48608 1.45795 1.45669 1.1798 1.86867 1.86114 1.1465 0.872328 0.828938
threshold=0 1 2 10.605000000000002 3 4 5 16.075000000000003 16.245000000000001 1.5000000000000002 34.695000000000007 84.070000000000007 1.5000000000000002 16.145000000000003 6 7 28.895000000000003 36.32500000000001
decision_type=9 9 9 2 9 9 9 2 2 2 2 2 2 2 9 9 2 2
left_child=3 2 -2 -1 -3 10 -5 -7 -6 17 -4 12 13 -8 -15 -10 -14 -9
right_child=1 4 5 6 8 7 11 9 15 -11 -12 -13 16 14 -16 -17 -18 -19
leaf_value=-0.17694563981080047 0.033875044255384172 0.11247106159522741 0.18137974251163125 0.010172172941594395 -0.1354819783374086 0.055661610412791905 -0.087280340452407207 0.14393679089115904 0.014042531276095583 0.02910044782698672 0.31150370563743529 0.023067575667205867 -0.16346208404141746 -0.038412099312946951 -0.11031707990085766 -0.040228742911104995 -0.071829482428938995 0.17539952584728513
leaf_weight=4953 6722 533 459 1045 1028 1628 11553 4123 2090 767 253 266 1286 7649 869 716 1429 720
leaf_count=4953 6722 533 459 1045 1028 1628 11553 4123 2090 767 253 266 1286 7649 869 716 1429 720
internal_value=-0.000313703 0.000828396 0.00112288 -0.00106214 -0.000161313 0.0016296 -0.00091123 0.00145713 -0.000457102 0.00170546 0.00333749 -0.000965588 -0.000985763 -0.000924872 -0.000666384 -8.6879e-05 -0.0014358 0.00189814
internal_weight=48089 19039 14672 29050 4367 7950 24097 7238 3834 5610 712 23052 22786 20071 8518 2806 2715 4843
internal_count=48089 19039 14672 29050 4367 7950 24097 7238 3834 5610 712 23052 22786 20071 8518 2806 2715 4843
cat_boundaries=0 1 2 3 4 5 6 7 8
cat_threshold=33686592 2113604 13736321 17855012 16785414 32832 2637956 12845074
is_linear=0
shrinkage=0.023


Tree=32
num_leaves=19
num_cat=8
split_feature=2 7 3 7 2 2 3 3 7 3 5 2 7 7 7 7 2 7
split_gain=44.2088 33.4828 28.8259 8.37965 6.70562 5.89787 3.043 2.95117 2.56563 2.35066 2.41106 2.00118 2.49428 1.85058 1.8479 1.83319 1.69063 1.35568
threshold=1002.2101072277674 0 13.445000000000002 1 133.94148556889363 1784.3110219537514 15.225000000000003 11.815000000000003 2 15.045000000000002 1.5000000000000002 2553.3564811473275 3 4 5 6 563.49756974832383 7
decision_type=2 1 2 1 2 2 2 2 1 2 2 2 1 1 1 1 2 1
left_child=1 2 7 -2 -4 13 -3 -1 9 -6 -11 17 -13 -5 -9 -8 -12 -7
right_child=3 6 4 5 8 11 15 14 -10 10 16 12 -14 -15 -16 -17 -18 -19
leaf_value=-0.16405866592755486 0.018873175597660274 -0.12940194194128571 -0.057591700320071444 0.12041312736680941 0.0025854338545880703 0.28547003921584158 -0.059598986680429976 0.03105800814367184 0.032033045503855523 0.10267508657482445 -0.044834481066495499 0.104210296757918 0.30116190158031086 0.039754283357836123 -0.079183332790084979 -0.10621298020321621 0.072574436442342072 0.14176880970370848
leaf_weight=2997 2689 8951 1433 1207 1199 543 7915 531 5245 5816 586 117 151 1501 1820 3347 291 1525
leaf_count=2997 2689 8951 1433 1207 1199 543 7915 531 5245 5816 586 117 151 1501 1820 3347 291 1525
internal_value=-0.000302444 -0.000609284 6.02457e-05 0.0012899 0.000590382 0.00184119 -0.00126844 -0.0013839 0.000753348 0.00101521 0.0011845 0.00269161 0.00456193 0.00111424 -0.000773769 -0.00101744 6.03036e-05 0.00244877
internal_weight=47864 40131 19918 7733 14570 5044 20213 5348 13137 7892 6693 2336 268 2708 2351 11262 877 2068
internal_count=47864 40131 19918 7733 14570 5044 20213 5348 13137 7892 6693 2336 268 2708 2351 11262 877 2068
cat_boundaries=0 1 2 3 4 5 6 7 8
cat_threshold=668 3394 140 41 140 8 1345 160
is_linear=0
shrinkage=0.023


Tree=33
num_leaves=19
num_cat=6
split_feature=7 3 3 1 5 3 3 3 7 5 7 1 3 3 3 3 3 7
split_gain=39.4129 37.2828 8.98712 7.43736 6.26182 7.22488 4.38725 3.49477 3.19758 3.09014 2.8694 2.4419 2.4222 1.88497 1.72132 1.50245 1.47014 1.43974
threshold=0 14.095000000000001 18.585000000000004 1 1.5000000000000002 17.605000000000004 29.905000000000005 37.980000000000011 2 1.5000000000000002 3 4 10.965000000000002 16.245000000000001 14.515000000000002 15.045000000000002 90.250000000000014 5
decision_type=1 2 2 9 2 2 2 2 1 2 1 9 2 2 2 2 2 1
left_child=1 12 14 4 5 8 -6 10 -3 11 -7 -4 -1 -5 -2 -10 -8 -14
right_child=2 3 9 13 6 7 16 -9 15 -11 -12 -13 17 -15 -16 -17 -18 -19
leaf_value=-0.14669299477704889 -0.13258979628367393 -0.021410399329598345 0.005293840222228903 -0.051024888850704837 -0.12781875482865368 0.044307683130432984 0.031324985829799812 0.22732567131711534 0.025423824946764602 -0.091684062228904351 0.14838062892965898 -0.054784614769188951 -0.015569280396496554 0.030870779950930322 -0.077004058985933987 0.10618570315443583 0.20486285211362573 -0.081886725407537816
leaf_weight=2673 7485 1153 5226 1173 668 884 1069 816 1026 2150 3914 1762 1248 4091 7494 3163 89 2129
leaf_count=2673 7485 1153 5226 1173 668 884 1069 816 1026 2150 3914 1762 1248 4091 7494 3163 89 2129
internal_value=-0.000293051 0.000364851 -0.000950135 0.000888839 0.0011881 0.00139685 -5.79344e-05 0.00197299 0.000791318 -0.000382066 0.00173618 -0.000147449 -0.00119748 0.000159606 -0.00129731 0.00108503 0.000798293 -0.000787956
internal_weight=48213 24096 24117 18046 12782 10956 1826 5614 5342 9138 4798 6988 6050 5264 14979 4189 1158 3377
internal_count=48213 24096 24117 18046 12782 10956 1826 5614 5342 9138 4798 6988 6050 5264 14979 4189 1158 3377
cat_boundaries=0 1 2 3 4 5 6
cat_threshold=668 2129984 16 16 2130116 12
is_linear=0
shrinkage=0.023


Tree=34
num_leaves=19
num_cat=6
split_feature=7 3 3 1 5 3 3 5 7 3 1 3 4 3 3 3 7 7
split_gain=36.6406 36.1626 7.93689 5.34001 5.1376 7.18604 4.5653 4.19168 4.05638 3.20394 2.92322 2.60128 2.05223 1.6181 1.51155 1.49073 1.38875 1.3401
threshold=0 14.095000000000001 18.585000000000004 1 1.5000000000000002 16.075000000000003 28.895000000000003 1.5000000000000002 2 10.965000000000002 3 37.045000000000009 399.10000000000008 31.025000000000002 35.935000000000009 14.515000000000002 4 5
decision_type=1 2 2 9 2 2 2 2 1 2 9 2 2 2 2 2 1 1
left_child=1 9 15 4 5 17 -6 10 14 -1 -4 -10 -5 -14 -7 -2 -11 -3
right_child=2 3 7 12 6 8 -8 -9 11 16 -12 -13 13 -15 -16 -17 -18 -19
leaf_value=-0.14962912615002513 -0.1287901730038899 -0.031934871218843752 0.0069682261365322726 -0.014157583768153459 -0.13254372642971998 0.020222766755414082 0.048779000374371571 -0.090605272611404858 0.13031305093520712 -0.034674287485372976 -0.056081351953593261 0.22021157153074025 -0.03234463371164549 0.29675340632708352 0.14761544115888281 -0.078528133848873818 -0.093617737496129685 0.040350223931847909
leaf_weight=2736 7445 798 5032 3177 681 1457 1383 2228 6002 1889 2013 775 88 199 225 7486 1388 2969
leaf_count=2736 7445 798 5032 3177 681 1457 1383 2228 6002 1889 2013 775 88 199 225 7486 1388 2969
internal_value=-0.000348132 0.000293385 -0.000977781 0.000815625 0.00101166 0.00119155 -4.90263e-05 -0.000449672 0.00156365 -0.00124807 -0.000174658 0.00181398 3.97157e-06 0.00186582 0.000540946 -0.00130641 -0.000762873 0.000355938
internal_weight=47971 23767 24204 17754 14290 12226 2064 9273 8459 6013 7045 6777 3464 287 1682 14931 3277 3767
internal_count=47971 23767 24204 17754 14290 12226 2064 9273 8459 6013 7045 6777 3464 287 1682 14931 3277 3767
cat_boundaries=0 1 2 3 4 5 6
cat_threshold=668 2146368 16 2097380 140 16
is_linear=0
shrinkage=0.023


Tree=35
num_leaves=19
num_cat=7
split_feature=0 0 2 3 0 1 1 1 2 4 2 2 3 2 4 3 2 1
split_gain=78.8782 10.121 6.75853 6.66124 4.16913 2.9288 2.81686 2.19281 2.18648 1.6754 2.03714 1.56747 1.49077 1.30138 1.11267 1.08359 1.32574 1.00464
threshold=0 1 246.6329237706488 10.075000000000001 2 3 4 5 388.79686210529559 135.90500000000003 333.86502847955052 96.923135732046433 17.195000000000004 2050.4041081798655 81.930000000000021 30.465000000000003 1946.2208764284896 6
decision_type=9 9 2 2 9 9 9 9 2 2 2 2 2 2 2 2 2 9
left_child=3 15 -3 -1 6 12 14 -5 9 -7 -11 -9 -6 -8 -4 16 -2 -13
right_child=1 2 4 7 5 8 13 11 -10 10 -12 17 -14 -15 -16 -17 -18 -19
leaf_value=-0.16228713199749564 0.18099136804922641 -0.12056455555563791 0.017483893396954768 0.014591991206873649 -0.11206575229702889 0.033259319807858921 -0.041923476514803458 -0.11511390024856769 0.11819008215915247 0.27226577798658314 0.056632645625493284 -0.1099752019658118 0.05547962250206756 0.13969201571668438 0.063025109741450175 0.29321521984039539 0.12323372306246476 -0.06112108036579484
leaf_weight=4848 101 964 2827 1060 327 1554 1296 3888 6843 204 316 1045 889 65 2832 350 329 18466
leaf_count=4848 101 964 2827 1060 327 1554 1296 3888 6843 204 316 1045 889 65 2832 350 329 18466
internal_value=-0.000304127 0.000854324 0.000742634 -0.00105102 0.000848359 0.00114669 0.000415491 -0.000896992 0.00129154 0.000638697 0.00176848 -0.00094312 8.25295e-05 -0.000521653 0.00064141 0.00340538 0.00267305 -0.00085947
internal_weight=48204 18897 18117 29307 17153 10133 7020 24459 8917 2074 520 23399 1216 1361 5659 780 430 19511
internal_count=48204 18897 18117 29307 17153 10133 7020 24459 8917 2074 520 23399 1216 1361 5659 780 430 19511
cat_boundaries=0 1 2 3 4 5 6 7
cat_threshold=33688640 8198 80744832 4250 2097352 32832 266282
is_linear=0
shrinkage=0.023


Tree=36
num_leaves=19
num_cat=6
split_feature=0 0 1 3 0 3 3 5 3 1 0 3 5 4 4 4 3 3
split_gain=74.3023 10.4002 6.20171 5.36172 3.9096 3.60637 2.41987 2.21164 1.95231 1.76922 1.39621 1.37342 1.3631 1.25424 1.82381 1.24306 1.08292 1.02883
threshold=0 1 2 10.075000000000001 3 15.795000000000002 15.945000000000002 1.5000000000000002 37.980000000000011 4 5 53.320000000000007 1.5000000000000002 239.65000000000003 159.90500000000003 99.995000000000019 98.040000000000006 31.025000000000002
decision_type=9 9 9 2 9 2 2 2 2 9 9 2 2 2 2 2 2 2
left_child=3 -2 4 -1 11 -6 -4 8 -7 -5 -8 -3 -13 14 15 -10 -15 -11
right_child=1 2 6 9 5 7 10 -9 13 17 -12 12 -14 16 -16 -17 -18 -19
leaf_value=-0.15855452796155325 0.24162620276895017 0.020173305383467441 -0.14714172259675823 0.00015003004157744884 0.021232440769103796 0.11950696635127503 0.10600660816443294 0.023216414270114852 0.23850186717188485 -0.073627236166902768 -0.010571876244034098 0.14108692575233214 -0.0044142170622800203 0.015066338217675525 0.25987321803147451 0.13588546334305429 0.24675560060343438 -0.034524900724572059
leaf_weight=4867 683 6476 698 1072 1736 5478 238 890 201 20165 1607 289 168 232 212 215 62 2823
leaf_count=4867 683 6476 698 1072 1736 5478 238 890 201 20165 1607 289 168 232 212 215 62 2823
internal_value=-0.000305091 0.000804601 0.000700477 -0.00104098 0.000868627 0.00118459 -0.000354024 0.00141024 0.00155963 -0.000900491 8.10196e-05 0.000456142 0.00167512 0.00253887 0.00311929 0.00223247 0.00129767 -0.000942874
internal_weight=48112 19185 18502 28927 15959 9026 2543 7290 6400 24060 1845 6933 457 922 628 416 294 22988
internal_count=48112 19185 18502 28927 15959 9026 2543 7290 6400 24060 1845 6933 457 922 628 416 294 22988
cat_boundaries=0 1 2 3 4 5 6
cat_threshold=33686592 8194 2179276 80812417 32832 17322020
is_linear=0
shrinkage=0.023


Tree=37
num_leaves=19
num_cat=10
split_feature=0 7 0 7 0 3 3 7 3 5 0 3 7 3 5 7 3 0
split_gain=64.1319 34.3546 10.5898 8.58438 8.45504 8.04668 5.86441 5.80194 2.93732 1.54178 1.72964 2.56724 1.40513 1.45108 1.76274 1.32098 2.36108 1.77867
threshold=0 1 2 3 4 11.815000000000003 14.095000000000001 5 20.805000000000003 1.5000000000000002 6 16.075000000000003 7 28.205000000000005 1.5000000000000002 8 50.855000000000011 9
decision_type=9 1 9 1 9 2 2 1 2 2 9 2 1 2 2 1 2 9
left_child=3 4 8 5 -2 -1 -6 15 -3 10 -8 -12 -7 -14 -15 16 -4 -17
right_child=1 2 7 -5 6 12 9 -9 -10 -11 11 -13 13 14 -16 17 -18 -19
leaf_value=-0.13468918987346773 0.076266340519173081 0.0032966735521990013 0.065838994069555762 -0.10422406878218868 -0.19418199362881383 -0.0025629745536332438 0.13384520615886772 -0.059133945352723399 0.12528234636458652 0.10248882654897169 0.2086348362206964 0.2757036628879635 -0.05353734970452332 0.10522289605975818 -0.060030499375587659 0.10230736014945921 0.2410802175315768 -0.01605372807242457
leaf_weight=2948 3267 685 1423 14550 150 5234 803 6057 1582 446 727 2062 5342 462 455 105 92 1594
leaf_count=2948 3267 685 1423 14550 150 5234 803 6057 1582 446 727 2062 5342 462 455 105 92 1594
internal_value=-0.00032134 0.000717357 -6.93099e-05 -0.00100173 0.0019333 -0.000603361 0.00261982 -0.000414095 0.00133623 0.00279197 0.00295038 0.00322993 -0.000328794 -0.000560948 0.000283356 0.000375222 0.000867087 -6.59371e-05
internal_weight=47984 18993 11538 28991 7455 14441 4188 9271 2267 4038 3592 2789 11493 6259 917 3214 1515 1699
internal_count=47984 18993 11538 28991 7455 14441 4188 9271 2267 4038 3592 2789 11493 6259 917 3214 1515 1699
cat_boundaries=0 1 2 3 4 5 6 7 8 9 10
cat_threshold=33686592 652 17358866 668 30984577 17 67178512 136 16 67108896
is_linear=0
shrinkage=0.023


Tree=38
num_leaves=19
num_cat=17
split_feature=0 7 0 7 1 0 7 0 0 0 1 7 0 0 7 1 0 4
split_gain=60.9233 37.0939 12.3926 8.19724 8.01901 6.06377 3.93251 2.97318 2.95056 2.90598 2.59756 1.80916 2.16898 1.79201 1.74557 1.68524 2.89282 1.84841
threshold=0 1 2 3 4 5 6 7 8 9 10 11 12 13 14 15 16 59.895000000000003
decision_type=9 1 9 1 9 9 1 9 9 9 9 1 9 9 1 9 9 2
left_child=3 4 14 8 5 -2 13 -6 10 -8 -1 12 -4 -7 -3 -9 17 -17
right_child=1 2 11 -5 7 6 9 15 -10 -11 -12 -13 -14 -15 -16 16 -18 -19
leaf_value=0.027358954028477836 0.068923087339209543 -0.017480285927548019 0.23042219152074242 -0.10149949949321715 0.31320640766985131 0.20837603783006173 0.26818402396052188 -0.049581782643820439 -0.014231363566401353 0.13789956647052232 -0.075030204690257563 0.048002050596142619 0.058673894678225445 0.060545102188779773 -0.064576691510545334 0.014784089222213786 -0.0036385418487235549 0.20534751548083988
leaf_weight=750 1604 2648 291 12866 239 170 1935 598 5374 1903 10060 1088 685 771 4903 308 992 838
leaf_count=750 1604 2648 291 12866 239 170 1935 598 5374 1903 10060 1088 685 771 4903 308 992 838
internal_value=-0.000314805 0.000698727 -0.000304669 -0.000976662 0.00172889 0.00218983 0.00260341 0.000735791 -0.000631164 0.0029358 -0.000850261 0.00127074 0.00199164 0.00123073 -0.000736429 0.000514234 0.000815838 0.00159935
internal_weight=48023 18973 9615 29050 9358 6383 4779 2975 16184 3838 10810 2064 976 941 7551 2736 2138 1146
internal_count=48023 18973 9615 29050 9358 6383 4779 2975 16184 3838 10810 2064 976 941 7551 2736 2138 1146
cat_boundaries=0 1 2 3 4 5 6 7 8 9 10 11 12 13 14 15 16 17
cat_threshold=33752128 668 79960992 1692 2097152 17355176 16 12326 33554432 270852 557072 1057 16801794 9437186 1025 102402 17040016
is_linear=0
shrinkage=0.023


Tree=39
num_leaves=19
num_cat=12
split_feature=0 7 0 1 7 0 3 7 3 1 3 0 7 3 7 7 4 3
split_gain=65.9814 33.18 11.9632 9.52081 8.57512 8.53275 5.37857 3.92297 3.11791 3.00939 2.39155 2.11431 2.04889 1.96909 1.84938 1.756 1.44889 1.19703
threshold=0 1 2 3 4 5 11.735000000000001 6 22.065000000000001 7 16.025000000000002 8 9 20.665000000000003 10 11 69.920000000000016 84.070000000000007
decision_type=9 1 9 9 1 9 2 1 2 9 2 9 1 2 1 1 2 2
left_child=4 3 13 5 6 7 -1 10 -5 14 -2 -10 -4 -3 -8 -11 -9 -17
right_child=1 2 12 8 -6 -7 9 16 11 15 -12 -13 -14 -15 -16 17 -18 -19
leaf_value=-0.12708422774347192 0.29987615649468452 0.013038157487089018 -0.017874504514400303 -0.035527431593438595 -0.10685106941392909 0.10745346056872127 0.06963085917613368 0.16435570646771053 0.035307008434959951 0.0023136193071136403 0.28836427933822767 0.16567183779319505 -0.063095966988102839 0.11991064713654902 -0.046387103777148296 -0.053822215174959782 0.23439769602105581 0.15204577373130576
leaf_weight=3201 154 552 4595 1127 12914 4246 681 927 627 2202 594 331 3228 1409 585 9460 1370 101
leaf_count=3201 154 552 4595 1127 12914 4246 681 927 627 2202 594 331 3228 1409 585 9460 1370 101
internal_value=-0.000313973 0.000734263 -0.000202896 0.00171136 -0.00100302 0.00210399 -0.000650053 0.00303759 0.000334809 -0.000442905 0.00452586 0.00130095 -0.000605741 0.00139898 0.000619955 -0.000557359 0.00253504 -0.000692316
internal_weight=48304 19160 9784 9376 29144 7291 16230 3045 2085 13029 748 958 7823 1961 1266 11763 2297 9561
internal_count=48304 19160 9784 9376 29144 7291 16230 3045 2085 13029 748 958 7823 1961 1266 11763 2297 9561
cat_boundaries=0 1 2 3 4 5 6 7 8 9 10 11 12
cat_threshold=100795456 668 17358866 2113600 1692 270894 128 557136 13437072 1281 148 8
is_linear=0
shrinkage=0.023


Tree=40
num_leaves=19
num_cat=2
split_feature=3 5 1 3 3 3 3 6 1 3 4 3 4 4 3 4 3 3
split_gain=28.4352 8.65243 6.90454 6.6937 3.5606 2.42577 2.10877 1.79208 1.60916 1.53698 1.22881 1.16715 1.1606 0.975175 2.58563 0.948879 0.948554 0.938201
threshold=15.045000000000002 1.5000000000000002 0 21.075000000000003 10.605000000000002 29.905000000000005 24.185000000000006 1.5000000000000002 1 36.605000000000011 17.995000000000001 16.675000000000004 469.40000000000003 251.95000000000002 110.02000000000002 198.12000000000003 66.285000000000011 18.585000000000004
decision_type=2 2 9 2 2 2 2 2 9 2 2 2 2 2 2 2 2 2
left_child=4 2 3 12 -1 -3 8 16 11 15 -6 -4 17 -11 -15 -5 -7 -2
right_child=1 5 6 9 10 7 -8 -9 -10 13 -12 -13 -14 14 -16 -17 -18 -19
leaf_value=-0.13950633362430537 0.0055186741217835731 -0.12286832255834317 -0.072394000634836558 0.063462201826327391 0.0051742810363658255 -0.030332055443579278 0.015875326882424365 -0.13719250490740997 -0.114120276687303 0.13780135624579748 -0.071756511002419587 -0.011775669805256305 -0.1048629188893594 0.019285246580209164 0.20591663980511171 0.016566083505365068 0.034303952519764459 0.045175811672266905
leaf_weight=5367 10314 1509 1532 3469 569 2223 2932 408 947 1216 9534 3182 265 574 91 1153 580 1953
leaf_count=5367 10314 1509 1532 3469 569 2223 2932 408 947 1216 9534 3182 265 574 91 1153 580 1953
internal_value=-0.000315914 7.1954e-05 0.000227434 0.000471588 -0.00112694 -0.000838097 -0.000313592 -0.000480597 -0.000573252 0.00107056 -0.000872584 -0.000396299 0.000161136 0.00162485 0.000916238 0.000844918 -0.000273222 0.000193678
internal_weight=47818 32348 27628 19035 15470 4720 8593 3211 5661 6503 10103 4714 12532 1881 665 4622 2803 12267
internal_count=47818 32348 27628 19035 15470 4720 8593 3211 5661 6503 10103 4714 12532 1881 665 4622 2803 12267
cat_boundaries=0 1 2
cat_threshold=2195520 540836
is_linear=0
shrinkage=0.023


Tree=41
num_leaves=19
num_cat=11
split_feature=0 7 0 1 7 3 0 7 2 0 3 1 0 7 2 2 2 2
split_gain=57.3636 32.3698 8.72846 7.97696 7.31475 6.48229 5.88627 5.19143 3.90438 3.21462 3.0443 1.73065 1.53869 1.79042 1.50785 1.39317 1.75052 1.29214
threshold=0 1 2 3 4 11.815000000000003 5 6 644.89890338812654 7 16.025000000000002 8 9 10 1713.5368147557442 2050.4041081798655 1253.4124346971646 25.312129971147446
decision_type=9 1 9 9 1 2 9 1 2 9 2 9 9 1 2 2 2 2
left_child=4 3 12 6 5 -1 10 -4 -5 15 -2 -7 13 -3 -6 16 -10 -13
right_child=1 2 7 8 14 11 -8 -9 9 -11 -12 17 -14 -15 -16 -17 -18 -19
leaf_value=-0.1263864631367784 0.16610351373595181 0.0019615563453098546 0.013399683921516315 -0.049659088459930896 -0.09840202181213506 0.035198559508591361 0.11640604715679258 -0.059185850452169744 0.29055335344304478 0.012019269413920014 0.2586857439497614 -0.14180320882498412 0.067805498298742564 0.21503116909551262 0.10528859935611189 0.31259223687316057 -0.014933255816153998 -0.02784824885764425
leaf_weight=2854 647 108 4285 852 14414 1151 2952 5065 474 684 1698 560 2062 180 86 158 125 9877
leaf_count=2854 647 108 4285 852 14414 1151 2952 5065 474 684 1698 560 2062 180 86 158 125 9877
internal_value=-0.000312439 0.000659007 -0.000100169 0.00182784 -0.00095981 -0.000592339 0.00231984 -0.000415269 0.000686039 0.00141873 0.00318845 -0.000350909 0.00114989 0.00271477 -0.00132514 0.00243724 0.00196138 -0.000444052
internal_weight=48232 19290 11700 7590 28942 14442 5297 9350 2293 1441 2345 11588 2350 288 14500 757 599 10437
internal_count=48232 19290 11700 7590 28942 14442 5297 9350 2293 1441 2345 11588 2350 288 14500 757 599 10437
cat_boundaries=0 1 2 3 4 5 6 7 8 9 10 11
cat_threshold=33686600 652 17358871 2097224 668 338468 1041 25457186 557136 16386 1282
is_linear=0
shrinkage=0.023


Tree=42
num_leaves=19
num_cat=6
split_feature=3 7 1 7 3 3 3 7 7 6 6 3 3 3 1 3 4 3
split_gain=30.7231 34.8873 4.61583 4.1862 2.87646 2.84148 2.8112 2.21705 1.81825 1.74637 1.62727 1.53623 1.48623 1.27743 1.26005 1.20753 1.46072 1.21105
threshold=14.685 0 1 2 18.175000000000004 10.075000000000001 50.855000000000011 3 4 1.5000000000000002 1.5000000000000002 110.02000000000002 24.845000000000002 1.0000000180025095e-35 5 17.835000000000004 64.930000000000021 15.155000000000003
decision_type=2 1 9 1 2 2 2 1 1 2 2 2 2 2 9 2 2 2
left_child=5 2 3 9 -3 13 8 -7 -5 11 -6 15 14 -1 -4 16 17 -2
right_child=1 4 12 6 10 7 -8 -9 -10 -11 -12 -13 -14 -15 -16 -17 -18 -19
leaf_value=0.0056637123108319041 0.19646183239348172 -0.070327194196063647 0.0034756777763607881 0.058568134943453427 -0.024729878622726943 -0.044136093390992323 0.17995334534755844 -0.10635647331826141 0.00013176686937083551 -0.17055052609970189 -0.16128748965555326 0.27422468346062639 0.06524337239016606 -0.14104575617986717 -0.08959203432543042 0.13938465232841168 0.040147738506373695 0.093523004302049545
leaf_weight=207 334 6432 2474 3714 9715 5067 400 4815 2157 73 311 61 1972 4944 565 3209 991 584
leaf_count=207 334 6432 2474 3714 9715 5067 400 4815 2157 73 311 61 1972 4944 565 3209 991 584
internal_value=-0.000325902 6.67849e-05 0.000812718 0.00106632 -0.000682673 -0.0011877 0.000662403 -0.00095936 0.000536293 0.00154638 -0.000439528 0.00159914 0.000228569 -0.00162569 -9.00565e-05 0.00155574 0.00109746 0.0017584
internal_weight=48025 32992 16534 11523 16458 15033 6271 9882 5871 5252 10026 5179 5011 5151 3039 5118 1909 918
internal_count=48025 32992 16534 11523 16458 15033 6271 9882 5871 5252 10026 5179 5011 5151 3039 5118 1909 918
cat_boundaries=0 1 2 3 4 5 6
cat_threshold=668 2129984 136 908 516 540816
is_linear=0
shrinkage=0.023


Tree=43
num_leaves=19
num_cat=8
split_feature=0 0 2 2 1 1 1 2 4 4 6 4 0 4 2 0 1 4
split_gain=53.0849 8.09678 6.52349 4.86386 2.38355 2.10411 2.06268 1.71785 1.48329 1.46431 1.27825 1.15478 1.39346 1.33927 1.06596 1.04534 1.78316 1.01632
threshold=0 1 90.768138215006061 225.70083809415459 2 3 4 2050.4041081798655 46.920000000000009 78.045000000000016 1.5000000000000002 132.00500000000002 5 299.27500000000003 1187.7516038783717 6 7 730.93000000000018
decision_type=9 9 2 2 9 9 9 2 2 2 2 2 9 2 2 9 9 2
left_child=2 6 9 -3 10 14 -2 -6 -8 -1 11 -5 -13 -14 -4 16 -7 -10
right_child=1 3 5 4 7 15 8 -9 17 -11 -12 12 13 -15 -16 -17 -18 -19
leaf_value=-0.14097570378773019 0.045285995653257277 -0.12894188860040307 0.0077922133722018831 0.045019496053437268 -0.0063903867790736013 -0.0061923048984515458 0.054934574303624896 0.11375261882547856 0.14047228679125226 -0.10091793477356008 -0.12720302135463701 0.049765199577725905 0.17370694463021205 0.025996470875634951 0.16862688948956675 -0.059693932474067991 -0.084002238547019742 0.251226773953593
leaf_weight=4215 611 802 1049 7281 3633 3053 569 310 1836 3248 114 1429 1130 390 63 17254 964 72
leaf_count=4215 611 802 1049 7281 3633 3053 569 310 1836 3248 114 1429 1130 390 63 17254 964 72
internal_value=-0.000312889 0.000666836 -0.000909486 0.000446466 0.000544605 -0.000713432 0.00173861 6.22525e-05 0.00203717 -0.00149867 0.000727703 0.000755408 0.00113939 0.0016233 0.000262337 -0.00076421 -0.000426622 0.00235277
internal_weight=48023 18177 29846 15089 14287 22383 3088 3943 2477 7463 10344 10230 2949 1520 1112 21271 4017 1908
internal_count=48023 18177 29846 15089 14287 22383 3088 3943 2477 7463 10344 10230 2949 1520 1112 21271 4017 1908
cat_boundaries=0 1 2 3 4 5 6 7 8
cat_threshold=33686848 17326110 2097220 32832 364690 12621953 131392 2363426
is_linear=0
shrinkage=0.023


Tree=44
num_leaves=19
num_cat=15
split_feature=0 7 7 0 1 7 0 0 4 0 1 7 1 0 1 4 4 0
split_gain=51.1793 27.6046 7.75586 6.90122 6.59121 5.64324 7.93826 3.41197 2.26598 1.8978 1.81567 1.54739 1.46334 1.37456 1.44067 1.07079 1.00048 1.27732
threshold=0 1 2 3 4 5 6 7 108.74000000000002 8 9 10 11 12 13 13.670000000000002 148.90500000000003 14
decision_type=9 1 1 9 9 1 9 9 2 9 9 1 9 9 9 2 2 9
left_child=2 4 8 -3 9 6 10 -7 13 -2 -6 -4 -10 14 -1 -8 17 -17
right_child=1 3 11 -5 5 7 15 -9 12 -11 -12 -13 -14 -15 -16 16 -18 -19
leaf_value=-0.083870875667411027 -0.068770189851557681 -0.060068469161683735 -0.074389123293066156 0.059906482656926573 -0.017467708838164311 0.18942562454561263 0.58457793936769509 0.072061318984075487 0.069874104451172703 0.085983950150617341 0.098044992319612459 -0.12184867937748181 -0.022355011001563316 -0.024536247810520915 -0.018919055820099857 0.26539713932621734 0.27490921242167515 0.18896260495236705
leaf_weight=4963 840 5568 10537 1593 474 299 72 4783 567 253 1556 4513 5014 3169 1245 109 829 1843
leaf_count=4963 840 5568 10537 1593 474 299 72 4783 567 253 1556 4513 5014 3169 1245 109 829 1843
internal_value=-0.000324156 0.000637289 -0.000907796 -0.000474996 0.00135736 0.00154367 0.00210436 0.0010018 -0.000535963 -0.000339824 0.000992049 -0.00127674 -0.000169372 -0.000754712 -0.000953553 0.00288944 0.00282743 0.00254244
internal_weight=48227 18219 30008 7161 11058 9965 4883 5082 14958 1093 2030 15050 5581 9377 6208 2853 2781 1952
internal_count=48227 18219 30008 7161 11058 9965 4883 5082 14958 1093 2030 15050 5581 9377 6208 2853 2781 1952
cat_boundaries=0 1 2 3 4 5 6 7 8 9 10 11 12 13 14 15
cat_threshold=33686848 669 668 80026272 299570 140 30982785 16801794 80019600 540800 1345 557056 33554432 2097192 8196
is_linear=0
shrinkage=0.023


Tree=45
num_leaves=19
num_cat=7
split_feature=0 0 3 2 0 1 2 3 1 2 2 1 2 0 3 2 2 3
split_gain=52.6383 6.35329 5.91043 5.24166 2.10367 2.21437 1.72621 1.57411 1.66726 1.79286 1.39627 1.19931 1.26373 1.45084 1.17448 1.15004 1.25511 1.13551
threshold=0 1 10.075000000000001 195.15571628594887 2 3 69.231234826339175 54.565000000000005 4 388.79686210529559 2553.3564811473275 5 558.20079738369066 6 17.195000000000004 2258.9717258190844 345.86022056418653 34.155000000000008
decision_type=9 9 2 2 9 9 2 2 9 2 2 9 2 9 2 2 2 2
left_child=2 -2 -1 -3 5 -5 -4 8 9 17 -7 -8 13 -13 -10 16 -9 -6
right_child=1 3 6 4 7 10 11 15 14 -11 -12 12 -14 -15 -16 -17 -18 -19
leaf_value=-0.13263023246026198 0.1317386976029539 -0.13741592193619193 -0.10323354413272223 -0.044673677307697876 0.020849090099609089 0.026506704982954845 -0.094398402311479557 0.33818076999184254 -0.063854733727875854 0.098843100783266663 0.16930765229222786 0.093408935729386577 -0.017085831887971359 -0.057501704545213299 0.045430473231614775 0.23414491776670446 0.096484376991577789 0.14029246674284032
leaf_weight=4846 1198 746 2900 1041 1867 5510 1170 92 404 5341 63 116 5037 16001 1127 112 447 139
leaf_count=4846 1198 746 2900 1041 1867 5510 1170 92 404 5341 63 116 5037 16001 1127 112 447 139
internal_value=-0.000324149 0.000656172 -0.000913724 0.000540456 0.000627885 0.0003111 -0.000772679 0.000846536 0.000767338 0.000910656 0.000493102 -0.000704088 -0.000663347 -0.000763042 7.31233e-05 0.00193898 0.00149716 0.000325587
internal_weight=48157 18087 30070 16889 16143 6614 25224 9529 8878 7347 5573 22324 21154 16117 1531 651 539 2006
internal_count=48157 18087 30070 16889 16143 6614 25224 9529 8878 7347 5573 22324 21154 16117 1531 651 539 2006
cat_boundaries=0 1 2 3 4 5 6 7
cat_threshold=100795712 16801798 13703297 803360 2375756 267066 256
is_linear=0
shrinkage=0.023


Tree=46
num_leaves=19
num_cat=13
split_feature=0 7 0 0 7 1 2 7 2 0 2 2 7 2 0 7 1 7
split_gain=48.2474 29.1595 9.43743 7.6968 7.55258 7.37995 4.79468 4.47938 3.51802 2.88845 3.26572 2.0344 1.96749 1.87721 1.87664 1.97284 1.54087 2.43567
threshold=0 1 2 3 4 5 85.043627290182187 6 2050.4041081798655 7 380.92746284175115 831.82139423978458 8 376.96155112431251 9 10 11 12
decision_type=9 1 9 9 1 9 2 1 2 9 2 2 1 2 9 1 9 1
left_child=4 3 -3 13 6 7 -1 -5 -7 11 -11 -9 -6 -2 -4 -16 17 -8
right_child=1 2 14 5 12 8 16 9 -10 10 -12 -13 -14 -15 15 -17 -18 -19
leaf_value=-0.10016407087060084 -0.13751052845751255 -0.044679766883312669 0.045438181682648848 0.060681140359093687 -0.076976121754148752 -0.0069476726779815626 0.12822892471365696 0.012189407200070723 0.31601953498315305 0.17475539947594751 0.25641384112319554 0.15192745797297222 -0.12139179232534505 0.046074477712432588 0.041352577101147911 0.22181479550578267 -0.029862072917127627 -0.079286195818492777
leaf_weight=3499 213 7803 1349 998 9831 1090 323 355 89 834 1765 1149 4229 3062 207 464 10153 248
leaf_count=3499 213 7803 1349 998 9831 1090 323 355 89 834 1765 1149 4229 3062 207 464 10153 248
internal_value=-0.000336884 0.000547115 -0.000332842 0.00145114 -0.000942414 0.0019233 -0.00056768 0.0023035 0.000272699 0.00264321 0.00312135 0.00180145 -0.0013208 0.000542581 0.00106491 0.00205616 -0.000326849 0.000827053
internal_weight=47661 19378 9823 9555 28283 6280 14223 5101 1179 4103 2599 1504 14060 3275 2020 671 10724 571
internal_count=47661 19378 9823 9555 28283 6280 14223 5101 1179 4103 2599 1504 14060 3275 2020 671 10724 571
cat_boundaries=0 1 2 3 4 5 6 7 8 9 10 11 12 13
cat_threshold=100797440 668 12915684 10015169 668 2637832 16 20971538 1345 1081369 258 32768 140
is_linear=0
shrinkage=0.023


Tree=47
num_leaves=19
num_cat=6
split_feature=0 2 2 0 6 4 2 4 0 0 0 2 2 0 2 4 4 2
split_gain=43.9699 6.76779 6.11772 3.7011 2.06544 1.76907 1.53165 1.51345 1.35271 1.33527 1.2801 1.65788 1.07407 1.05213 1.09427 1.08695 0.908447 0.862035
threshold=0 240.32878198510898 93.757345162677424 1 1.5000000000000002 132.00500000000002 2211.6728059599359 78.045000000000016 2 3 4 438.59450006655169 487.11065936420709 5 493.00337402950191 45.905000000000008 1379.5000000000002 674.45785259047409
decision_type=9 2 2 9 2 2 2 2 9 9 9 2 2 9 2 2 2 2
left_child=2 -2 7 -3 5 10 8 -1 16 -7 -5 -12 -10 -13 -15 -16 -4 -14
right_child=1 3 6 4 -6 9 -8 -9 12 -11 11 13 17 14 15 -17 -18 -19
leaf_value=-0.12786641748188274 -0.1282038793645992 0.13777674992723735 -0.054889871704494025 -0.003054505359375609 -0.08455480709414423 0.1919761167567571 0.13887744206427344 -0.079942709395882675 -0.047942806614478979 0.075851156104922823 0.0069864669106139586 0.036927143613889643 0.022352599563697145 0.22816697900441638 0.012885580354249511 0.092667505241831774 0.19168317022522993 -0.016072012545308854
leaf_weight=4246 912 1161 17715 1744 173 351 61 3301 1449 4537 2376 3169 878 231 951 2169 73 2265
leaf_count=4246 912 1161 17715 1744 173 351 61 3301 1449 4537 2376 3169 878 231 951 2169 73 2265
internal_value=-0.000318403 0.000587925 -0.000855498 0.000692637 0.000598597 0.000626832 -0.000665263 -0.00142226 -0.000675195 0.00098903 0.000460422 0.000571757 -0.000320846 0.000761937 0.00104626 0.000936151 -0.000766055 -8.26865e-05
internal_weight=47762 17774 29988 16862 15701 15528 22441 7547 22380 4888 10640 8896 4592 6520 3351 3120 17788 3143
internal_count=47762 17774 29988 16862 15701 15528 22441 7547 22380 4888 10640 8896 4592 6520 3351 3120 17788 3143
cat_boundaries=0 1 2 3 4 5 6
cat_threshold=33688768 17309702 33555456 68157480 68227369 12615680
is_linear=0
shrinkage=0.023


Tree=48
num_leaves=19
num_cat=5
split_feature=7 3 3 5 1 7 3 3 3 5 3 3 3 6 3 1 7 3
split_gain=28.3211 22.7007 7.2825 5.36403 5.1462 4.5162 3.49148 2.90022 2.51645 2.49562 2.29899 1.98091 1.66564 1.336 1.14919 1.14724 1.01138 0.940018
threshold=0 14.785000000000002 18.175000000000004 1.5000000000000002 1 2 11.815000000000003 37.045000000000009 53.320000000000007 1.5000000000000002 28.895000000000003 21.925000000000004 27.135000000000002 1.5000000000000002 14.515000000000002 3 4 63.210000000000008
decision_type=1 2 2 2 9 1 2 2 2 2 2 2 2 2 2 9 1 2
left_child=1 6 14 4 5 8 -1 16 -3 11 -5 -4 -6 17 -2 -13 -7 -12
right_child=2 3 9 10 12 7 -8 -9 -10 -11 13 15 -14 -15 -16 -17 -18 -19
leaf_value=-0.11773121695455185 -0.10637068515474586 0.00065279859022915495 -0.044823934996479499 -0.098519634375144327 -0.0064226965098998492 0.12595213938358865 -0.028337070613628664 0.1740786100060952 0.28819395087118294 -0.073964074989589595 0.0058497535195905668 0.016871950451513896 0.076649179801255185 -0.11524549076392566 -0.066169859416919136 -0.029434527869856619 0.069249731005743997 0.087769995499899084
leaf_weight=3003 7388 1874 2991 724 3146 4024 4432 682 72 2203 1182 3645 1155 184 6761 1344 3052 298
leaf_count=3003 7388 1874 2991 724 3146 4024 4432 682 72 2203 1182 3645 1155 184 6761 1344 3052 298
internal_value=-0.000330958 0.000232718 -0.000882689 0.000710909 0.000882706 0.00117578 -0.000821294 0.00142473 0.000181063 -0.000414005 -0.000296623 -0.000224806 0.000218198 0.000174135 -0.00122061 5.57797e-05 0.00128843 0.000403993
internal_weight=48160 23828 24332 16393 14005 9704 7435 7758 1946 10183 2388 7980 4301 1664 14149 4989 7076 1480
internal_count=48160 23828 24332 16393 14005 9704 7435 7758 1946 10183 2388 7980 4301 1664 14149 4989 7076 1480
cat_boundaries=0 1 2 3 4 5
cat_threshold=668 2129984 16 2130112 136
is_linear=0
shrinkage=0.023


Tree=49
num_leaves=19
num_cat=8
split_feature=2 7 2 1 7 3 2 7 2 7 3 2 1 7 2 2 1 3
split_gain=26.4705 25.3026 9.30961 4.5776 4.07065 3.64683 3.56698 2.68961 1.91711 1.7973 2.06566 1.72673 1.63755 1.61555 1.44569 1.37764 1.36318 1.35468
threshold=297.05995327865264 0 1220.2284672072674 1 2 14.885000000000003 73.307966824152189 3 380.92746284175115 4 10.965000000000002 867.42994322612117 5 6 2002.5078124158092 502.43865227983684 7 50.855000000000011
decision_type=2 1 2 9 1 2 2 1 2 1 2 2 9 1 2 2 9 2
left_child=6 3 4 5 17 15 -1 -5 -7 10 -8 -9 -4 14 -10 -2 -13 -3
right_child=1 2 12 7 -6 8 9 11 13 -11 -12 16 -14 -15 -16 -17 -18 -19
leaf_value=-0.12162721789161415 0.02946429384641347 -0.034821800960736116 0.13431718711445301 0.047582426490466193 -0.083637689524796902 0.043917587080515574 -0.098627217891614161 -0.079864876288730402 0.11650464182031875 -0.075306591294759639 -0.0064064726405801912 -0.037422199092053667 0.032258362944274609 0.10454253079893552 0.2234234731016834 -0.057746157702481364 0.14019858767886478 0.033818585071861973
leaf_weight=6815 1195 10206 193 1905 5405 1160 618 1423 1741 5062 2485 305 3526 4381 255 338 475 593
leaf_count=6815 1195 10206 193 1905 5405 1160 618 1423 1741 5062 2485 305 3526 4381 255 338 475 593
internal_value=-0.000326288 3.67564e-05 -0.000480349 0.000818275 -0.000718776 0.00110691 -0.00112849 0.000179834 0.00131612 -0.000804204 -0.000364222 -0.000366842 0.000557186 0.00147257 0.00202231 8.55058e-05 0.00050114 -0.000459395
internal_weight=48081 33101 19923 13178 16204 9070 14980 4108 7537 8165 3103 2203 3719 6377 1996 1533 780 10799
internal_count=48081 33101 19923 13178 16204 9070 14980 4108 7537 8165 3103 2203 3719 6377 1996 1533 780 10799
cat_boundaries=0 1 2 3 4 5 6 7 8
cat_threshold=652 2129984 1297 12 652 32836 128 791042
is_linear=0
shrinkage=0.023


Tree=50
num_leaves=19
num_cat=8
split_feature=2 7 2 2 7 1 2 4 1 7 7 1 2 7 2 4 4 4
split_gain=24.4124 25.2117 7.63341 4.50792 4.01623 4.01414 1.50688 1.51495 1.49199 1.46659 1.45143 1.84789 1.30574 1.27875 1.26004 1.68313 1.21511 1.2083
threshold=178.7298789178214 0 1071.2884618560711 2002.5078124158092 1 2 553.29273050228824 16.185000000000006 3 4 5 6 65.760370819682592 7 590.86406303908609 469.40000000000003 40.940000000000005 189.92000000000004
decision_type=2 1 2 2 1 9 2 2 9 1 1 9 2 1 2 2 2 2
left_child=12 3 4 5 -3 6 7 -2 17 -5 11 -6 -1 -9 -7 -16 -8 -4
right_child=1 2 8 9 10 14 16 13 -10 -11 -12 -13 -14 -15 15 -17 -18 -19
leaf_value=-0.11653114736670649 0.14639309335496656 -0.083377290131820492 0.025139268498125845 0.21494762270923093 0.14890790675626087 -0.030229439970326993 0.029181175380574954 0.066401240854182336 -0.033627732029024797 0.13763297716031397 -0.04217769704168331 -0.019813391119309649 -0.064453273014941206 0.011779091687461787 0.012083802297970868 0.30300220042036469 0.11339285695148407 0.090954335519578988
leaf_weight=6517 174 4643 2746 601 135 1964 902 2997 861 488 10165 2855 4903 2292 2000 127 3097 699
leaf_count=6517 174 4643 2746 601 135 1964 902 2997 861 488 10165 2855 4903 2292 2000 127 3097 699
internal_value=-0.000317833 -2.91682e-05 -0.000519404 0.000710772 -0.000729871 0.000596839 0.000856652 0.000609182 0.000349308 0.00213483 -0.000523235 -7.66616e-05 -0.00124665 0.000539644 -6.16944e-06 0.000381671 0.00119681 0.000562482
internal_weight=48166 36746 22104 14642 17798 13553 9462 5463 4306 1089 13155 2990 11420 5289 4091 2127 3999 3445
internal_count=48166 36746 22104 14642 17798 13553 9462 5463 4306 1089 13155 2990 11420 5289 4091 2127 3999 3445
cat_boundaries=0 1 2 3 4 5 6 7 8
cat_threshold=652 2082 2129920 2113764 640 16 524288 136
is_linear=0
shrinkage=0.023


Tree=51
num_leaves=19
num_cat=8
split_feature=7 4 1 6 1 4 4 7 4 7 1 1 4 1 5 4 4 5
split_gain=25.6541 4.44554 3.18606 1.99067 2.06387 1.7613 1.21622 1.09913 1.0676 1.00336 1.42877 1.28711 0.845774 0.805994 0.790015 0.772367 0.830037 0.758229
threshold=0 99.995000000000019 1 1.5000000000000002 2 139.90500000000003 1798.5000000000002 3 389.94000000000005 4 5 6 143.10000000000002 7 1.5000000000000002 49.995000000000012 57.995000000000012 1.5000000000000002
decision_type=1 2 9 2 9 2 2 1 2 1 9 9 2 9 2 2 2 2
left_child=1 9 -2 4 17 7 12 13 -6 10 15 -11 -7 -4 -14 -1 -17 -3
right_child=2 3 5 -5 8 6 -8 -9 -10 11 -12 -13 14 -15 -16 16 -18 -19
leaf_value=0.0035547273193706507 0.14732692796146754 0.087855821673418225 -0.041123952562056997 -0.11741287653866089 -0.017938715727255493 0.074166658960427234 0.12714779516639138 -0.057848806257392464 0.12020190559404999 0.063930159796849753 -0.047946436970124427 -0.016271781643232557 -0.031297671964768049 -0.10366574020874567 -0.077199525873620903 0.13739840184755092 0.043192110792449528 0.020129239175482573
leaf_weight=3033 115 6432 634 193 1751 111 73 13717 303 237 925 7247 5400 3078 1106 369 2153 1171
leaf_count=3033 115 6432 634 193 1751 111 73 13717 303 237 925 7247 5400 3078 1106 369 2153 1171
internal_value=-0.000300998 0.000235172 -0.000827629 0.000609427 0.000655664 -0.000846348 -0.00052943 -0.000968472 6.68479e-06 -2.86595e-05 0.000180733 -0.000209922 -0.000562034 -0.00132357 -0.000596015 0.000320292 0.000618264 0.000829885
internal_weight=48048 23814 24234 9850 9657 24119 6690 17429 2054 13964 6480 7484 6617 3712 6506 5555 2522 7603
internal_count=48048 23814 24234 9850 9657 24119 6690 17429 2054 13964 6480 7484 6617 3712 6506 5555 2522 7603
cat_boundaries=0 1 2 3 4 5 6 7 8
cat_threshold=668 836 2637824 34 136 2146368 524288 16560
is_linear=0
shrinkage=0.023


Tree=52
num_leaves=19
num_cat=8
split_feature=2 7 2 7 1 2 4 7 1 2 7 1 7 2 2 2 2 2
split_gain=23.7631 11.5581 10.2546 10.1224 4.62286 3.00036 2.72232 2.4512 2.23822 2.14074 2.4078 1.82186 1.74587 1.54764 1.29361 1.2091 1.13574 1.05929
threshold=558.20079738369066 0 109.87277948764624 1 2 1645.1738329028296 40.940000000000005 3 4 2002.5078124158092 5 6 7 37.77157551604224 2387.0539802209737 347.65900857274585 25.312129971147446 164.94920167760708
decision_type=2 1 2 1 9 2 2 1 9 2 1 9 1 2 2 2 2 2
left_child=1 2 16 4 6 -5 -2 13 12 10 -8 -7 17 -3 -6 -14 -1 -4
right_child=3 7 8 5 14 11 9 -9 -10 -11 -12 -13 15 -15 -16 -17 -18 -19
leaf_value=-0.11577532451287843 0.016816028430683288 -0.15060180691035741 -0.03016660704688829 -0.032648210017610681 -0.025786491333077914 0.11777645487559096 0.030823866289382388 -0.10794954731164727 -0.032992002281937577 0.19182948883561812 0.10535082049713096 0.011590131767657287 -0.028501073413663373 -0.052743966711865153 0.08199440728151651 0.02792477690879808 -0.061359193115870833 0.071992530918736072
leaf_weight=1827 1916 1545 387 5627 1803 272 2158 5763 2506 1236 4021 1295 2086 7742 79 2258 2506 3201
leaf_count=1827 1916 1545 387 5627 1803 272 2158 5763 2506 1236 4021 1295 2086 7742 79 2258 2506 3201
internal_value=-0.000274599 -0.000675704 -0.000218 0.000375227 0.000806818 -0.000298187 0.00101664 -0.00112402 0.000172309 0.00121743 0.00104257 0.000591429 0.00036141 -0.000889847 -0.000233377 5.07089e-05 -0.0011587 0.000736364
internal_weight=48228 29821 14771 18407 11213 7194 9331 15050 10438 7415 6179 1567 7932 9287 1882 4344 4333 3588
internal_count=48228 29821 14771 18407 11213 7194 9331 15050 10438 7415 6179 1567 7932 9287 1882 4344 4333 3588
cat_boundaries=0 1 2 3 4 5 6 7 8
cat_threshold=668 669 2670672 1281 2129920 17 49344 136
is_linear=0
shrinkage=0.023


Tree=53
num_leaves=19
num_cat=16
split_feature=0 7 0 7 1 0 1 7 0 7 7 1 4 0 0 4 7 1
split_gain=40.2773 19.6571 7.21819 6.75156 4.88808 5.92859 3.02625 2.90911 2.79947 2.29132 2.25632 1.8445 1.69726 1.63288 1.52427 1.35271 1.84171 1.18183
threshold=0 1 2 3 4 5 6 7 8 9 10 11 79.920000000000016 12 13 156.35000000000002 14 15
decision_type=9 1 9 1 9 9 9 1 9 1 1 9 2 9 9 2 1 9
left_child=3 4 14 -1 5 7 9 -2 12 -5 -4 15 -8 17 -3 16 -10 -6
right_child=1 2 10 6 13 -7 8 -9 11 -11 -12 -13 -14 -15 -16 -17 -18 -19
leaf_value=-0.092586716818230011 0.074267822756589136 0.046416695685311926 -0.0020329343519256259 0.058771085471683707 -0.14284757069241713 0.07316259577603422 -0.07785974054274028 0.20496704045828948 0.0045971615321852869 -0.045959343013500117 -0.053184201842622507 -0.05944399232799475 -0.043141857788111131 0.064873063580492427 0.12157195294732109 0.040368811669536084 -0.060767334985001198 0.020978068614331179
leaf_weight=9094 588 1376 2750 859 332 4269 6566 2582 2352 617 4878 1510 6113 794 617 918 1187 626
leaf_count=9094 588 1376 2750 859 332 4269 6566 2582 2352 617 4878 1510 6113 794 617 918 1187 626
internal_value=-0.000325547 0.000504425 -0.00022233 -0.000859838 0.00126458 0.00152248 -0.000624005 0.00227814 -0.000703455 0.000377602 -0.000544421 -0.00029129 -0.000897038 0.000167061 0.00100693 -5.50907e-05 -0.000259295 -0.000470348
internal_weight=48028 18812 9621 29216 9191 7439 20122 3170 18646 1476 7628 5967 12679 1752 1993 4457 3539 958
internal_count=48028 18812 9621 29216 9191 7439 20122 3170 18646 1476 7628 5967 12679 1752 1993 4457 3539 958
cat_boundaries=0 1 2 3 4 5 6 7 8 9 10 11 12 13 14 15 16
cat_threshold=33688640 668 17358870 2147 2637892 67379750 557120 16 33554432 156 1025 2359296 67928448 557072 904 36864
is_linear=0
shrinkage=0.023


Tree=54
num_leaves=19
num_cat=6
split_feature=0 0 2 2 2 1 0 2 4 2 1 2 4 4 0 4 4 4
split_gain=35.2024 5.71359 4.92723 4.62281 2.05296 1.71723 1.51558 1.51978 1.76501 1.56921 1.42897 1.88961 1.1456 0.929623 0.83124 0.78291 0.768007 2.03651
threshold=0 1 90.768138215006061 120.32427543049302 2361.7284817799168 2 3 388.79686210529559 129.92000000000004 336.17005909186361 4 922.01816366722835 83.840000000000018 49.910000000000004 5 189.48500000000004 349.99500000000006 189.48500000000004
decision_type=9 9 2 2 2 9 9 2 2 2 9 2 2 2 9 2 2 2
left_child=2 15 12 -3 5 6 7 8 -5 -10 11 -4 -1 -9 -7 -2 17 -6
right_child=1 3 10 4 16 14 -8 13 9 -11 -12 -13 -14 -15 -16 -17 -18 -19
leaf_value=-0.11433695916450089 0.1584925980329438 -0.15101327728979275 -0.013523130049186117 -0.012591112524409045 0.12855129391810838 0.10196088252202058 0.017676721874306904 0.029491092082642577 0.23296531867313847 0.047320754209205972 -0.045931964687436162 0.12776910348589812 -0.078530195288514806 0.10759417236613963 -0.0093042619429977678 0.062793260842232967 -0.037171368675808905 0.26355672658586732
leaf_weight=4517 743 595 935 1580 363 224 7261 1023 240 317 20547 113 2974 3023 3194 260 79 87
leaf_count=4517 743 595 935 1580 363 224 7261 1023 240 317 20547 113 2974 3023 3194 260 79 87
internal_value=-0.000324606 0.000445612 -0.000827318 0.000350695 0.000419102 0.000374826 0.000491652 0.000756488 0.000261507 0.0013745 -0.000651279 0.000178223 -0.00133587 0.00101977 -8.5876e-05 0.00212698 0.00182967 0.0021967
internal_weight=48075 18989 29086 17986 17391 16862 13444 6183 2137 557 21595 1048 7491 4046 3418 1003 529 450
internal_count=48075 18989 29086 17986 17391 16862 13444 6183 2137 557 21595 1048 7491 4046 3418 1003 529 450
cat_boundaries=0 1 2 3 4 5 6
cat_threshold=100795464 24582 2113600 17563664 32836 528416
is_linear=0
shrinkage=0.023


Tree=55
num_leaves=19
num_cat=12
split_feature=0 7 0 7 0 2 2 7 2 7 0 7 7 4 4 7 2 7
split_gain=35.891 17.4986 7.82751 5.70291 5.23703 6.24077 4.71527 2.82018 2.18073 1.97683 1.60678 2.14998 1.26429 2.03771 1.23118 1.22132 1.17595 1.3606
threshold=0 1 2 3 4 233.50883225270439 104.79614203836395 5 388.79686210529559 6 7 8 9 144.92000000000004 79.920000000000016 10 688.20522748815858 11
decision_type=9 1 9 1 9 2 2 1 2 1 9 1 1 2 2 1 2 1
left_child=3 4 10 -1 5 -2 14 -7 12 -8 -3 -12 13 -9 -5 -4 -10 -18
right_child=1 2 15 6 -6 7 9 8 16 -11 11 -13 -14 -15 -16 -17 17 -19
leaf_value=-0.088304104124303479 -0.11372929257105487 0.044585189912178969 -0.010729380102801129 -0.10620426840676946 0.055540236727713521 0.064429980431443337 -0.0031138148164085088 0.1052924806147907 0.2286962533424203 -0.039263509559462249 0.20911683715323065 0.063750921546206457 0.11790847576599363 0.38753564353000419 -0.054648835836658284 -0.052128808306797531 0.070465159803621197 0.23686868939817507
leaf_weight=8085 276 1339 2594 3460 4962 756 5043 124 876 10585 298 284 799 61 2420 4914 223 1066
leaf_count=8085 276 1339 2594 3460 4962 756 5043 124 876 10585 298 284 799 61 2420 4914 223 1066
internal_value=-0.000321135 0.000471332 -0.000223928 -0.000818354 0.00118779 0.00178843 -0.000621864 0.00202895 0.00233042 -0.000413253 0.00108258 0.00208943 0.00143952 0.00312212 -0.00117734 -0.000559229 0.00274591 0.00230318
internal_weight=48165 18572 9429 29593 9143 4181 21508 3905 3149 15628 1921 582 984 185 5880 7508 2165 1289
internal_count=48165 18572 9429 29593 9143 4181 21508 3905 3149 15628 1921 582 984 185 5880 7508 2165 1289
cat_boundaries=0 1 2 3 4 5 6 7 8 9 10 11 12
cat_threshold=34739264 668 17358866 2083 17113638 16 136 557072 3073 4 1025 4
is_linear=0
shrinkage=0.023


Tree=56
num_leaves=19
num_cat=7
split_feature=0 0 2 2 6 4 6 4 0 1 4 2 1 2 1 1 2 4
split_gain=36.9066 6.67797 4.46427 3.84512 1.64553 1.52678 1.51393 1.43602 1.23418 1.15374 1.14813 1.07985 1.09504 1.035 0.978903 0.906431 1.09085 0.897617
threshold=0 1 146.82801526480685 240.32878198510898 1.5000000000000002 66.39500000000001 1.5000000000000002 78.045000000000016 2 3 499.01000000000005 388.79686210529559 4 1519.3943877340305 5 6 426.31449396009759 159.90500000000003
decision_type=9 9 2 2 2 2 2 2 9 9 2 2 9 2 9 9 2 2
left_child=2 17 7 -3 5 -5 9 -1 14 10 13 -10 -13 -4 -7 -11 -17 -2
right_child=1 3 6 4 -6 8 -8 -9 11 15 -12 12 -14 -15 -16 16 -18 -19
leaf_value=-0.10480082478280627 0.1246125045282979 -0.10451753340115158 -0.019540828832878707 0.017144665653137357 -0.10181243805481972 0.035104952675460759 -0.14863715918944814 -0.06277993931845588 0.032187388883035496 -0.095667926784181637 0.07286692728953037 0.09580441028930968 0.028740754557442551 0.14738070441801118 -0.024382374599701148 -0.055649339894404702 -0.027777820224845345 0.19742438546618779
leaf_weight=5288 835 871 1933 6379 198 2884 270 4369 1468 580 148 4422 769 65 704 8343 8280 338
leaf_count=5288 835 871 1933 6379 198 2884 270 4369 1468 580 148 4422 769 65 704 8343 8280 338
internal_value=-0.00027632 0.000516817 -0.000787395 0.000404654 0.000482031 0.000506862 -0.000588388 -0.00119249 0.00068076 -0.000564504 -5.97347e-05 0.000865963 0.00102302 -0.000204883 0.000333664 -0.000627071 -0.000595009 0.00219072
internal_weight=48144 18868 29276 17695 16824 16626 19619 9657 10247 19349 2146 6659 5191 1998 3588 17203 16623 1173
internal_count=48144 18868 29276 17695 16824 16626 19619 9657 10247 19349 2146 6659 5191 1998 3588 17203 16623 1173
cat_boundaries=0 1 2 3 4 5 6 7
cat_threshold=33688640 17309702 80744577 557124 2900544 2130056 4650
is_linear=0
shrinkage=0.023


Tree=57
num_leaves=19
num_cat=9
split_feature=0 1 0 1 0 1 0 6 4 4 4 1 4 0 5 4 6 4
split_gain=36.3256 4.75653 3.11537 2.82341 2.70911 1.70775 1.67704 1.23954 1.03801 1.01516 0.877226 0.776736 0.768306 1.08242 0.674381 0.619432 0.581732 0.548647
threshold=0 1 2 3 4 5 6 1.5000000000000002 79.02500000000002 119.82000000000002 79.920000000000016 7 128.94500000000002 8 2.5000000000000004 79.995000000000019 1.5000000000000002 235.06000000000003
decision_type=9 9 9 9 9 9 9 2 2 2 2 9 2 9 2 2 2 2
left_child=2 4 3 9 -2 8 -3 12 11 -1 -5 -4 14 -14 -6 -12 -10 -7
right_child=1 6 5 10 7 17 -8 -9 16 -11 15 -13 13 -15 -16 -17 -18 -19
leaf_value=-0.042224696462034389 0.136353651314501 -0.074607174388544847 0.064800703342964408 -0.084704773959972016 0.04198366225740946 -0.075071814999607633 0.028890044157375578 -0.10534130120793395 -0.0026740314751819744 0.0013757692287059216 0.023825293182470009 -0.036551085880219263 0.041261742088372022 0.098501282027768616 -0.10132480211029302 -0.06882670498942059 -0.14498259927020568 -0.01704049217761534
leaf_weight=2431 817 1646 159 8265 9524 2098 698 156 4470 1642 101 3801 1460 2971 86 7116 80 368
leaf_count=2431 817 1646 159 8265 9524 2098 698 156 4470 1642 101 3801 1460 2971 86 7116 80 368
internal_value=-0.00029148 0.000548507 -0.000768971 -0.000943384 0.000698991 -0.000457647 -0.000414235 0.00062376 -0.00030234 -0.00040162 -0.00108555 -0.000574969 0.000646859 0.000897427 0.000531309 -0.000900915 -6.57117e-05 -0.000990139
internal_weight=47889 17358 30531 19555 15014 10976 2344 14197 8510 4073 15482 3960 14041 4431 9610 7217 4550 2466
internal_count=47889 17358 30531 19555 15014 10976 2344 14197 8510 4073 15482 3960 14041 4431 9610 7217 4550 2466
cat_boundaries=0 1 2 3 4 5 6 7 8 9
cat_threshold=101848393 2113772 33554432 574160 16785414 2916416 12845184 32832 4246144
is_linear=0
shrinkage=0.023


Tree=58
num_leaves=19
num_cat=15
split_feature=0 7 7 1 0 0 1 7 0 7 0 0 4 1 4 0 1 4
split_gain=33.2058 19.1655 6.70609 4.93074 4.93471 3.89895 3.23057 2.98056 2.70948 2.46257 2.19127 2.09601 1.39581 1.35128 1.33583 1.31326 1.19906 1.20778
threshold=0 1 2 3 4 5 6 7 8 9 10 11 449.30500000000006 12 69.920000000000016 13 14 54.895000000000003
decision_type=9 1 1 9 9 9 9 1 9 1 9 9 2 9 2 9 9 2
left_child=2 3 13 4 7 -3 9 -2 14 -4 -9 -5 -7 -1 -8 -6 -10 -18
right_child=1 5 6 11 15 12 8 10 16 -11 -12 -13 -14 -15 -16 -17 17 -19
leaf_value=-0.046616468218406065 0.21945736600705992 -0.056742410123370252 0.1550680037375145 0.20290339688285303 -0.0059031421352506034 0.0079270628605045933 -0.069091934116199086 0.068669946603234985 -0.085278911595441834 -0.024872985454591216 0.23169464629523345 -0.03359733295274818 0.21911837955302751 -0.094007445135328396 -0.037111171876177844 0.076183118916358247 -0.036034842954357535 0.0081631500833940062
leaf_weight=1868 2017 5016 336 203 725 2285 6028 1797 793 473 258 1438 137 7269 7011 4891 1822 3635
leaf_count=1868 2017 5016 336 203 725 2285 6028 1797 793 473 258 1438 137 7269 7011 4891 1822 3635
internal_value=-0.000295249 0.0004597 -0.000779769 0.00105495 0.00125266 -0.000447141 -0.000544226 0.00186379 -0.000604103 0.000873147 0.00123062 -0.000112826 0.000310169 -0.00129669 -0.000792975 0.000806971 -0.000209418 -8.70832e-05
internal_weight=48002 18767 29235 11329 9688 7438 20098 4072 19289 809 2055 1641 2422 9137 13039 5616 6250 5457
internal_count=48002 18767 29235 11329 9688 7438 20098 4072 19289 809 2055 1641 2422 9137 13039 5616 6250 5457
cat_boundaries=0 1 2 3 4 5 6 7 8 9 10 11 12 13 14 15
cat_threshold=33688640 669 2147 2113748 17047590 81007136 32832 140 33554432 140 262176 17850914 540848 1114376 666
is_linear=0
shrinkage=0.023


Tree=59
num_leaves=19
num_cat=12
split_feature=0 7 7 0 2 2 0 1 7 7 1 7 0 2 0 2 2 2
split_gain=31.6079 19.821 6.28292 6.10002 5.09358 4.90759 4.13482 2.15771 1.99513 1.48517 1.40083 2.6879 1.53689 2.03971 1.33884 1.23516 1.1906 2.00721
threshold=0 1 2 3 90.768138215006061 225.70083809415459 4 5 6 7 8 9 10 388.79686210529559 11 849.84417946220049 541.18913244519524 563.49756974832383
decision_type=9 1 1 9 2 2 9 9 1 1 9 1 9 2 9 2 2 2
left_child=2 5 -1 9 -4 -2 -7 -6 -9 -3 11 14 -13 -14 15 -8 -15 -18
right_child=1 3 4 -5 7 6 10 8 -10 -11 -12 12 13 16 -16 -17 17 -19
leaf_value=-0.081671017490693859 -0.11761216387717344 -0.027525540268038277 -0.088021620439282466 0.060172380793745039 -0.081357645877418408 0.047441221424572799 0.014342532864835092 -0.0043500531847744175 -0.033514172027955896 -0.074467433620058351 0.13309544562824904 0.12016652656566637 0.18949105174756031 0.33076569867575234 0.016886677432982573 0.17075399628892948 -0.046773746393250527 0.19965492036423602
leaf_weight=8153 395 4942 5444 1983 788 3018 101 8730 7214 2119 1322 1103 821 377 565 123 69 806
leaf_count=8153 395 4942 5444 1983 788 3018 101 8730 7214 2119 1322 1103 821 377 565 123 69 806
internal_value=-0.000302516 0.00046844 -0.000753471 -0.000285525 -0.000552136 0.00125163 0.00137221 -0.000353546 -0.000294669 -0.000602061 0.00175977 0.00198165 0.00228396 0.00266851 0.000751107 0.00221928 0.00326572 0.00279872
internal_weight=48073 17744 30329 9044 22176 8700 8305 16732 15944 7061 5287 3965 3176 2073 789 224 1252 875
internal_count=48073 17744 30329 9044 22176 8700 8305 16732 15944 7061 5287 3965 3176 2073 789 224 1252 875
cat_boundaries=0 1 2 3 4 5 6 7 8 9 10 11 12
cat_threshold=33690952 668 2083 81070752 93882512 266794 652 1283 2621440 16 4210723 4210690
is_linear=0
shrinkage=0.023


Tree=60
num_leaves=19
num_cat=3
split_feature=2 2 1 3 3 1 3 5 3 5 3 2 2 1 4 4 2 2
split_gain=21.8191 7.88906 4.24594 2.93505 1.52343 1.51222 1.56587 1.96046 1.88385 1.42348 2.07784 1.34142 1.32155 1.28326 0.887813 0.972117 0.790027 0.86867
threshold=563.49756974832383 146.82801526480685 0 20.075000000000003 10.075000000000001 1 15.045000000000002 1.5000000000000002 21.355000000000004 1.5000000000000002 36.605000000000011 25.312129971147446 2339.3154995388018 2 46.920000000000009 164.99500000000003 2470.7197511026416 674.45785259047409
decision_type=2 2 9 2 2 9 2 2 2 2 2 2 2 9 2 2 2 2
left_child=1 4 12 13 -1 -3 -7 8 -8 10 16 -6 -2 14 -4 -16 17 -5
right_child=2 5 3 9 11 6 7 -9 -10 -11 -12 -13 -14 -15 15 -17 -18 -19
leaf_value=-0.1001190542769618 -0.058081692821367187 -0.065291916486448401 -0.0060221163707758745 0.054703277788722304 -0.12038071199280667 -0.044143340265871633 -0.017978500873172373 -0.068329968055021895 0.035731269991288221 0.01001098938085874 0.099710550757775268 -0.048509351129008546 0.070120783369669828 -0.030544943195401224 0.041571687663066577 -0.015892089598763245 0.13020188006626221 0.034387301080633384
leaf_weight=4727 1566 1904 2394 433 1525 6038 7422 1754 2328 1611 1840 4116 93 1010 4073 811 244 4116
leaf_count=4727 1566 1904 2394 433 1525 6038 7422 1754 2328 1611 1840 4116 93 1010 4073 811 244 4116
internal_value=-0.000277647 -0.000660665 0.000350097 0.000461328 -0.00117305 -0.000387469 -0.000319994 -0.000162741 -3.53844e-05 0.000768878 0.000917819 -0.000917763 -0.000756462 0.000155956 0.00026256 0.000440766 0.000665544 0.000597091
internal_weight=48005 29814 18191 16532 10368 19446 17542 11504 9750 8244 6633 5641 1659 8288 7278 4884 4793 4549
internal_count=48005 29814 18191 16532 10368 19446 17542 11504 9750 8244 6633 5641 1659 8288 7278 4884 4793 4549
cat_boundaries=0 1 2 3
cat_threshold=268842 278554 2146368
is_linear=0
shrinkage=0.023


Tree=61
num_leaves=19
num_cat=12
split_feature=0 7 7 0 3 1 0 7 0 3 3 7 3 0 4 0 1 3
split_gain=30.7482 16.917 6.99567 6.59142 4.44494 4.37143 3.10142 2.90776 3.3693 2.13304 1.70336 1.65835 1.56893 1.46965 1.33154 1.27586 1.22316 1.19584
threshold=0 1 2 3 11.815000000000003 4 5 6 7 41.425000000000004 15.185 8 9.6650000000000009 9 31.910000000000004 10 11 16.115000000000006
decision_type=9 1 1 9 2 9 9 1 9 2 2 1 2 9 2 9 9 2
left_child=2 5 4 -3 -1 7 9 13 -9 -7 -8 -4 -13 -2 -15 -12 -6 -10
right_child=1 3 11 -5 16 6 10 8 17 -11 15 12 -14 14 -16 -17 -18 -19
leaf_value=-0.082492180834825568 0.19736188489847384 -0.051350206947848677 -0.087068472149690532 0.059558402140187698 -0.064279847657433359 0.073594877301502798 -0.09811832107285276 0.089751649307368703 0.15824452590742391 0.29558144148576088 0.083009571942334215 -0.10661535585188876 -0.04335938842934095 -0.031810311557085899 0.05845612667666282 -0.043925544977729596 -0.00022258615361029545 0.19931779595959545
leaf_weight=2340 172 5559 4532 1676 630 265 499 2455 708 132 1760 2278 11335 426 2096 563 8924 1683
leaf_count=2340 172 5559 4532 1676 630 265 499 2455 708 132 1760 2278 11335 426 2096 563 8924 1683
internal_value=-0.000274517 0.000477265 -0.000724768 -0.000382529 -0.000290587 0.00105526 0.00034259 0.00135864 0.00169745 0.00221968 7.14628e-05 -0.00100905 -0.000880108 0.000745057 0.000597657 0.000333631 -7.07756e-05 0.00231703
internal_weight=48033 17994 30039 7235 11894 10759 3219 7540 4846 397 2822 18145 13613 2694 2522 2323 9554 2391
internal_count=48033 17994 30039 7235 11894 10759 3219 7540 4846 397 2822 18145 13613 2694 2522 2323 9554 2391
cat_boundaries=0 1 2 3 4 5 6 7 8 9 10 11 12
cat_threshold=100795720 669 652 13965473 2097244 17838626 17 14192787 2082 16801794 4505616 528910
is_linear=0
shrinkage=0.023


Tree=62
num_leaves=19
num_cat=9
split_feature=2 7 2 1 7 2 4 2 1 7 1 2 1 2 4 7 2 7
split_gain=18.2132 19.2121 4.62064 3.56929 2.78152 2.5681 2.10689 1.95008 2.44031 1.67678 2.62486 1.55292 1.32651 1.43085 1.31677 1.30381 1.65678 1.3036
threshold=164.94920167760708 0 627.20003777922909 1 2 527.2532870420572 40.940000000000005 831.82139423978458 3 4 5 25.312129971147446 6 1645.1738329028296 17.995000000000001 7 2167.7732156647394 8
decision_type=2 1 2 9 1 2 2 2 9 1 9 2 9 2 2 1 2 1
left_child=11 3 4 5 -3 14 -7 17 -9 12 -11 -1 13 -4 -2 16 -8 -5
right_child=1 2 9 7 -6 6 15 8 -10 10 -12 -13 -14 -15 -16 -17 -18 -19
leaf_value=-0.11561111548444572 0.11325631415503391 -0.036181484256795564 0.0039716885596312954 0.013722906776341861 -0.081540586728776621 0.026249106078768372 0.11504712337945562 0.13785773193991138 -0.03030173543085429 0.14393181757166251 -0.027593514408057018 -0.062268785094773411 -0.060213638673283304 0.053714461400488307 0.032453007867029413 0.069138709016199687 0.22018957287278354 -0.063884157463669045
leaf_weight=3598 226 8466 3077 1352 4039 1151 1965 1037 508 113 5254 7393 477 1034 5034 1759 222 1519
leaf_count=3598 226 8466 3077 1352 4039 1151 1965 1037 508 113 5254 7393 477 1034 5034 1759 222 1519
internal_value=-0.000305432 -6.25764e-05 -0.0004862 0.000581409 -0.000780755 0.000814866 0.00118357 3.32558e-05 0.000692134 -0.000116673 -0.000392229 -0.00112811 0.000206079 0.000339875 0.000459106 0.00143611 0.00181406 -0.000321223
internal_weight=48224 37233 22460 14773 12505 10357 5097 4416 1545 9955 5367 10991 4588 4111 5260 3946 2187 2871
internal_count=48224 37233 22460 14773 12505 10357 5097 4416 1545 9955 5367 10991 4588 4111 5260 3946 2187 2871
cat_boundaries=0 1 2 3 4 5 6 7 8 9
cat_threshold=652 2129984 1297 540848 1041 96 2670728 136 12
is_linear=0
shrinkage=0.023


Tree=63
num_leaves=19
num_cat=6
split_feature=0 3 2 0 2 1 1 2 0 3 3 5 0 3 2 3 3 3
split_gain=32.379 4.63064 4.50129 3.08046 1.8918 1.78674 1.25563 1.82483 1.41482 1.24753 1.21851 1.32344 1.44594 1.31916 1.20728 1.20141 2.12545 1.12415
threshold=0 9.6650000000000009 104.79614203836395 1 2387.0539802209737 2 3 1902.4841271627406 4 36.605000000000011 16.115000000000006 1.5000000000000002 5 16.465000000000003 855.95601151484618 37.980000000000011 39.735000000000007 34.385000000000012
decision_type=9 2 2 9 2 9 9 2 9 2 2 2 9 2 2 2 2 2
left_child=1 -1 -2 9 5 10 7 -3 -8 -4 -5 12 15 14 -14 -12 -17 -10
right_child=2 6 3 4 -6 -7 8 -9 17 -11 11 -13 13 -15 -16 16 -18 -19
leaf_value=-0.094412412082403474 -0.13092857853414366 -0.013092770228380061 0.083089003766815495 0.013697423989869457 0.16130863425722136 -0.027159195988799217 -0.049402409089555496 0.14129810205600879 -0.027491436422383914 0.17131178498349917 0.081368380193635723 0.0028334730612931455 0.06269861332185557 0.018501701903286653 0.29224490831476307 0.31064478661345191 0.080791188143257656 0.017353204498922862
leaf_weight=4510 556 1118 588 3525 323 1567 16950 68 6860 306 4695 1401 143 3251 93 84 601 1153
leaf_count=4510 556 1118 588 3525 323 1567 16950 68 6860 306 4695 1401 143 3251 93 84 601 1153
internal_value=-0.000279222 -0.000726615 0.000521494 0.00059008 0.000513986 0.000477662 -0.000609453 0.000123054 -0.000644046 0.00189755 0.000561035 0.000688103 0.000791894 0.000422878 0.00208365 0.00102834 0.00193004 -0.000390729
internal_weight=47792 30659 17133 16577 15683 15360 26149 1186 24963 894 13793 10268 8867 3487 236 5380 685 8013
internal_count=47792 30659 17133 16577 15683 15360 26149 1186 24963 894 13793 10268 8867 3487 236 5380 685 8013
cat_boundaries=0 1 2 3 4 5 6
cat_threshold=34741576 16785414 2113768 32836 33685504 311344
is_linear=0
shrinkage=0.023


Tree=64
num_leaves=19
num_cat=6
split_feature=7 3 3 1 3 6 6 7 3 3 7 1 4 3 7 4 4 3
split_gain=18.1978 11.4537 6.53365 3.23049 3.62337 1.90046 1.76236 1.57756 1.63213 1.52224 1.48359 1.75945 1.737 1.29082 1.2491 1.12336 1.08142 1.02351
threshold=0 11.815000000000003 17.135000000000002 1 15.045000000000002 1.5000000000000002 1.5000000000000002 2 36.32500000000001 14.015000000000002 3 4 64.930000000000021 1.0000000180025095e-35 5 730.93000000000018 40.940000000000005 38.595000000000006
decision_type=1 2 2 9 2 2 2 1 2 2 1 9 2 2 1 2 2 2
left_child=1 -1 9 4 -3 16 10 8 -5 13 11 12 -4 -2 -11 -12 -6 -13
right_child=2 3 6 7 5 -7 -8 -9 -10 14 15 17 -14 -15 -16 -17 -18 -19
leaf_value=-0.086468261883304323 0.019422947951387388 -0.002672626224963468 -0.050828648564319248 0.01604623958761971 0.032450389636975323 -0.080173773806176421 -0.10601232915643087 -0.028269292393684718 0.32912405755439372 -0.03006306252121552 -0.050185597786472122 -0.016634539526807851 0.091774267573634008 -0.081671400086507959 -0.062413123588697259 0.057977289368944175 0.077988971302221419 0.024186864218028417
leaf_weight=2430 205 3220 103 377 1676 163 379 2395 135 3320 3994 7134 407 7522 4117 177 8435 1688
leaf_count=2430 205 3220 103 377 1676 163 379 2395 135 3320 3994 7134 407 7522 4117 177 8435 1688
internal_value=-0.000266476 0.000290411 -0.000627398 0.000508907 0.000658445 0.000869924 -0.000267076 -0.000186857 0.000960131 -0.000957663 -0.000223644 -6.20415e-05 0.00123794 -0.00118375 -0.00072273 -0.000583634 0.000909652 -0.000138539
internal_weight=47877 18831 29046 16401 13494 10274 13882 2907 512 15164 13503 9332 510 7727 7437 4171 10111 8822
internal_count=47877 18831 29046 16401 13494 10274 13882 2907 512 15164 13503 9332 510 7727 7437 4171 10111 8822
cat_boundaries=0 1 2 3 4 5 6
cat_threshold=652 2146384 4 1297 524356 1041
is_linear=0
shrinkage=0.023


Tree=65
num_leaves=19
num_cat=13
split_feature=0 7 7 3 0 3 0 7 1 1 3 1 7 3 7 3 0 0
split_gain=25.9413 14.337 5.45155 4.57906 5.53333 3.83883 3.19423 2.73273 1.99922 1.84812 1.76017 1.62873 1.71828 1.62007 1.55893 1.55133 1.97176 1.51827
threshold=0 1 2 14.095000000000001 3 11.155000000000003 4 5 6 7 22.415000000000003 8 9 41.425000000000004 10 15.045000000000002 11 12
decision_type=9 1 1 2 9 2 9 1 9 9 2 9 1 2 1 2 9 9
left_child=2 3 5 -2 8 -1 -3 9 -5 -6 -8 14 13 -13 -7 -11 -17 -9
right_child=1 6 -4 4 7 11 10 17 -10 15 -12 12 -14 -15 -16 16 -18 -19
leaf_value=-0.078038006904795121 -0.12447794544531857 -0.042889873154258323 -0.070896582517994175 -0.022671386418452334 -0.044062411150847608 -0.029591723682022779 -0.034935702576011876 0.054797770408117598 0.054321870621796588 0.018559335123335893 0.061562283622045182 -0.048659446492542599 -0.010827474046352868 0.04583108290098014 0.05686842263592249 0.037855449865948618 0.20570652086842189 0.16244907659646679
leaf_weight=3559 380 5588 10900 926 128 528 617 2167 4690 228 1085 4667 8747 361 875 270 1934 454
leaf_count=3559 380 5588 10900 926 128 528 617 2167 4690 228 1085 4667 8747 361 875 270 1934 454
internal_value=-0.000286591 0.000389988 -0.000708064 0.000907276 0.000995432 -0.000469515 -0.000403276 0.00153696 0.000492195 0.00207609 0.000467463 -0.00031034 -0.000386248 -0.000724939 0.000434539 0.00222068 0.00241664 0.00100436
internal_weight=48104 18467 29637 11177 10797 18737 7290 5181 5616 2560 1702 15178 13775 5028 1403 2432 2204 2621
internal_count=48104 18467 29637 11177 10797 18737 7290 5181 5616 2560 1702 15178 13775 5028 1403 2432 2204 2621
cat_boundaries=0 1 2 3 4 5 6 7 8 9 10 11 12 13
cat_threshold=34802952 669 924 12619985 79958240 140 806946 294928 557120 272 768 16794114 67371552
is_linear=0
shrinkage=0.023


Tree=66
num_leaves=19
num_cat=9
split_feature=0 7 7 2 3 0 0 7 3 0 3 4 7 3 2 7 3 2
split_gain=25.7215 15.0029 5.36023 4.42955 4.25387 4.86952 3.4286 2.77747 2.09036 1.88833 1.46137 1.45618 1.35684 1.80444 1.25026 1.48233 1.22709 1.12557
threshold=0 1 2 55.379492833299132 14.095000000000001 3 4 5 20.805000000000003 6 35.345000000000006 79.920000000000016 7 11.815000000000003 438.59450006655169 8 48.765000000000008 422.64157496000263
decision_type=9 1 1 2 2 9 9 1 2 9 2 2 1 2 2 1 2 2
left_child=2 4 17 11 -2 14 -3 9 -8 -7 12 -4 13 -5 15 -6 -9 -1
right_child=1 6 3 10 5 7 8 16 -10 -11 -12 -13 -14 -15 -16 -17 -18 -19
leaf_value=-0.088621326834238234 -0.11919854628566896 -0.048081635008937834 -0.096983497380906031 -0.071136993650968025 0.092630177455411938 0.1803978422444498 -0.027079000482247432 0.062107780274098121 0.076254048788947995 0.26211741883426593 0.017297327792413025 -0.050014359215453198 -0.036155137990689507 -0.0038320947548181826 0.058947078516239433 -0.10546095759716782 0.18074046589888132 -0.043533834134187682
leaf_weight=5976 345 5159 2229 825 143 1537 755 2792 1099 306 1640 1524 8114 6480 5070 315 289 3432
leaf_count=5976 345 5159 2229 825 143 1537 755 2792 1099 306 1640 1524 8114 6480 5070 315 289 3432
internal_value=-0.000285404 0.000407851 -0.000693876 -0.000487345 0.000945562 0.00102939 -0.000420164 0.00155502 0.00042688 0.00226746 -0.000330186 -0.00120294 -0.000399612 -0.000171356 0.000557327 -0.000592292 0.00112276 -0.00114973
internal_weight=48030 17810 30220 20812 10797 10452 7013 4924 1854 1843 17059 3753 15419 7305 5528 458 3081 9408
internal_count=48030 17810 30220 20812 10797 10452 7013 4924 1854 1843 17059 3753 15419 7305 5528 458 3081 9408
cat_boundaries=0 1 2 3 4 5 6 7 8 9
cat_threshold=33752392 669 2147 13671057 81025568 136 17580034 648 24
is_linear=0
shrinkage=0.023


Tree=67
num_leaves=19
num_cat=5
split_feature=2 3 2 1 2 6 3 1 2 3 6 1 3 1 4 1 3 4
split_gain=18.7404 6.12279 3.77841 2.7566 2.47814 1.57121 1.67813 1.02997 0.9395 0.863853 1.03254 0.774479 0.686971 0.655491 0.645412 0.714181 0.643247 0.660377
threshold=426.31449396009759 10.075000000000001 1519.3943877340305 0 37.77157551604224 1.5000000000000002 15.745000000000003 1 578.62996211279039 35.935000000000009 1.5000000000000002 2 19.035000000000004 3 98.995000000000019 4 16.545000000000005 179.99500000000003
decision_type=2 2 2 9 2 2 2 9 2 2 2 9 2 9 2 9 2 2
left_child=1 -1 3 -2 -3 6 13 -4 -8 -6 -11 -9 -13 -5 15 -10 17 -16
right_child=2 4 7 5 9 -7 8 11 14 10 -12 12 -14 -15 16 -17 -18 -19
leaf_value=-0.093028015705627173 -0.061403258175074055 -0.093825779755870142 0.1152788304991097 -0.096087538345066351 -0.035204889825736864 -0.091628609101859965 -0.00044746687814649713 -0.058409362975253169 -0.045538462236918979 0.013334255981810031 -0.15143293600997046 -0.020648064687696241 0.055903078224897755 -0.0081448720257289893 0.10337745212393028 0.019274160300834686 0.030802691413960033 0.12895108974800298
leaf_weight=5053 1463 2068 653 518 14830 258 4216 157 309 1336 90 333 3212 4538 205 4120 4604 102
leaf_count=5053 1463 2068 653 518 14830 258 4216 157 309 1336 90 333 3212 4538 205 4120 4604 102
internal_value=-0.000277779 -0.00074449 0.000164151 3.24636e-05 -0.000549012 0.000107202 0.000131977 0.00077895 0.000265354 -0.000453599 8.70828e-05 0.000624531 0.000695456 -0.000225624 0.000393994 0.000192652 0.000575559 0.00159462
internal_weight=48065 23377 24688 20333 18324 18870 18612 4355 13556 16256 1426 3702 3545 5056 9340 4429 4911 307
internal_count=48065 23377 24688 20333 18324 18870 18612 4355 13556 16256 1426 3702 3545 5056 9340 4429 4911 307
cat_boundaries=0 1 2 3 4 5
cat_threshold=267066 16576 137216 128 524288
is_linear=0
shrinkage=0.023


Tree=68
num_leaves=19
num_cat=12
split_feature=0 1 0 0 1 6 1 0 4 0 5 4 1 1 0 0 4 4
split_gain=25.7221 3.67656 3.50934 2.53584 2.94908 2.34177 1.61737 1.42642 1.67939 1.40344 0.876666 0.845788 0.810891 0.647912 0.690626 0.668212 0.647163 0.586417
threshold=0 1 2 3 4 1.5000000000000002 5 6 99.995000000000019 7 1.5000000000000002 79.920000000000016 8 9 10 11 21.025000000000002 55.040000000000006
decision_type=9 9 9 9 9 2 9 9 2 9 2 2 9 9 9 9 2 2
left_child=3 9 -3 4 11 7 17 12 -9 -2 -10 -1 16 14 -11 -15 -4 -5
right_child=1 2 5 6 -6 -7 -8 8 10 13 -12 -13 -14 15 -16 -17 -18 -19
leaf_value=-0.071872867944994576 -0.082187843041210226 0.11552150771897601 -0.020292511072312742 -0.027075242818099799 -0.021352747139476852 -0.11967968827947534 -0.051914115566130271 0.032564638552521896 0.089624502973945433 -0.025793118752536624 0.011543950459442965 -0.055327295700009146 -0.025174077050544461 0.052314050922819676 0.075577848420645702 -0.10049529632828803 0.023587499498772625 -0.004393501115810652
leaf_weight=8405 945 1049 330 2462 4109 183 2338 5641 3581 123 577 7315 1054 101 180 247 4341 4966
leaf_count=8405 945 1049 330 2462 4109 183 2338 5641 3581 123 577 7315 1054 101 180 247 4341 4966
internal_value=-0.00027712 0.000399319 0.000499886 -0.000696482 -0.000846188 0.000413107 -0.000391952 0.000443874 0.000612209 -0.000652962 0.000963537 -0.000989879 0.000154396 0.000170442 0.000932571 -0.00050081 0.000284477 -0.000225108
internal_weight=47947 18352 16756 29595 19829 15707 9766 15524 9799 1596 4158 15720 5725 651 303 348 4671 7428
internal_count=47947 18352 16756 29595 19829 15707 9766 15524 9799 1596 4158 15720 5725 651 303 348 4671 7428
cat_boundaries=0 1 2 3 4 5 6 7 8 9 10 11 12
cat_threshold=100797705 301058 16801798 33554432 2363690 2658368 13701184 25428112 2097360 32768 57920 549440
is_linear=0
shrinkage=0.023


Tree=69
num_leaves=19
num_cat=17
split_feature=0 7 7 0 1 0 7 4 0 1 0 0 1 1 0 1 7 7
split_gain=21.3874 12.6922 6.4185 3.95747 3.59799 5.10139 2.71168 2.59634 1.87745 1.5922 1.52552 1.12251 1.32832 1.11692 1.07063 1.64369 1.04574 1.03394
threshold=0 1 2 3 4 5 6 69.920000000000016 7 8 9 10 11 12 13 14 15 16
decision_type=9 1 1 9 9 9 1 2 9 9 9 9 9 9 9 9 1 1
left_child=2 4 -1 -3 5 -2 10 13 -8 -9 -7 -6 -13 16 -11 17 -4 -16
right_child=1 3 7 -5 11 6 8 9 -10 14 -12 12 -14 -15 15 -17 -18 -19
leaf_value=-0.071000455231484141 0.038044209156800353 -0.047546990016894809 -0.0263485039812359 0.032700359136918669 -0.077394214444440251 0.0453480585858346 0.05080203246310936 0.032463152448663025 0.15791222768489599 -0.026587039583819555 0.19469122030813643 0.14023006372976102 -0.10598912586693195 0.032624948423206443 0.036577246406372416 -0.074781944394362296 -0.052238733945769777 -0.011011000233031471
leaf_weight=9766 5416 5436 3071 1822 652 224 1960 992 388 6573 2035 257 140 393 1542 622 5335 1307
leaf_count=9766 5416 5436 3071 1822 652 224 1960 992 388 6573 2035 257 140 393 1542 622 5335 1307
internal_value=-0.00025869 0.000358665 -0.000640883 -0.000388596 0.000848422 0.000982745 0.00154571 -0.000402742 0.000987015 -0.000167975 0.00211936 -0.000432111 0.000525268 -0.000697642 -0.000254839 7.20144e-05 -0.000753165 0.000306482
internal_weight=47931 18330 29601 7258 11072 10023 4607 19835 2348 11036 2259 1049 397 8799 10044 3471 8406 2849
internal_count=47931 18330 29601 7258 11072 10023 4607 19835 2348 11036 2259 1049 397 8799 10044 3471 8406 2849
cat_boundaries=0 1 2 3 4 5 6 7 8 9 10 11 12 13 14 15 16 17
cat_threshold=34802944 669 3107 80482984 2638044 79729360 140 262185 557120 17317890 12861440 294912 2637960 33554432 2113536 584 392
is_linear=0
shrinkage=0.023


Tree=70
num_leaves=19
num_cat=13
split_feature=0 0 1 0 4 6 4 1 0 6 0 1 0 1 1 1 1 4
split_gain=20.06 3.93505 2.69557 2.24132 2.1478 1.48394 1.28913 1.22907 1.07395 0.987717 0.976156 0.856145 0.738138 1.35466 0.746629 0.554404 0.521686 0.465829
threshold=0 1 2 3 94.925000000000026 1.5000000000000002 29.895000000000003 4 5 1.5000000000000002 6 7 8 9 10 11 12 326.41000000000008
decision_type=9 9 9 9 2 2 2 9 9 2 9 9 9 9 9 9 9 2
left_child=4 16 5 15 12 6 -3 -6 17 10 11 -9 13 -1 -14 -4 -2 -8
right_child=1 2 3 -5 7 -7 8 9 -10 -11 -12 -13 14 -15 -16 -17 -18 -19
leaf_value=-0.019739344619438812 0.15504449127545969 -0.013020078683082612 -0.050339984727017083 -0.06064621339294015 -0.062024415847130643 -0.083362635685002448 0.0058075432482567139 -0.04103928455181307 0.046636002036573192 -0.13548576593896464 -0.0062782269692401469 -1.739854446827179e-05 -0.021412277017455385 -0.065004094700130063 -0.060633134494544327 0.103470344446111 0.056461265902334419 0.047584065963450287
leaf_weight=3652 521 1937 113 2040 642 188 4360 6375 8698 265 4005 1383 717 1292 10860 349 152 408
leaf_count=3652 521 1937 113 2040 642 188 4360 6375 8698 265 4005 1383 717 1292 10860 349 152 408
internal_value=-0.00029097 0.000295703 0.000230848 -0.000468749 -0.000667997 0.000343351 0.00036837 -0.000442929 0.000448173 -0.000389377 -0.000358397 -0.000508663 -0.000840998 -0.000600741 -0.000942254 0.00096438 0.00200975 0.000169435
internal_weight=47957 18766 18093 2502 29191 15591 15403 12670 13466 12028 11763 7758 16521 4944 11577 462 673 4768
internal_count=47957 18766 18093 2502 29191 15591 15403 12670 13466 12028 11763 7758 16521 4944 11577 462 673 4768
cat_boundaries=0 1 2 3 4 5 6 7 8 9 10 11 12 13
cat_threshold=100861001 8194 2113734 1098288 266282 5249440 33554433 2113536 132161 2130016 819216 4152 2113536
is_linear=0
shrinkage=0.023


Tree=71
num_leaves=19
num_cat=10
split_feature=0 1 0 1 0 6 4 0 1 4 0 1 4 4 1 4 6 4
split_gain=21.2694 3.17783 2.14495 1.88275 2.63883 1.49342 1.09935 1.08081 0.996693 0.796384 0.736243 0.721285 0.670682 0.808543 0.615569 0.590587 0.569314 0.566343
threshold=0 1 2 3 4 1.5000000000000002 72.925000000000026 5 6 69.920000000000016 7 8 40.940000000000005 49.895000000000003 9 849.94000000000017 1.5000000000000002 74.995000000000019
decision_type=9 9 9 9 9 2 2 9 9 2 9 9 2 2 9 2 2 2
left_child=3 7 12 16 9 6 11 -2 -6 -5 -8 -4 -3 -14 -12 17 -1 -16
right_child=1 2 5 4 8 -7 10 -9 -10 -11 14 -13 13 -15 15 -17 -18 -19
leaf_value=-0.019025699800940783 -0.07829252324347527 0.029376045820971156 0.020236602766948615 -0.067280267954834161 -0.018918882441249337 -0.10169531009321377 0.018436667761547045 0.023169850810609089 -0.1135007571525458 -0.052508427712546352 0.0024152769092227739 -0.024495457087578047 0.22537623503343635 0.10626907003336193 0.20364259927224321 0.17663369162775916 -0.15704601656214079 0.060596901562126347
leaf_weight=6810 1304 267 5902 7569 6480 188 3535 446 253 8127 673 644 65 1010 61 105 77 4471
leaf_count=6810 1304 267 5902 7569 6480 188 3535 446 253 8127 673 644 65 1010 61 105 77 4471
internal_value=-0.000276889 0.000329833 0.000426413 -0.000663189 -0.000765566 0.000349812 0.000374934 -0.000601062 -0.000383037 -0.000929301 0.000542157 0.000148971 0.0013063 0.00157224 0.000713316 0.000808203 -0.000329133 0.00077035
internal_weight=47987 18671 16921 29316 22429 15579 15391 1750 6733 15696 8845 6546 1342 1075 5310 4637 6887 4532
internal_count=47987 18671 16921 29316 22429 15579 15391 1750 6733 15696 8845 6546 1342 1075 5310 4637 6887 4532
cat_boundaries=0 1 2 3 4 5 6 7 8 9 10
cat_threshold=100797504 299064 17326087 573636 33554432 29622416 2363392 13668480 2097344 642
is_linear=0
shrinkage=0.023


Tree=72
num_leaves=19
num_cat=0
split_feature=2 2 3 3 2 2 5 3 4 4 4 2 6 3 4 4 3 2
split_gain=13.0559 5.01195 2.82594 2.11918 1.87924 1.5226 1.30006 2.7317 1.28447 1.24452 1.12465 0.975587 0.804562 0.670583 0.664644 0.805674 0.857164 0.796464
threshold=178.7298789178214 1519.3943877340305 10.605000000000002 68.485000000000014 578.62996211279039 25.312129971147446 1.5000000000000002 21.245000000000005 49.045000000000009 159.05000000000004 17.995000000000001 2050.4041081798655 1.5000000000000002 7.8750000000000009 139.90500000000003 40.940000000000005 41.425000000000004 1902.4841271627406
decision_type=2 2 2 2 2 2 2 2 2 2 2 2 2 2 2 2 2 2
left_child=2 4 13 5 6 -4 7 -2 -6 14 -7 -11 -10 -1 15 16 -3 -16
right_child=1 9 3 -5 8 10 -8 -9 12 11 -12 -13 -14 -15 17 -17 -18 -19
leaf_value=-0.10750450912361738 -0.028006497703254331 -0.020684827982805739 -0.094281323578636084 0.12171795733669934 -0.018976431331761377 0.072893173316529447 -0.059204765387890657 0.024327797720717831 0.014333429487505621 0.034828908193597165 -0.035189385401785477 0.14930789561884897 -0.082275583956661999 -0.075765911841925701 0.046820469115214869 0.049686349151337073 0.049661553989731044 -0.079441566384572226
leaf_weight=1982 14383 688 1451 82 3281 121 1988 2682 9784 493 4693 800 175 2992 95 1985 63 196
leaf_count=1982 14383 688 1451 82 3281 121 1988 2682 9784 493 4693 800 175 2992 95 1985 63 196
internal_value=-0.000286648 -7.55716e-05 -0.000969269 -0.000647544 -0.000173997 -0.000695666 -0.000320256 -0.000255403 3.64792e-05 0.000660151 -0.000498773 0.0012574 0.000166508 -0.00137975 0.000404958 0.000516113 -0.00012553 -0.000639723
internal_weight=47934 36613 11321 6347 32293 6265 19053 17065 13240 4320 4814 1293 9959 4974 3027 2736 751 291
internal_count=47934 36613 11321 6347 32293 6265 19053 17065 13240 4320 4814 1293 9959 4974 3027 2736 751 291
is_linear=0
shrinkage=0.023


Tree=73
num_leaves=19
num_cat=14
split_feature=0 7 7 0 0 1 2 2 1 1 7 2 2 1 7 7 0 0
split_gain=18.8345 11.4508 5.18244 4.86901 4.22114 4.26886 3.65807 2.32443 1.64223 1.21685 1.1528 1.33208 1.06635 1.06366 1.04021 1.03879 0.999804 0.93036
threshold=0 1 2 3 4 5 55.379492833299132 610.61726476764773 6 7 8 831.82139423978458 819.59457754571997 9 10 11 12 13
decision_type=9 1 1 9 9 9 2 2 9 9 1 2 2 9 1 1 9 9
left_child=2 4 8 15 13 7 -4 -6 -1 12 11 17 14 -2 -8 16 -3 -7
right_child=1 3 6 -5 5 10 9 -9 -10 -11 -12 -13 -14 -15 -16 -17 -18 -19
leaf_value=-0.07644460370406353 0.025418512824112848 0.22720856028162398 -0.069928477723855936 -0.03015214892324973 -0.081254028037538492 0.036213228505024612 -0.0020487412976995328 0.09789503355481198 -0.029267048599078676 -0.042835445119921781 0.10203599766378446 0.1959592012773291 0.03409496270713832 -0.060162348495051442 -0.033195224504828418 0.019679763126813417 0.059736473115623002 0.21593931720082318
leaf_weight=6782 2903 128 3809 8282 743 435 7132 905 1925 3719 2568 745 380 528 4279 1095 744 988
leaf_count=6782 2903 128 3809 8282 743 435 7132 905 1925 3719 2568 745 380 528 4279 1095 744 988
internal_value=-0.000266874 0.000271083 -0.000651864 -0.000266561 0.000832195 0.00118197 -0.000441338 0.000169217 -0.00111791 -0.000284716 0.00153326 0.00193442 -0.000169754 0.00017979 -0.00020982 0.000759601 0.00135046 0.0015304
internal_weight=48090 20064 28026 10249 9815 6384 19319 1648 8707 15510 4736 2168 11791 3431 11411 1967 872 1423
internal_count=48090 20064 28026 10249 9815 6384 19319 1648 8707 15510 4736 2168 11791 3431 11411 1967 872 1423
cat_boundaries=0 1 2 3 4 5 6 7 8 9 10 11 12 13 14
cat_threshold=33686536 668 2147 17358867 68737488 311944 2396160 2654276 136 2409024 664 2081 17301506 12582912
is_linear=0
shrinkage=0.023


Tree=74
num_leaves=19
num_cat=9
split_feature=0 3 3 1 0 5 3 1 3 1 5 3 1 0 1 3 0 3
split_gain=18.4433 3.66053 3.60923 1.97547 1.83726 1.75272 2.40075 2.101 2.14316 1.30406 1.25678 1.65422 1.41499 1.05886 0.867723 0.83368 0.836373 1.06637
threshold=0 15.455000000000002 10.075000000000001 1 2 1.5000000000000002 21.075000000000003 3 84.070000000000007 4 1.5000000000000002 34.385000000000012 5 6 7 110.02000000000002 8 61.245000000000012
decision_type=9 2 2 9 9 2 2 9 2 9 2 2 9 9 9 2 9 2
left_child=2 3 -1 -2 14 6 9 -8 -9 -4 11 -6 15 -14 -3 16 -13 -18
right_child=1 4 5 -5 10 -7 7 8 -10 -11 -12 12 13 -15 -16 -17 17 -19
leaf_value=-0.074288906844837646 -0.097467980984880853 -0.018229386375486847 0.027445502249297961 -0.0043773966710625384 0.025497073348829332 -0.065497195437047767 -0.05011640770296516 0.010430039420909256 0.17864834163614512 -0.038605529739301966 -0.013945729468034115 0.029886316615627746 0.1105143519562243 -0.037684660239465644 0.099330043135261864 0.13930732508711915 0.15028502696482199 0.013957994385895995
leaf_weight=4832 710 119 769 3126 10513 2907 786 3109 112 16178 1775 314 427 297 996 74 681 183
leaf_count=4832 710 119 769 3126 10513 2907 786 3109 112 16178 1775 314 427 297 996 74 681 183
internal_value=-0.000267312 0.000284131 -0.000636476 -0.000351336 0.000442824 -0.000520607 -0.000447175 5.91177e-05 0.0003196 -0.000566884 0.000371564 0.000453214 0.00106375 0.000238075 0.00133885 0.00152699 0.00138989 0.00175219
internal_weight=47908 19215 28693 3836 15379 23861 20954 4007 3221 16947 14264 12489 1976 724 1115 1252 1178 864
internal_count=47908 19215 28693 3836 15379 23861 20954 4007 3221 16947 14264 12489 1976 724 1115 1252 1178 864
cat_boundaries=0 1 2 3 4 5 6 7 8 9
cat_threshold=100862985 360584 16801798 283146 32768 2113544 4493344 819232 5247136
is_linear=0
shrinkage=0.023


Tree=75
num_leaves=19
num_cat=10
split_feature=0 7 0 0 7 2 2 7 7 4 2 4 7 4 0 2 2 7
split_gain=22.0801 13.5228 5.5158 4.48057 4.14518 4.00933 2.90672 1.57643 1.52781 2.51818 1.76406 1.72929 1.47183 1.36659 1.3282 1.3028 1.18797 1.1689
threshold=0 1 2 3 4 93.757345162677424 46.778728473530883 5 6 69.920000000000016 2050.4041081798655 119.82000000000002 7 30.985000000000003 8 2339.3154995388018 422.64157496000263 9
decision_type=9 1 9 9 1 2 2 1 1 2 2 2 1 2 9 2 2 1
left_child=4 3 14 5 16 -2 13 -8 10 -10 -7 -12 -4 -6 17 -11 -1 -3
right_child=1 2 12 -5 6 8 7 -9 9 15 11 -13 -14 -15 -16 -17 -18 -19
leaf_value=-0.078669326654102492 -0.11595839406860567 -0.0024774619488485842 -0.0026776758222171698 0.045619433885811828 -0.086556144649286126 0.1844723558882809 -0.0066319173622506654 -0.032365805075444336 0.086621387069459516 0.2067243274185902 0.42209772576645221 0.2552292780265531 -0.04641522136389846 -0.066864315359123405 0.037588069830414121 -0.0064329957565754901 -0.041753568720053459 0.16552250091257731
leaf_weight=5157 187 135 2542 5030 885 778 8197 10019 1081 1582 73 69 4755 2697 1514 144 2918 311
leaf_count=5157 187 135 2542 5030 885 778 8197 10019 1081 1582 73 69 4755 2697 1514 144 2918 311
internal_value=-0.000255193 0.000376235 -0.000239997 0.00101358 -0.000639821 0.00159772 -0.000474381 -0.000356814 0.0017667 0.00148015 0.00259616 0.00498101 -0.000530996 -0.00107352 0.000840515 0.00203056 -0.00108525 0.00193591
internal_weight=48074 18201 9257 8944 29873 3914 21798 18216 3727 2807 920 142 7297 3582 1960 1726 8075 446
internal_count=48074 18201 9257 8944 29873 3914 21798 18216 3727 2807 920 142 7297 3582 1960 1726 8075 446
cat_boundaries=0 1 2 3 4 5 6 7 8 9 10
cat_threshold=33686849 668 17358866 335910 2083 648 128 1025 17317890 258
is_linear=0
shrinkage=0.023


Tree=76
num_leaves=19
num_cat=5
split_feature=0 3 0 3 0 3 6 5 3 5 4 4 4 3 0 3 0 3
split_gain=17.1669 3.05902 2.63933 1.75127 2.00709 1.28262 1.20272 1.17498 1.23437 1.15097 0.703688 2.0665 0.719026 0.694584 0.686342 0.650981 0.648156 0.642873
threshold=0 9.6650000000000009 1 15.225000000000003 2 70.690000000000012 1.5000000000000002 1.5000000000000002 18.175000000000004 1.5000000000000002 49.910000000000004 59.895000000000003 49.045000000000009 15.525 3 33.155000000000008 4 11.155000000000003
decision_type=9 2 9 2 9 2 2 2 2 2 2 2 2 2 9 2 9 2
left_child=1 -1 15 17 9 7 -6 8 -3 10 12 -12 14 -13 -5 -2 -11 -4
right_child=2 5 3 4 6 -7 -8 -9 -10 16 11 13 -14 -15 -16 -17 -18 -19
leaf_value=-0.075564545638646965 0.037975514060040939 -0.037582563171090808 -0.080423634734530194 0.074995035566510618 0.0049368908244665013 0.02683180148661277 -0.095184514549048499 -0.067434703081201988 -0.010397520959150924 -0.044080289054293252 0.15582375880080704 -0.088100536971110935 -0.10601889725893641 0.065349202753452171 -0.014175630119183944 0.15401986248259539 0.06998221551519572 -0.0075211875093456762
leaf_weight=4445 494 15089 454 687 8467 444 112 2638 5867 694 305 193 73 4182 502 419 211 2826
leaf_count=4445 494 15089 454 687 8467 444 112 2638 5867 694 305 193 73 4182 502 419 211 2826
internal_value=-0.000262122 -0.000622601 0.000261411 0.000202027 0.000304753 -0.000520314 6.98894e-05 -0.000543362 -0.000485766 0.000598041 0.000715288 0.000845259 0.000233239 0.000717563 0.000369401 0.00146238 -0.000165154 -0.00028047
internal_weight=48102 28483 19619 18706 15426 24038 8579 23594 20956 6847 5942 4680 1262 4375 1189 913 905 3280
internal_count=48102 28483 19619 18706 15426 24038 8579 23594 20956 6847 5942 4680 1262 4375 1189 913 905 3280
cat_boundaries=0 1 2 3 4 5
cat_threshold=100795904 24578 17563669 262144 17039360
is_linear=0
shrinkage=0.023


Tree=77
num_leaves=19
num_cat=6
split_feature=0 3 2 0 6 2 3 1 1 0 3 6 2 1 2 2 2 3
split_gain=16.0111 3.87885 3.12557 2.21875 1.59439 1.54458 1.10282 1.14538 1.09922 1.07983 1.11483 0.995927 0.972793 1.11061 0.862728 0.785163 0.933951 0.746041
threshold=0 9.6650000000000009 109.87277948764624 1 1.5000000000000002 27.021718588638873 35.125000000000007 2 3 4 37.525000000000013 1.5000000000000002 849.84417946220049 5 808.30114985138573 775.06522834224256 978.53784423862373 11.855000000000002
decision_type=9 2 2 9 2 2 2 9 9 9 2 2 2 9 2 2 2 2
left_child=1 -1 -2 -4 9 -3 8 -8 14 10 -5 -9 13 -11 -7 -12 -17 -10
right_child=2 5 3 4 -6 6 7 11 17 12 15 -13 -14 -15 -16 16 -18 -19
leaf_value=-0.074432783902641797 -0.11046413016343687 -0.084431893299080338 0.084778791046959887 -0.0062904640197555123 -0.11972096810643668 0.011603516551308141 -0.055192814891822525 0.022945163246026089 -0.0052140463361156084 0.030978959080844592 -0.048005010709788916 -0.10700467609113783 0.046255706273284312 -0.04361621298119267 0.084802761164273044 0.098656583700658176 0.05453164343743723 -0.033928400728339435
leaf_weight=4661 580 1548 1160 4530 207 846 375 1642 1995 7105 140 117 4634 994 86 153 594 16934
leaf_count=4661 580 1548 1160 4530 207 846 375 1642 1995 7105 140 117 4634 994 86 153 594 16934
internal_value=-0.000220043 -0.000573406 0.000276015 0.000325604 0.000263344 -0.000453588 -0.000404157 9.26797e-05 -0.00045754 0.000286387 1.39845e-05 0.000339302 0.000401947 0.000250184 0.000312453 0.000759563 0.00105578 -0.000495359
internal_weight=48301 28204 20097 19517 18357 23543 21995 2134 19861 18150 5417 1759 12733 8099 932 887 747 18929
internal_count=48301 28204 20097 19517 18357 23543 21995 2134 19861 18150 5417 1759 12733 8099 932 887 747 18929
cat_boundaries=0 1 2 3 4 5 6
cat_threshold=33686528 16801795 283138 32832 104936 2621570
is_linear=0
shrinkage=0.023


Tree=78
num_leaves=19
num_cat=7
split_feature=0 2 3 2 5 3 1 0 0 1 1 2 2 1 3 2 3 2
split_gain=16.7835 4.10322 3.15245 2.14373 1.47271 1.7194 2.65625 1.42425 1.30438 1.5015 1.1115 1.02159 1.0121 0.958982 0.813553 0.780144 1.72814 1.06135
threshold=0 233.50883225270439 9.6650000000000009 1645.1738329028296 1.5000000000000002 21.245000000000005 1 2 3 4 5 447.11267916630544 316.48675837884133 6 33.155000000000008 43.592192813392941 17.605000000000004 322.77979240254814
decision_type=9 2 2 2 2 2 9 9 9 9 9 2 2 9 2 2 2 2
left_child=2 -2 -1 8 5 15 -7 -5 9 -3 -9 12 -11 -10 -6 16 -4 -17
right_child=1 3 4 7 14 6 -8 10 13 11 -12 -13 -14 -15 -16 17 -18 -19
leaf_value=-0.075582041627202848 -0.072849654205698708 -0.074609503351071221 -0.088959065460575776 0.043292970196614676 -0.09856485435923848 0.018505873758699186 -0.058964054332714254 0.16601795716812445 -0.03769971534691631 0.092095167339160275 0.053711194692216309 0.051858378017473339 -0.0080629952746571736 0.0036063696302230828 -0.038017558229139728 -0.022171612541839088 0.13814146506638333 -0.043916263584255828
leaf_weight=4488 1122 395 1398 2338 1650 2691 795 336 1154 554 990 5163 2718 6612 1055 6224 74 8398
leaf_count=4488 1122 395 1398 2338 1650 2691 795 336 1154 554 990 5163 2718 6612 1055 6224 74 8398
internal_value=-0.000258155 0.000222342 -0.000641742 0.00029743 -0.000529971 -0.000460465 2.63841e-06 0.000800934 0.000186259 0.000377253 0.00140112 0.000442557 0.000125113 -3.13525e-05 -0.001033 -0.000560773 -0.00106547 -0.00050995
internal_weight=48155 21382 26773 20260 22285 19580 3486 3664 16596 8830 1326 8435 3272 7766 2705 16094 1472 14622
internal_count=48155 21382 26773 20260 22285 19580 3486 3664 16596 8830 1326 8435 3272 7766 2705 16094 1472 14622
cat_boundaries=0 1 2 3 4 5 6 7
cat_threshold=101712961 2654424 17662760 8732720 299056 544960 807504
is_linear=0
shrinkage=0.023


Tree=79
num_leaves=19
num_cat=4
split_feature=2 2 1 1 1 3 6 3 2 2 1 3 3 6 2 3 4 3
split_gain=10.1245 5.65197 1.88867 1.56615 1.50262 1.47456 1.21387 1.39797 0.933828 0.89088 1.55837 0.954487 0.793022 0.849191 0.725605 0.779582 0.689737 0.710658
threshold=79.426060095022237 861.51996794558056 0 1 2 17.015000000000004 1.5000000000000002 17.465000000000003 2258.9717258190844 636.13646193882744 3 84.070000000000007 36.605000000000011 1.5000000000000002 2553.3564811473275 17.015000000000004 25.995000000000001 15.745000000000003
decision_type=2 2 9 9 9 2 2 2 2 2 9 2 2 2 2 2 2 2
left_child=5 3 4 6 -3 -1 7 -2 -4 10 -9 -12 14 -14 15 16 -6 -18
right_child=1 2 8 -5 12 -7 -8 9 -10 -11 11 -13 13 -15 -16 -17 17 -19
leaf_value=-0.075758330215548619 -0.023270450894839794 0.19625886796114556 -0.040069773229781731 -0.074852440172525792 -0.0035329187180174857 -0.012054585758341649 -0.093705449528217924 -0.064272949505854327 0.074738550774900561 0.021231096991353882 -0.0062119797516096984 0.11012429283376099 0.077843407501258483 -0.079711267909417446 0.13731304344147585 0.015948679696159717 0.020820244806247886 0.11894643438159554
leaf_weight=6195 17264 109 1460 863 360 1060 407 746 208 3104 8074 258 1707 67 158 4950 445 652
leaf_count=6195 17264 109 1460 863 360 1060 407 746 208 3104 8074 258 1707 67 158 4950 445 652
internal_value=-0.000217961 -7.72827e-05 0.000394238 -0.000232575 0.000533516 -0.00100969 -0.000204329 -0.000187149 -0.000312474 1.50985e-06 -0.000113503 -2.26084e-05 0.00049613 0.000928182 0.000380109 0.000342098 0.000809692 0.00109632
internal_weight=48087 40832 10116 30716 8448 7255 29853 29446 1668 12182 9078 8332 8339 1774 6565 6407 1457 1097
internal_count=48087 40832 10116 30716 8448 7255 29853 29446 1668 12182 9078 8332 8339 1774 6565 6407 1457 1097
cat_boundaries=0 1 2 3 4
cat_threshold=2212068 2670722 65600 16386
is_linear=0
shrinkage=0.023


Tree=80
num_leaves=19
num_cat=11
split_feature=7 0 0 2 2 7 2 0 2 7 2 2 0 0 7 0 0 2
split_gain=15.0899 14.1104 7.6555 4.02889 3.56883 2.41727 1.8237 1.55095 1.83777 1.69171 1.4658 1.26856 1.16279 1.01841 1.58428 0.950499 0.786951 1.02555
threshold=0 1 2 87.705537434866685 93.757345162677424 3 55.379492833299132 4 388.79686210529559 5 545.30265367431014 344.03150270116492 6 7 8 9 10 2258.9717258190844
decision_type=1 9 9 2 2 1 2 9 2 1 2 2 9 9 1 9 9 2
left_child=1 3 13 -1 -3 6 -4 -6 11 10 -10 -9 -7 14 -2 -8 -12 -18
right_child=2 4 5 -5 7 12 15 8 9 -11 16 -13 -14 -15 -16 -17 17 -19
leaf_value=-0.053587582672013655 0.25368220469999253 -0.11644383858483671 -0.094219047028861552 -0.0016291324467750683 0.064095525834255734 -0.025637406706985534 -0.040778831312677802 0.15165144117112878 0.27424135797764976 0.090788994617624436 0.14503267422789601 -0.0072552881345483841 -0.074191055390934013 0.020831145462413797 0.033722687355306015 -0.017948825431582341 0.26082264722972764 0.1459524535698786
leaf_weight=3563 104 258 2108 12597 3599 1280 6283 719 247 1327 529 621 5427 2374 212 6553 126 223
leaf_count=3563 104 258 2108 12597 3599 1280 6283 719 247 1327 529 621 5427 2374 212 6553 126 223
internal_value=-0.000242658 0.000169077 -0.000645196 -0.0002162 0.000982254 -0.000789028 -0.000625055 0.00107637 0.00140218 0.00178018 0.00244138 0.000720777 -0.00115287 0.000511069 0.00172031 -0.000522491 0.00202182 0.00288764
internal_weight=48150 23809 24341 16160 7649 21651 14944 7391 3792 2452 1125 1340 6707 2690 316 12836 878 349
internal_count=48150 23809 24341 16160 7649 21651 14944 7391 3792 2452 1125 1340 6707 2690 316 12836 878 349
cat_boundaries=0 1 2 3 4 5 6 7 8 9 10 11
cat_threshold=668 52123073 17359507 1345 79726608 136 80746816 17301506 33 104861696 262146
is_linear=0
shrinkage=0.023


Tree=81
num_leaves=19
num_cat=7
split_feature=7 3 3 1 5 3 5 7 3 3 3 7 7 3 3 3 7 1
split_gain=14.2116 8.94329 5.1326 3.31275 3.15835 2.73896 2.655 1.88693 1.72029 1.35639 1.16247 1.1303 1.08336 1.07308 1.03034 0.999277 0.998306 0.86221
threshold=0 11.815000000000003 18.925000000000004 1 1.5000000000000002 37.045000000000009 1.5000000000000002 2 16.075000000000003 50.855000000000011 8.1150000000000002 3 4 23.705000000000005 16.745000000000001 11.855000000000002 5 6
decision_type=1 2 2 9 2 2 2 1 2 2 2 1 1 2 2 2 1 9
left_child=1 -1 7 4 5 8 9 -2 11 -4 -9 15 -5 -6 -10 -3 -8 -11
right_child=2 3 6 12 13 -7 16 10 14 17 -12 -13 -14 -15 -16 -17 -18 -19
leaf_value=-0.062357878456918536 -0.066928633121433642 0.10928217174176663 -0.0019186699155641722 0.019634825652565968 -0.10274928220883449 0.14121273329613956 -0.082710712039297432 -0.08815617075279393 0.1441747632665856 0.053244451508913673 -0.033641349405165888 -0.00028795214722137383 -0.024994347616339781 -0.0041065022530073084 0.059788629819603457 0.043230169579002754 -0.029144284346960741 -0.016837360588038117
leaf_weight=2419 5078 147 6987 2123 276 642 985 1331 828 703 12300 2117 2392 1213 4434 2322 1641 226
leaf_count=2419 5078 147 6987 2123 276 642 985 1331 828 703 12300 2117 2392 1213 4434 2322 1641 226
internal_value=-0.000230362 0.000260954 -0.000547937 0.000452631 0.000652444 0.000793691 -0.000142248 -0.000776821 0.000698765 6.79864e-05 -0.00063413 0.000373117 -7.87812e-05 -0.000338231 0.000982551 0.000705988 -0.000775945 0.000893545
internal_weight=48164 18913 29251 16494 11979 10490 10542 18709 9848 7916 13631 4586 4515 1489 5262 2469 2626 929
internal_count=48164 18913 29251 16494 11979 10490 10542 18709 9848 7916 13631 4586 4515 1489 5262 2469 2626 929
cat_boundaries=0 1 2 3 4 5 6 7
cat_threshold=652 2129984 2082 136 12 35 2670592
is_linear=0
shrinkage=0.023


Tree=82
num_leaves=19
num_cat=5
split_feature=7 3 3 5 3 6 1 7 3 5 3 7 3 3 3 1 3 3
split_gain=13.8429 7.86127 3.05147 2.66294 2.54636 2.2914 2.05777 1.53342 1.67813 1.36 1.22702 1.33102 1.22246 1.29622 1.12558 1.08825 1.03837 1.52638
threshold=0 11.735000000000001 18.175000000000004 1.5000000000000002 16.075000000000003 1.5000000000000002 1 2 11.905000000000003 1.5000000000000002 20.195000000000004 3 17.885000000000002 17.675000000000004 32.225000000000001 4 9.6650000000000009 10.965000000000002
decision_type=1 2 2 2 2 2 9 1 2 2 2 1 2 2 2 9 2 2
left_child=1 -1 16 15 7 6 9 8 -3 10 11 -6 13 -13 -11 -4 -2 -18
right_child=2 4 3 -5 5 -7 -8 -9 -10 14 -12 12 -14 -15 -16 -17 17 -19
leaf_value=-0.055742241828412115 -0.084043976078521418 0.13048706474744295 -0.040472314342303251 -0.060672243875353693 0.073656211067341104 -0.14888647884073788 -0.012813208056422767 -0.016626753896329893 0.031071652457322005 -0.04785879538205496 0.079349272423063541 0.020332463953710786 -0.026602799524756575 0.11259230506202067 0.057042688998787866 0.00083691178191175645 0.04036517967242241 -0.046446422536466386
leaf_weight=2960 2584 167 1313 2161 2315 250 1945 5830 1544 844 4226 1601 898 245 976 6474 425 11063
leaf_count=2960 2584 167 1313 2161 2315 250 1945 5830 1544 844 4226 1601 898 245 976 6474 425 11063
internal_value=-0.00021648 0.000176668 -0.000605863 -0.000297782 0.000334275 0.000525705 0.000567499 -3.35544e-06 0.000599981 0.00068802 0.000801327 0.000559631 0.00021378 0.00055313 0.000113722 -9.95354e-05 -0.000824078 -0.000730349
internal_weight=47821 23801 24020 9948 20841 13300 13050 7541 1711 11105 9285 5059 2744 1846 1820 7787 14072 11488
internal_count=47821 23801 24020 9948 20841 13300 13050 7541 1711 11105 9285 5059 2744 1846 1820 7787 14072 11488
cat_boundaries=0 1 2 3 4 5
cat_threshold=668 2670664 8 136 823818
is_linear=0
shrinkage=0.023


Tree=83
num_leaves=19
num_cat=6
split_feature=0 2 2 0 6 1 3 1 3 0 2 2 2 3 3 3 1 2
split_gain=14.0667 3.99209 2.90042 1.3705 1.1713 0.99439 0.935734 0.932271 0.925683 1.13498 0.865521 1.00301 1.00195 0.957 0.940475 0.824844 0.80665 0.761981
threshold=0 93.757345162677424 69.231234826339175 1 1.5000000000000002 2 84.070000000000007 3 24.645000000000003 4 388.79686210529559 487.11065936420709 438.59450006655169 28.895000000000003 16.925000000000004 7.785000000000001 5 402.35433198006098
decision_type=9 2 2 9 2 9 2 9 2 9 2 2 2 2 2 2 9 2
left_child=2 -2 15 -3 5 10 7 -4 -7 -10 13 12 17 -5 -14 -1 -13 -12
right_child=1 3 6 4 -6 8 -8 -9 9 -11 11 16 14 -15 -16 -17 -18 -19
leaf_value=-0.088016715193417111 -0.11944945734359372 0.089931128097050519 0.00039265039190362227 -0.022426741792372973 -0.08778062374713938 -0.069720117963987319 0.047246667708908369 -0.030427316410494822 -0.08839764656386323 0.048473094956820333 0.088081944438756554 0.12200817966460638 0.18918092502034714 0.064960469091870504 0.06681271889653731 -0.054464427330875441 0.025894331463115757 -0.018584465186612574
leaf_weight=1315 527 944 2036 2453 214 776 246 20071 109 538 153 119 231 481 325 4867 12140 406
leaf_count=1315 527 944 2036 2453 214 776 246 20071 109 538 153 119 231 481 325 4867 12140 406
internal_value=-0.000235559 0.000242002 -0.000560392 0.000297222 0.000251709 0.000272271 -0.000438635 -0.000454336 -0.000309723 0.00033049 0.000323049 0.000401728 0.00106212 -3.44901e-05 0.00175326 -0.00100152 0.000341644 0.000374271
internal_weight=47951 19416 28535 18889 17945 17731 22353 22107 1423 647 16308 13374 1115 2934 556 6182 12259 559
internal_count=47951 19416 28535 18889 17945 17731 22353 22107 1423 647 16308 13374 1115 2934 556 6182 12259 559
cat_boundaries=0 1 2 3 4 5 6
cat_threshold=33754113 24578 2212072 557120 77070464 96
is_linear=0
shrinkage=0.023


Tree=84
num_leaves=19
num_cat=4
split_feature=0 2 2 0 3 2 4 3 5 4 3 5 3 0 0 3 3 4
split_gain=13.2335 3.79031 2.90723 2.14312 1.18944 1.0327 0.927606 0.892726 1.30043 1.71328 1.1738 0.884424 0.821273 0.87315 0.866326 0.949915 0.809367 0.755594
threshold=0 240.32878198510898 65.760370819682592 1 15.455000000000002 2708.4056416768913 1379.5000000000002 16.675000000000004 1.5000000000000002 189.92000000000004 22.965000000000003 1.5000000000000002 35.125000000000007 2 3 35.935000000000009 16.395000000000003 217.90500000000003
decision_type=9 2 2 9 2 2 2 2 2 2 2 2 2 9 9 2 2 2
left_child=2 -2 7 -3 -5 11 -4 -1 9 10 -9 12 13 -6 15 -14 -15 -17
right_child=1 3 6 4 5 -7 -8 8 -10 -11 -12 -13 14 16 -16 17 -18 -19
leaf_value=-0.065412021231088607 -0.082938480392254654 0.088211545213084885 -0.027377365476788998 -0.0084171124274984403 0.053465644860568373 0.18255129401285622 0.15399732187578338 0.088273179412715494 -0.090765207660718772 -0.057888735347361941 0.022128380053780688 -0.0080002498591696686 0.15683122978718195 0.045518004542608258 0.0124748844982728 0.099404472503999863 0.00045108251701238695 0.032688944375245998
leaf_weight=5116 972 927 22394 3207 4633 127 94 109 428 201 143 1724 67 901 689 705 5096 434
leaf_count=5116 972 927 22394 3207 4633 127 94 109 428 201 143 1724 67 901 689 705 5096 434
internal_value=-0.000226178 0.000235755 -0.000542004 0.000309396 0.00025192 0.00034141 -0.000422195 -0.000992144 -0.000315813 0.000543003 0.00180557 0.000322986 0.000390212 0.000311564 0.000831301 0.00119896 0.000127496 0.00105186
internal_weight=47967 19482 28485 18510 17583 14376 22488 5997 881 453 252 14249 12525 10630 1895 1206 5997 1139
internal_count=47967 19482 28485 18510 17583 14376 22488 5997 881 453 252 14249 12525 10630 1895 1206 5997 1139
cat_boundaries=0 1 2 3 4
cat_threshold=33754112 16785414 1835024 8700768
is_linear=0
shrinkage=0.023


Tree=85
num_leaves=19
num_cat=7
split_feature=0 2 2 0 3 5 0 3 3 1 3 2 5 1 1 5 3 1
split_gain=13.3408 3.54657 3.29041 2.24029 1.35088 1.25525 1.39554 1.20755 1.42163 1.09759 1.08165 1.0094 1.00636 1.003 0.937539 0.763252 1.04972 1.40622
threshold=0 93.757345162677424 69.231234826339175 1 17.635000000000002 1.5000000000000002 2 54.565000000000005 63.210000000000008 3 20.405000000000005 1784.3110219537514 1.5000000000000002 4 5 2.5000000000000004 36.32500000000001 6
decision_type=9 2 2 9 2 2 9 2 2 9 2 2 2 9 9 2 2 9
left_child=2 -2 10 9 14 6 -6 -8 11 -3 -1 -9 -12 -4 -5 16 -15 -18
right_child=1 3 13 4 5 -7 7 8 -10 -11 12 -13 -14 15 -16 -17 17 -19
leaf_value=-0.069578747514239744 -0.10401676370470536 0.0060793107334297207 0.021150949964790351 0.024736164065637188 -0.010337844296209521 -0.0054968492821040084 0.074753201801872976 0.22524118010259811 0.14615483555114289 -0.041185809504941585 0.042228802982609531 0.18112820872743091 -0.074916884588143939 -0.029340451049469654 -0.055238224621936047 -0.076695881230528062 0.020015162357790078 -0.046855980560054591
leaf_weight=5514 535 6560 1064 3215 757 1068 4870 62 260 1246 331 80 342 19550 621 535 1051 394
leaf_count=5514 535 6560 1064 3215 757 1068 4870 62 260 1246 331 80 342 19550 621 535 1051 394
internal_value=-0.000233804 0.000234481 -0.000547296 0.000287327 0.000499587 0.000688001 0.000816739 0.000948351 0.0021615 -1.05939e-05 -0.00101744 0.00401069 -0.000146906 -0.000418789 0.000152285 -0.000452735 -0.000431075 0.000167102
internal_weight=48055 19274 28781 18739 10933 7097 6029 5272 402 7806 6187 142 673 22594 3836 21530 20995 1445
internal_count=48055 19274 28781 18739 10933 7097 6029 5272 402 7806 6187 142 673 22594 3836 21530 20995 1445
cat_boundaries=0 1 2 3 4 5 6 7
cat_threshold=33686600 72423829 8388608 2130114 32836 2117632 2621568
is_linear=0
shrinkage=0.023


Tree=86
num_leaves=19
num_cat=14
split_feature=7 0 0 3 3 1 0 1 7 0 7 1 3 1 7 0 7 3
split_gain=13.229 13.2937 5.90074 3.80812 3.78799 1.99055 1.87074 1.7249 1.69727 1.42836 1.21528 1.57239 1.31729 1.21602 1.24598 1.11953 0.843659 1.03747
threshold=0 1 2 11.735000000000001 14.095000000000001 3 4 5 6 7 8 9 59.430000000000007 10 11 12 13 8.3050000000000015
decision_type=1 9 9 2 2 9 9 9 1 9 1 9 2 9 1 9 1 2
left_child=1 3 5 -1 -3 -2 8 -6 -4 16 11 -5 -13 14 -12 -9 -7 -18
right_child=2 4 6 10 7 9 -8 15 -10 -11 13 12 -14 -15 -16 -17 17 -19
leaf_value=-0.050106957821122775 0.06620342962740304 -0.11452448484432956 0.23863433587555072 0.11222284062153018 0.1120258215996823 -0.082947520900831129 0.0054290499568103497 0.14467363591313745 0.035782903408412128 -0.024610736754034482 0.1414955420610684 -0.039251437659558401 0.10276185492044242 0.0036089356122993746 -0.00016361359710425082 0.0069513059555220916 -0.082501797523557033 -0.042669052037385032
leaf_weight=2830 104 250 132 115 4927 2669 3174 956 257 7123 260 2652 78 10434 264 1069 1264 9330
leaf_count=2830 104 250 132 115 4927 2669 3174 956 257 7123 260 2652 78 10434 264 1069 1264 9330
internal_value=-0.000176169 0.000207861 -0.000556572 -0.000149665 0.00103261 -0.000706822 0.000307033 0.00113408 0.00179174 -0.000723507 7.83096e-06 -0.000414855 -0.00052879 0.000117849 0.00118827 0.000559398 -0.000865194 -0.000770845
internal_weight=47888 23835 24053 16633 7202 20490 3563 6952 389 20386 13803 2845 2730 10958 524 2025 13263 10594
internal_count=47888 23835 24053 16633 7202 20490 3563 6952 389 20386 13803 2845 2730 10958 524 2025 13263 10594
cat_boundaries=0 1 2 3 4 5 6 7 8 9 10 11 12 13 14
cat_threshold=668 117593561 46603820 4164 540675 2097664 33 33818636 16 524288 32832 132 262178 34
is_linear=0
shrinkage=0.023


Tree=87
num_leaves=19
num_cat=10
split_feature=7 3 3 1 1 7 7 3 3 7 1 4 4 7 7 1 6 4
split_gain=12.7707 7.19454 3.5428 1.68395 1.64942 1.60754 1.41318 1.92847 1.59751 1.31455 1.21476 1.42502 1.15204 0.960139 0.8732 0.902197 0.872508 0.832487
threshold=0 11.155000000000003 18.925000000000004 1 2 3 4 53.320000000000007 13.445000000000002 5 6 139.02500000000003 12.915000000000001 7 8 9 1.5000000000000002 689.8950000000001
decision_type=1 2 2 9 9 1 1 2 2 1 9 2 2 1 1 9 2 2
left_child=1 -1 -2 5 6 -4 10 8 -8 -6 12 13 -3 -12 15 -5 -14 -16
right_child=2 4 3 14 9 -7 7 -9 -10 -11 11 -13 16 -15 17 -17 -18 -19
leaf_value=-0.051796963913334208 -0.044387813063904463 0.16261897590994986 -0.02527153758785259 -0.0041168827503012184 0.029178685443459074 0.090942765935514952 -0.037803701787714493 0.10430802016520384 0.020637180914793968 -0.027572104315265647 0.29177569197159059 0.0030865077769349778 0.047501208659777069 0.0980307254856113 -0.064296683376327393 -0.054840626698887611 -0.15626922709176688 0.0581514722158879
leaf_weight=2760 15320 99 473 5241 1842 516 1392 407 7140 3055 145 155 6843 143 1980 629 72 112
leaf_count=2760 15320 99 473 5241 1842 516 1392 407 7140 3055 145 155 6843 143 1980 629 72 112
internal_value=-0.000212465 0.000163157 -0.000584539 -0.000221233 0.00030644 0.000669822 0.000416927 0.000221281 0.000147722 -6.42121e-05 0.000650831 0.0018117 0.000574981 0.00280896 -0.000332355 -0.000187749 0.000540474 -0.000735223
internal_weight=48324 24053 24271 8951 21293 989 16396 8939 8532 4897 7457 443 7014 288 7962 5870 6915 2092
internal_count=48324 24053 24271 8951 21293 989 16396 8939 8532 4897 7457 443 7014 288 7962 5870 6915 2092
cat_boundaries=0 1 2 3 4 5 6 7 8 9 10
cat_threshold=668 196 2654276 3073 136 12 2621440 128 3329 2900224
is_linear=0
shrinkage=0.023


Tree=88
num_leaves=19
num_cat=6
split_feature=0 2 2 0 2 3 1 2 1 6 3 1 2 3 1 2 2 2
split_gain=13.0124 3.50584 3.25161 1.6564 1.35344 1.10194 1.0454 0.83902 0.81984 0.664374 0.683932 1.56236 0.632647 0.72958 0.629762 0.866571 0.624917 0.597879
threshold=0 55.379492833299132 93.757345162677424 1 393.33804254633486 16.675000000000004 2 1327.1971480490024 3 1.5000000000000002 35.935000000000009 4 934.14266348463354 16.745000000000001 5 1253.4124346971646 14.805301807825295 345.86022056418653
decision_type=9 2 2 9 2 2 9 2 9 2 2 9 2 2 9 2 2 2
left_child=1 5 -2 8 17 -1 7 -3 12 10 -8 -12 -4 -14 15 -6 -7 -5
right_child=2 6 3 4 14 16 9 -9 -10 -11 11 -13 13 -15 -16 -17 -18 -19
leaf_value=-0.071738655321808384 -0.10189106091864465 -0.0056043259134387754 -0.0035760707151439382 0.029254703891701074 -0.10119118025310636 -0.092633858359203097 -0.028803524751216451 0.056186588040858715 -0.029697527188087585 -0.10968363278173705 -0.062882551163501318 0.0093086721670441359 0.11219422027006039 0.01957606196470342 0.046520067383282626 0.0410953630539981 0.0033387883992953035 -0.038335472614592581
leaf_weight=4646 517 1983 3047 1791 333 229 19786 133 812 317 412 1510 281 1047 8758 263 589 1303
leaf_count=4646 517 1983 3047 1791 333 229 19786 133 812 317 412 1510 281 1047 8758 263 589 1303
internal_value=-0.000230544 -0.000527719 0.000254286 0.000307141 0.000450834 -0.00105398 -0.000408816 8.00476e-05 -3.85019e-05 -0.000455612 -0.000440543 -2.63243e-05 8.65402e-05 0.000505639 0.000589124 -0.000136585 -0.000275477 3.41922e-05
internal_weight=47757 29605 18152 17635 12448 5464 24141 2116 5187 22025 21708 1922 4375 1328 9354 596 818 3094
internal_count=47757 29605 18152 17635 12448 5464 24141 2116 5187 22025 21708 1922 4375 1328 9354 596 818 3094
cat_boundaries=0 1 2 3 4 5 6
cat_threshold=34805000 88082624 557124 2392280 279058 36954
is_linear=0
shrinkage=0.023


Tree=89
num_leaves=19
num_cat=6
split_feature=7 3 3 1 5 1 7 3 3 7 3 6 3 3 3 5 5 1
split_gain=13.5266 6.7026 2.35931 2.19922 2.45208 1.9274 1.82979 1.41969 1.35137 0.976746 1.21502 0.94153 0.97088 0.824047 0.843896 0.974909 0.949374 0.807118
threshold=0 11.735000000000001 16.075000000000003 1 1.5000000000000002 2 3 78.620000000000019 9.6650000000000009 4 20.075000000000003 1.5000000000000002 26.875000000000004 10.965000000000002 18.225000000000005 1.5000000000000002 2.5000000000000004 5
decision_type=1 2 2 9 2 9 1 2 2 1 2 2 2 2 2 2 2 9
left_child=1 -1 -3 -4 7 -2 8 9 -7 -5 -11 12 -6 -10 15 -15 17 -16
right_child=5 2 3 4 11 6 -8 -9 13 10 -12 -13 -14 14 16 -17 -18 -19
leaf_value=-0.04611317854882864 0.14442007905236509 -0.00062107972542576988 -0.014855223160531769 0.06822781764604248 -0.056599073544468567 -0.069388516120393678 -0.053282073911335159 0.1794398310410848 0.038779627927636992 0.01224052325118549 0.079230442905939225 -0.11498381740564557 0.020527397804781189 -0.029579416678375978 -0.003037320858296427 -0.16656138576972582 -0.065284290002918827 -0.036746045254824458
leaf_weight=2940 109 7605 1942 4452 446 2040 7600 169 352 2707 2141 227 1419 6725 5506 175 374 1407
leaf_count=2940 109 7605 1942 4452 446 2040 7600 169 352 2707 2141 227 1419 6725 5506 175 374 1407
internal_value=-0.000210605 0.000176097 0.000319477 0.000501961 0.000621948 -0.000593311 -0.00060749 0.000779926 -0.000471252 0.000741917 0.000512245 -9.0144e-05 8.01509e-05 -0.000393742 -0.00042102 -0.000603315 -0.000248394 -0.000187308
internal_weight=48336 24048 21108 13503 11561 24288 24179 9469 16579 9300 4848 2092 1865 14539 14187 6900 7287 6913
internal_count=48336 24048 21108 13503 11561 24288 24179 9469 16579 9300 4848 2092 1865 14539 14187 6900 7287 6913
cat_boundaries=0 1 2 3 4 5 6
cat_threshold=668 267174 65860 1345 136 2621576
is_linear=0
shrinkage=0.023


Tree=90
num_leaves=19
num_cat=9
split_feature=7 2 2 1 1 7 7 5 7 1 2 2 2 1 4 4 2 1
split_gain=10.8958 5.39245 4.36868 2.36464 2.09272 1.79053 1.63831 1.61694 1.59614 1.50747 1.31382 1.26302 1.07858 0.979802 0.944315 0.892162 0.843368 0.837604
threshold=0 93.757345162677424 1519.3943877340305 1 2 3 4 1.5000000000000002 5 6 610.61726476764773 35.251433531459114 434.43605304264145 7 229.84000000000003 35.925000000000004 233.50883225270439 8
decision_type=1 2 2 9 9 1 1 2 1 9 2 2 2 9 2 2 2 9
left_child=1 15 5 6 -4 13 7 17 -6 -8 -5 -7 16 14 -2 -1 -9 -3
right_child=2 3 4 10 8 11 9 12 -10 -11 -12 -13 -14 -15 -16 -17 -18 -19
leaf_value=-0.048633964358726474 -0.025883907717116777 -0.020662480426108753 0.095235534677633932 -0.036416337364437334 0.030408218562965255 -0.073931915638802762 0.14041167426521267 0.0077968206668023472 -0.028146531060509936 -0.0014085937133970338 0.018483961443457864 -0.027994385097661421 0.018843496366339536 -0.065156707543433071 0.056802221052154628 -0.0283414687000593 -0.11326159266038067 0.053133904006119295
leaf_weight=1055 403 519 136 2390 983 1875 263 116 1112 4937 2477 15639 592 4118 61 2950 298 8295
leaf_count=1055 403 519 136 2390 983 1875 263 116 1112 4937 2477 15639 592 4118 61 2950 298 8295
internal_value=-0.000236539 0.000112391 -0.000579035 0.000267503 0.000390683 -0.000677211 0.000410107 0.00058493 0.000202116 7.94587e-05 -0.00017307 -0.000570137 -0.000288009 -0.00108283 -6.79015e-05 -0.000657517 -0.00118826 0.000685233
internal_weight=48219 23892 24327 19887 2231 22096 15020 9820 2095 5200 4867 17514 1006 4582 464 4005 414 8814
internal_count=48219 23892 24327 19887 2231 22096 15020 9820 2095 5200 4867 17514 1006 4582 464 4005 414 8814
cat_boundaries=0 1 2 3 4 5 6 7 8 9
cat_threshold=668 2654272 32832 34 648 1057 524288 130 524288
is_linear=0
shrinkage=0.023


Tree=91
num_leaves=19
num_cat=3
split_feature=0 2 3 2 0 3 4 0 2 3 2 4 3 3 4 4 2 3
split_gain=9.64637 2.47152 2.35396 2.09879 1.95032 1.25685 1.17554 1.0403 0.919027 0.713465 0.685829 0.673002 0.992148 0.839452 0.666953 1.51307 0.65789 1.23725
threshold=0 120.32427543049302 84.070000000000007 65.760370819682592 1 20.405000000000005 51.910000000000004 2 2553.3564811473275 22.225000000000005 1784.3110219537514 69.00500000000001 7.8750000000000009 8.6450000000000014 128.94500000000002 179.90500000000003 393.33804254633486 34.155000000000008
decision_type=9 2 2 2 9 2 2 9 2 2 2 2 2 2 2 2 2 2
left_child=2 -2 3 5 8 -1 -6 -8 10 -7 -3 12 -5 -13 -11 -16 -14 -18
right_child=1 4 -4 11 6 9 7 -9 -10 14 -12 13 16 -15 15 -17 17 -19
leaf_value=-0.056511948321065958 -0.094217073334338319 0.040753977013756951 0.060537339528389258 -0.088450785368533402 -0.0072285866550989173 0.077550492666761631 0.0059609822525112186 0.041887413543247508 -0.064319545657639851 -0.060828119027643665 0.12271760919127471 0.022716408546308155 -0.019069953060266934 -0.019235701507391782 0.083525619645930776 -0.021000670543352994 -0.039425034430926202 0.1254603665032365
leaf_weight=5287 609 212 297 416 5096 63 6270 6520 86 193 603 291 4329 13075 111 230 4136 92
leaf_count=5287 609 212 297 416 5096 63 6270 6520 86 193 603 291 4329 13075 111 230 4136 92
internal_value=-0.00019613 0.000199585 -0.000465156 -0.000486759 0.000246438 -0.000873217 0.000193292 0.000311097 0.00128476 0.000127088 0.00153762 -0.00038496 -0.000539038 -0.000281516 -0.000146382 0.000465095 -0.000485684 -0.000689747
internal_weight=47916 19396 28520 28223 18787 5884 17886 12790 901 597 815 22339 8973 13366 534 341 8557 4228
internal_count=47916 19396 28520 28223 18787 5884 17886 12790 901 597 815 22339 8973 13366 534 341 8557 4228
cat_boundaries=0 1 2 3
cat_threshold=100799488 16785414 12667360
is_linear=0
shrinkage=0.023


Tree=92
num_leaves=19
num_cat=9
split_feature=7 3 2 7 1 3 2 2 3 1 2 7 7 1 2 4 1 7
split_gain=10.2348 7.35251 4.61731 2.44677 2.3534 2.13825 1.57254 1.50299 1.30866 1.26725 1.41674 1.62894 1.26176 1.65072 1.0691 1.06352 0.984891 0.974944
threshold=0 13.445000000000002 584.39557716220122 1 2 36.605000000000011 43.592192813392941 35.251433531459114 11.155000000000003 3 1519.3943877340305 4 5 6 2092.5687050952347 205.40000000000003 7 8
decision_type=1 2 2 1 9 2 2 2 2 9 2 1 1 9 2 2 9 1
left_child=1 8 3 7 5 6 -3 -2 -1 10 -4 -12 13 -8 17 -13 -14 -6
right_child=2 4 9 -5 14 -7 12 -9 -10 -11 11 15 16 -15 -16 -17 -18 -19
leaf_value=-0.049342734718422869 -0.077590714929987939 -0.068594205043362486 0.0040836061260157083 -0.066532329341530805 0.018714671023978901 0.10575432136677632 0.14924234791820168 -0.025495252601962264 -0.011445514754557354 -0.013498350326082906 -0.02139208052919751 0.096161892986396769 -0.027965507704764286 -0.015815138371626718 0.16145724618041032 0.29170481590947711 0.043819596215608762 -0.033318501055010767
leaf_weight=2780 1636 511 1482 4662 1584 1699 133 9147 2554 6920 112 236 552 2221 236 65 8804 2780
leaf_count=2780 1636 511 1482 4662 1584 1699 133 9147 2554 6920 112 236 552 2221 236 65 8804 2780
internal_value=-0.000208612 0.000129725 -0.000541116 -0.000781051 0.000346486 0.000495325 0.00038938 -0.000588787 -0.000622622 -0.000121325 0.000404415 0.00159745 0.000443885 -3.3077e-05 -0.000104768 0.0024314 0.000563322 -0.000186563
internal_weight=48114 23854 24260 15445 18520 13920 12221 10783 5334 8815 1895 413 11710 2354 4600 301 9356 4364
internal_count=48114 23854 24260 15445 18520 13920 12221 10783 5334 8815 1895 413 11710 2354 4600 301 9356 4364
cat_boundaries=0 1 2 3 4 5 6 7 8 9
cat_threshold=668 1345 2654272 49344 1090 16 524288 524288 12
is_linear=0
shrinkage=0.023


Tree=93
num_leaves=19
num_cat=13
split_feature=0 1 0 1 0 0 1 1 4 0 4 1 0 4 4 4 1 1
split_gain=10.7794 1.76654 1.76459 1.56932 1.41008 1.20454 1.37258 0.915322 0.893985 0.683731 1.02866 0.663298 0.655514 0.549366 0.856393 0.573565 0.55943 0.563528
threshold=0 1 2 3 4 5 6 7 149.15000000000003 8 299.27500000000003 9 10 179.99500000000003 190.94500000000002 195.06000000000003 11 12
decision_type=9 9 9 9 9 9 9 9 2 9 2 9 9 2 2 2 9 9
left_child=3 2 -2 -1 -3 6 -5 -7 11 10 -10 -6 -13 16 -15 -16 -11 -18
right_child=1 4 -4 5 8 7 -8 -9 9 13 -12 12 -14 14 15 -17 17 -19
leaf_value=0.024970035220744775 0.050318241180141131 0.12594239901231102 -0.067072919119022203 -0.043890655940319316 0.090283141727830335 -0.008887844565047303 -0.010549376388884207 -0.037076511840538298 0.16008878285519546 -0.058064645392640363 0.0038156183394118292 -0.0079043223013206439 0.018536214846186672 -0.084436834548811332 0.068357035935790025 0.028746794936502309 0.05900160395253063 0.31984101445739255
leaf_weight=1062 327 330 1257 16151 126 6901 3109 2274 213 105 154 3422 8714 202 61 2674 909 137
leaf_count=1062 327 330 1257 16151 126 6901 3109 2274 213 105 154 3422 8714 202 61 2674 909 137
internal_value=-0.000211132 0.000221965 -0.000510721 -0.000484597 0.000290311 -0.000517082 -0.000620647 -0.000299231 0.000260288 0.000539479 0.00148163 0.000159057 0.000140883 0.000450097 0.000284248 0.00039101 0.000877069 0.00103217
internal_weight=48128 18631 1584 29497 17047 28435 19260 9175 16717 4455 367 12262 12136 4088 2937 2735 1151 1046
internal_count=48128 18631 1584 29497 17047 28435 19260 9175 16717 4455 367 12262 12136 4088 2937 2735 1151 1046
cat_boundaries=0 1 2 3 4 5 6 7 8 9 10 11 12 13
cat_threshold=34737408 301058 67695200 32832 16777218 34603008 2887942 2621472 589865 96 4264041 16416 2621440
is_linear=0
shrinkage=0.023


Tree=94
num_leaves=19
num_cat=6
split_feature=0 2 1 3 3 3 4 4 1 3 0 2 1 2 1 3 4 3
split_gain=8.69243 2.67446 2.62968 1.59413 1.07901 0.966456 0.955581 2.13758 0.876398 0.936749 0.859117 1.22959 0.814283 0.804341 0.77319 0.665205 0.681809 0.627456
threshold=0 55.379492833299132 1 17.605000000000004 35.345000000000006 16.185000000000006 199.92000000000004 124.99500000000002 2 37.525000000000013 3 861.51996794558056 4 22.623568090482348 5 43.475000000000001 84.995000000000019 45.185000000000009
decision_type=9 2 9 2 2 2 2 2 9 2 9 2 9 2 9 2 2 2
left_child=1 3 10 -1 12 -4 7 -5 9 -6 15 -12 -3 -9 -13 -2 -17 -8
right_child=2 4 5 6 8 -7 17 13 -10 -11 11 14 -14 -15 -16 16 -18 -19
leaf_value=-0.066126561588668156 -0.0012468430368652401 -0.074908220864764632 -0.072100919717485279 -0.056821276779963292 0.057461218322415068 -0.023689318734901925 -0.089619326485467735 0.010640379770806598 0.010354740877369695 -0.045588438377183627 0.023484983440091423 -0.010975929957178035 -0.021746851785540765 0.12413299401187344 0.069923960729422502 -0.043491109625676351 0.061405185858922129 0.0048065957867485191
leaf_weight=4723 5844 720 573 276 69 1163 208 78 1815 399 7259 410 20941 124 2697 99 749 63
leaf_count=4723 5844 720 573 276 69 1163 208 78 1815 399 7259 410 20941 124 2697 99 749 63
internal_value=-0.000215639 -0.000462404 0.000170748 -0.000921309 -0.000357715 -0.00067964 6.44665e-05 0.000682949 0.000117859 -0.000759902 0.000257648 0.000388792 -0.00040784 0.00247948 0.00077204 5.42203e-05 0.000656197 -0.0010261
internal_weight=48210 29416 18794 5472 23944 1736 749 478 2283 468 17058 10366 21661 202 3107 6692 848 271
internal_count=48210 29416 18794 5472 23944 1736 749 478 2283 468 17058 10366 21661 202 3107 6692 848 271
cat_boundaries=0 1 2 3 4 5 6
cat_threshold=101844041 2638060 315920 8444720 266762 524416
is_linear=0
shrinkage=0.023


Tree=95
num_leaves=19
num_cat=14
split_feature=7 0 0 1 3 7 1 1 0 7 1 7 0 3 1 3 3 1
split_gain=11.37 10.1555 5.16151 2.93077 2.85802 2.33109 1.95223 1.74092 1.36013 1.23326 1.13992 1.50186 1.13263 1.30055 1.10512 1.07451 1.05162 1.0492
threshold=0 1 2 3 11.735000000000001 4 5 6 7 8 9 10 11 11.905000000000003 12 19.875000000000004 14.785000000000002 13
decision_type=1 9 9 9 2 1 9 9 9 1 9 1 9 2 9 2 2 9
left_child=1 3 5 15 -3 8 -6 -7 -2 12 -11 -12 -8 -14 -4 -1 -5 -10
right_child=2 4 14 16 6 7 9 -9 17 10 11 -13 13 -15 -16 -17 -18 -19
leaf_value=-0.0897948228816636 0.0032382031799344279 -0.043360881401258877 0.058171424080572839 0.023410951682366007 -0.049377529593329549 0.025575124319070545 0.10388003911938169 -0.031973054501834748 -0.067072331809471572 -0.0012727961410610052 0.18643473236380068 -0.0017535588038155828 0.12018029933291863 0.022182891312452213 0.0070719127761741307 0.10203881290610774 0.15004793574527023 -0.034921844906173782
leaf_weight=240 574 2278 309 276 1133 708 283 17602 4710 8173 221 317 166 2764 4208 139 2926 1060
leaf_count=240 574 2278 309 276 1133 708 283 17602 4710 8173 221 317 166 2764 4208 139 2926 1060
internal_value=-0.000215091 0.000224091 -0.000499784 0.00132509 -3.37244e-05 -0.00063076 9.74092e-05 -0.000498412 -0.00101133 0.000184243 4.19317e-05 0.00105724 0.000568716 0.000430239 0.0002149 -0.000585017 0.00155232 -0.00111812
internal_weight=48087 18916 29171 3581 15335 24654 13057 18310 6344 11924 8711 538 3213 2930 4517 379 3202 5770
internal_count=48087 18916 29171 3581 15335 24654 13057 18310 6344 11924 8711 538 3213 2930 4517 379 3202 5770
cat_boundaries=0 1 2 3 4 5 6 7 8 9 10 11 12 13 14
cat_threshold=652 17119780 38211432 294954 2082 790574 524352 4194816 8 2114176 128 75497536 16448 2654218
is_linear=0
shrinkage=0.023


Tree=96
num_leaves=19
num_cat=10
split_feature=7 0 0 7 2 2 0 2 7 2 0 2 7 6 0 5 7 2
split_gain=10.8533 10.9418 4.35 2.7819 2.29433 2.06814 1.67171 1.16819 1.16544 1.04996 1.03502 0.901935 0.867223 0.848556 0.729987 0.681982 0.667516 0.659236
threshold=0 1 2 3 90.768138215006061 55.379492833299132 4 536.81152062115348 5 58.602829175154731 6 574.01579037995214 7 1.5000000000000002 8 2.5000000000000004 9 2258.9717258190844
decision_type=1 9 9 1 2 2 9 2 1 2 9 2 1 2 9 2 1 2
left_child=1 5 6 9 -3 -1 8 -5 -2 -4 11 16 -12 17 -9 -11 -6 -7
right_child=2 4 3 7 10 13 -8 14 -10 15 12 -13 -14 -15 -16 -17 -18 -19
leaf_value=-0.040627001689929838 0.21294863336998315 -0.087722039565234763 -0.072378514793508611 -0.062269009352514074 0.025295911318587827 -0.0041871865212999952 -0.0019820564330579847 -0.015601559396274155 0.034290775101101852 -0.019870963270067422 0.12847329150732364 0.072218301643236893 0.080436604397853106 -0.12256809965463508 -0.069104511161855883 -0.056224661368780814 -0.039118602664773496 0.098677437563430836
leaf_weight=2653 133 223 1909 5548 414 13999 2708 1786 454 10482 2354 1976 1492 177 907 284 243 200
leaf_count=2653 133 223 1909 5548 414 13999 2708 1786 454 10482 2354 1976 1492 177 907 284 243 200
internal_value=-0.000215022 0.000134563 -0.000557499 -0.000679904 0.000921066 -0.000175343 0.000219198 -0.00100934 0.00132095 -0.000465069 0.0010014 0.000641301 0.00124298 -6.65549e-05 -0.00061744 -0.000377273 -9.44895e-05 -4.6813e-05
internal_weight=47942 23731 24211 20916 6702 17029 3295 8241 587 12675 6479 2633 3846 14376 2693 10766 657 14199
internal_count=47942 23731 24211 20916 6702 17029 3295 8241 587 12675 6479 2633 3846 14376 2693 10766 657 14199
cat_boundaries=0 1 2 3 4 5 6 7 8 9 10
cat_threshold=668 34262483 84468443 1281 17309699 1 97521672 140 46273540 536
is_linear=0
shrinkage=0.023


Tree=97
num_leaves=19
num_cat=7
split_feature=7 2 7 3 2 2 1 3 1 1 4 4 4 3 7 2 3 1
split_gain=7.89298 5.81832 2.70733 3.37855 2.62303 1.78092 2.05025 1.90385 1.84927 1.72188 1.5152 1.32426 1.67321 1.72087 1.05851 1.0218 0.929985 0.651036
threshold=0 73.307966824152189 1 11.815000000000003 603.15557967331563 1519.3943877340305 2 24.645000000000003 3 4 71.450000000000017 119.82000000000002 198.12000000000003 27.135000000000002 5 2258.9717258190844 110.02000000000002 6
decision_type=1 2 1 2 2 2 9 2 9 9 2 2 2 2 1 2 2 9
left_child=4 11 3 -3 -1 8 7 -7 -4 17 -8 -2 13 -13 -11 -16 -10 -5
right_child=1 2 5 9 -6 6 10 -9 16 14 -12 12 -14 -15 15 -17 -18 -19
leaf_value=-0.054901194259573606 -0.054454959905580649 -0.067245526534910824 -0.063366909550858497 0.044166799795020147 -0.015080560166424029 0.21490483541517399 -0.032106808025961608 0.060847497835931852 -0.0058636499753494187 0.026740793604567114 0.069143638468695451 0.0068040948746405676 -0.065652778640236692 0.15605749039753436 -0.043089017669615551 0.11518686659716344 0.087255505710530548 0.11068187722683241
leaf_weight=7850 3780 684 1248 7750 4575 69 587 245 14778 1976 952 704 634 85 1249 65 120 588
leaf_count=7850 3780 684 1248 7750 4575 69 587 245 14778 1976 952 704 634 85 1249 65 120 588
internal_value=-0.000212493 -3.78114e-05 8.41498e-05 0.000346804 -0.000711166 -9.56571e-05 0.000579585 0.00224169 -0.000173218 0.000439499 0.000224177 -0.000748364 -0.000150294 0.000556625 -6.96978e-06 -0.000510641 -0.000101515 0.000614933
internal_weight=47939 35514 30311 12312 12425 17999 1853 314 16146 11628 1539 5203 1423 789 3290 1314 14898 8338
internal_count=47939 35514 30311 12312 12425 17999 1853 314 16146 11628 1539 5203 1423 789 3290 1314 14898 8338
cat_boundaries=0 1 2 3 4 5 6 7
cat_threshold=3170 140 16586 299824 2130040 12 2097176
is_linear=0
shrinkage=0.023


Tree=98
num_leaves=19
num_cat=7
split_feature=0 2 2 1 2 2 0 4 5 0 5 1 0 4 2 4 0 2
split_gain=7.02358 2.28944 1.83437 1.38418 1.11443 1.44658 1.2122 1.01537 1.1081 1.43293 0.808956 0.768109 0.762224 0.762151 0.976395 0.716355 1.04886 0.695936
threshold=0 120.32427543049302 46.778728473530883 1 434.43605304264145 499.22448476242192 2 42.035000000000004 1.5000000000000002 3 1.5000000000000002 4 5 119.02000000000001 618.52111970165913 217.90500000000003 6 211.26002073704612
decision_type=9 2 2 9 2 2 9 2 2 9 2 9 9 2 2 2 9 2
left_child=2 -2 -1 4 -3 6 -6 -7 12 -10 11 -4 -9 -13 17 -5 -17 -15
right_child=1 3 10 15 5 7 -8 8 9 -11 -12 13 -14 14 -16 16 -18 -19
leaf_value=-0.056309505765860197 -0.054577293657302219 -0.01124068163266425 -0.065740732448675371 -0.042972682542145924 0.13488788091113466 -0.0061072725265448637 0.023116101513156118 0.18880337097184777 -0.049651654816615882 0.054627397496741462 -0.048321391461456482 -0.021530200413294419 0.026442742094371155 0.0096241023518280882 0.039975685464451814 -0.062396601276875588 0.066860262648602911 -0.025197683048316419
leaf_weight=4759 752 4509 649 1543 435 2993 634 105 866 485 2092 12336 9784 1551 675 128 307 3333
leaf_count=4759 752 4509 649 1543 435 2993 634 105 866 485 2092 12336 9784 1551 675 128 307 3333
internal_value=-0.000185493 0.000110047 -0.000447684 0.000153162 0.000211071 0.000304818 0.00112072 0.000243521 0.000343765 -0.000274049 -0.00035398 -0.000305605 0.000428173 -0.000276819 -5.33713e-05 -0.000425708 0.000396351 -0.000166701
internal_weight=47936 22541 25395 21789 19811 15302 1069 14233 11240 1351 20636 18544 9889 17895 5559 1978 435 4884
internal_count=47936 22541 25395 21789 19811 15302 1069 14233 11240 1351 20636 18544 9889 17895 5559 1978 435 4884
cat_boundaries=0 1 2 3 4 5 6 7
cat_threshold=33555457 2212036 262144 88378256 266790 16777216 8528016
is_linear=0
shrinkage=0.023


Tree=99
num_leaves=19
num_cat=5
split_feature=7 2 3 1 2 5 1 2 7 3 5 2 3 3 3 3 7 2
split_gain=9.7287 5.04423 3.55582 1.89357 1.92629 1.79298 1.67876 1.66522 2.215 1.40533 1.65556 1.24623 1.21926 1.01051 0.89472 0.892392 0.831164 0.8097
threshold=0 178.7298789178214 18.925000000000004 1 2050.4041081798655 1.5000000000000002 2 517.3686356230312 3 15.045000000000002 1.5000000000000002 493.00337402950191 36.605000000000011 47.565000000000005 7.8750000000000009 9.2750000000000004 4 861.51996794558056
decision_type=1 2 2 9 2 2 9 2 1 2 2 2 2 2 2 2 1 2
left_child=1 15 7 9 -5 6 -4 8 14 11 12 -3 -11 -14 -2 -1 -7 -15
right_child=2 3 5 4 -6 16 -8 -9 -10 10 -12 -13 13 17 -16 -17 -18 -19
leaf_value=-0.040550061867781137 -0.073465126758045007 0.021036482922746957 0.01106041674839435 -0.0030832261148709171 0.15656327060112585 -0.019158717851605882 -0.040082753980952089 -0.018901631625754409 -0.062044836970081702 0.053818015370658244 -0.0092425073435778368 -0.059020348042662055 0.18792064284261417 0.071465269070951118 -0.031732910596709553 -0.015919341376162036 -0.061950707233007996 -0.024507536789611033
leaf_weight=1481 1061 1653 6157 4682 287 1288 1724 5502 4319 5992 1061 389 270 204 7799 2830 1334 155
leaf_count=1481 1061 1653 6157 4682 287 1288 1724 5502 4319 5992 1061 389 270 204 7799 2830 1334 155
internal_value=-0.000204665 0.000200313 -0.000468285 0.00040339 3.7415e-05 -0.000129856 4.34826e-05 -0.000658807 -0.000799115 0.000589754 0.000732913 5.40583e-05 0.000868072 0.00183131 -0.000588599 -0.000491346 -0.000650823 0.00103084
internal_weight=48188 19004 29184 14693 4969 10503 7881 18681 13179 9724 7682 2042 6621 629 8860 4311 2622 359
internal_count=48188 19004 29184 14693 4969 10503 7881 18681 13179 9724 7682 2042 6621 629 8860 4311 2622 359
cat_boundaries=0 1 2 3 4 5
cat_threshold=652 2097268 2621644 1297 1296
is_linear=0
shrinkage=0.023


Tree=100
num_leaves=19
num_cat=8
split_feature=7 3 6 7 3 5 7 1 1 7 3 3 3 1 1 3 5 3
split_gain=9.42914 6.40205 2.28687 1.60323 1.43473 1.45954 1.36828 2.75246 1.83911 1.30121 1.07182 1.01503 0.909445 0.835254 0.76644 0.760623 0.658222 0.777546
threshold=0 13.445000000000002 1.5000000000000002 1 53.320000000000007 1.5000000000000002 2 3 4 5 13.375000000000002 11.815000000000003 17.135000000000002 6 7 17.675000000000004 2.5000000000000004 39.015000000000008
decision_type=1 2 2 1 2 2 1 9 9 1 2 2 2 9 9 2 2 2
left_child=1 9 4 12 6 -6 7 -3 -8 11 -5 -1 -2 -14 -12 -15 17 -17
right_child=3 2 -4 10 5 -7 8 -9 -10 -11 14 -13 13 15 -16 16 -18 -19
leaf_value=-0.029242790954904001 -0.029574449047031871 0.050222442424394886 -0.090279680528161405 -0.059152126479427108 0.13831560843009896 0.014678456368008705 0.13695087055547206 -0.0097921565366663205 -0.00085663675071339913 -0.036492315107234427 -0.038476664708962688 0.086810425128946947 -0.061130327187714349 0.064560312619907162 -0.0061893165668475501 -0.01164650648717783 -0.057734850134480258 0.013536702244611492
leaf_weight=658 7276 8730 244 2029 609 422 255 2514 5651 4136 5933 523 279 336 1581 5315 348 1075
leaf_count=658 7276 8730 244 2029 609 422 255 2514 5651 4136 5933 523 279 336 1581 5315 348 1075
internal_value=-0.00014468 0.000180884 0.000383848 -0.000464333 0.000413542 0.00124678 0.000363435 0.000512145 7.93068e-05 -0.000522097 -0.000696509 0.000152532 -0.000312497 -0.00013231 -0.000570545 -8.24655e-05 -0.000135852 -8.27833e-05
internal_weight=47914 23742 18425 24172 18181 1031 17150 11244 5906 5317 9543 1181 14629 7353 7514 7074 6738 6390
internal_count=47914 23742 18425 24172 18181 1031 17150 11244 5906 5317 9543 1181 14629 7353 7514 7074 6738 6390
cat_boundaries=0 1 2 3 4 5 6 7 8
cat_threshold=668 1281 648 2113628 524288 8 4154 2916352
is_linear=0
shrinkage=0.023


Tree=101
num_leaves=19
num_cat=7
split_feature=0 3 3 6 5 1 3 3 1 0 5 3 1 0 6 1 3 3
split_gain=10.3216 2.15853 1.97099 1.09842 1.03453 1.32702 1.87571 1.00477 1.47713 0.952041 1.09859 0.939491 0.860801 0.68482 0.631569 0.583587 0.57422 0.553295
threshold=0 9.6650000000000009 12.615 1.5000000000000002 1.5000000000000002 1 20.665000000000003 18.825000000000003 2 3 1.5000000000000002 20.965000000000003 4 5 1.5000000000000002 6 22.855000000000004 50.855000000000011
decision_type=9 2 2 2 2 9 2 2 9 9 2 2 9 9 2 9 2 2
left_child=1 -1 -2 7 5 -3 -7 8 -4 -9 15 -6 16 -10 -13 -11 -8 -14
right_child=2 4 3 -5 11 6 12 9 13 10 -12 14 17 -15 -16 -17 -18 -19
leaf_value=-0.04877242772259243 -0.056681410471457715 -0.047198133284734614 -0.0812340206322891 -0.077097360728344055 -0.12063009627700322 -0.020786354901488231 0.025999831081068493 0.0086427768669982124 -0.074974734682508051 -0.042331206982904039 -0.0028508157850051221 -0.028315807930957494 0.015569347796008838 0.021056836023787731 -0.10819610510979624 0.059642286798246943 -0.031942114516466343 0.060834975807011755
leaf_weight=4540 542 1067 496 228 503 16880 238 3157 187 317 1093 2134 2075 7796 323 5050 869 357
leaf_count=4540 542 1067 496 228 503 16880 238 3157 187 317 1093 2134 2075 7796 323 5050 869 357
internal_value=-0.000163516 -0.000435947 0.000255146 0.000295717 -0.000350558 -0.000295018 -0.000253202 0.000315712 0.000133184 0.000476634 0.000636299 -0.000753661 0.000228101 0.000209189 -0.000568163 0.000772634 -0.000302627 0.000468999
internal_weight=47852 28986 18866 18324 24446 21486 20419 18096 8479 9617 6460 2960 3539 7983 2457 5367 1107 2432
internal_count=47852 28986 18866 18324 24446 21486 20419 18096 8479 9617 6460 2960 3539 7983 2457 5367 1107 2432
cat_boundaries=0 1 2 3 4 5 6 7
cat_threshold=34735176 267066 786488 12681349 49284 16789504 37378
is_linear=0
shrinkage=0.023


Tree=102
num_leaves=19
num_cat=7
split_feature=0 2 3 1 1 5 3 2 0 1 1 0 3 3 3 2 3 2
split_gain=8.01929 2.24057 1.68813 1.19666 1.07384 1.21898 1.68318 1.03432 1.19332 1.01599 0.979264 0.786888 0.742116 0.738726 0.730342 0.701666 0.695653 0.683779
threshold=0 109.87277948764624 9.6650000000000009 1 2 1.5000000000000002 18.505000000000006 922.01816366722835 3 4 5 6 50.855000000000011 23.285000000000004 36.605000000000011 438.59450006655169 74.685000000000016 978.53784423862373
decision_type=9 2 2 9 9 2 2 2 9 9 9 9 2 2 2 2 2 2
left_child=2 -2 -1 7 -4 6 9 -3 -9 -6 16 12 -5 -7 -10 -12 -8 -11
right_child=1 3 4 11 5 13 10 8 14 17 15 -13 -14 -15 -16 -17 -18 -19
leaf_value=-0.047554115829770073 -0.039721382881708074 0.010789467720343426 -0.057165283553630403 0.0083560301615829245 -0.028197359805766806 -0.11351872722202641 0.012827066421625663 0.084295152513097063 0.012128725327296891 -0.00062147164414723811 -0.11155970517674454 -0.015374866597704494 0.22076238309358739 -0.032336269235886436 0.072062897904851889 -0.0088998732907368573 0.065447552048507537 0.084626006320982314
leaf_weight=4509 726 10877 869 308 12073 565 3823 1450 2975 2222 213 3668 106 2097 829 573 138 70
leaf_count=4509 726 10877 869 308 12073 565 3823 1450 2975 2222 213 3668 106 2097 829 573 138 70
internal_value=-0.000178917 0.000159304 -0.000439641 0.000204475 -0.000358867 -0.000326668 -0.000262586 0.000293391 0.00055856 -0.000386664 0.000112887 -0.000147256 0.00079157 -0.000787914 0.000341301 -0.000623949 0.000260045 5.79435e-05
internal_weight=48091 20939 27152 20213 22643 21774 19112 16131 5254 14365 4747 4082 414 2662 3804 786 3961 2292
internal_count=48091 20939 27152 20213 22643 21774 19112 16131 5254 14365 4747 4082 414 2662 3804 786 3961 2292
cat_boundaries=0 1 2 3 4 5 6 7
cat_threshold=101713664 2179148 266762 21758082 2097312 2654336 553001
is_linear=0
shrinkage=0.023


Tree=103
num_leaves=19
num_cat=8
split_feature=7 3 2 7 2 1 4 2 1 3 7 2 3 3 7 3 1 7
split_gain=8.19225 5.46791 3.38234 2.30189 1.78287 1.63736 1.57967 1.47502 1.28136 1.6507 1.28034 1.23812 1.18248 1.30679 0.952061 1.04443 0.93811 0.825506
threshold=0 11.155000000000003 911.24501102037686 1 578.62996211279039 2 52.925000000000004 46.778728473530883 3 84.070000000000007 4 27.021718588638873 15.945000000000002 20.665000000000003 5 29.105000000000004 6 7
decision_type=1 2 2 1 2 9 2 2 9 2 1 2 2 2 1 2 9 1
left_child=1 -1 3 7 8 6 10 -2 9 11 -6 -3 -4 17 15 -13 -5 -14
right_child=2 4 12 16 5 -7 -8 -9 -10 -11 -12 14 13 -15 -16 -17 -18 -19
leaf_value=-0.0341215916682489 -0.068962909489550472 -0.054191367277002897 0.098024709562557294 -0.055416863009877707 0.056105335714000858 -0.0023510341011546351 0.074196871309288509 -0.018015089906952771 -0.023736374906529321 0.18946062908239736 -0.021506119154742792 0.064757579876751362 -0.003132427489739372 0.010415236492059473 0.007880078157400279 -0.041841770327708583 -0.024816803310711403 -0.065490162317817166
leaf_weight=2823 1865 658 215 5078 899 1946 4773 11610 2381 102 1134 1689 682 3143 7412 206 1012 494
leaf_count=2823 1865 658 215 5078 899 1946 4773 11610 2381 102 1134 1689 682 3143 7412 206 1012 494
internal_value=-0.000166901 0.000133694 -0.000466407 -0.00059777 0.000260374 0.000511915 0.000679584 -0.000428952 8.35134e-05 0.000196968 0.000143663 0.000167331 9.94212e-05 1.65071e-05 0.000235505 0.000694145 -0.000968982 -0.000637466
internal_weight=48122 24023 24099 19565 21200 8752 6806 13475 12448 10067 2033 9965 4534 4319 9307 1895 6090 1176
internal_count=48122 24023 24099 19565 21200 8752 6806 13475 12448 10067 2033 9965 4534 4319 9307 1895 6090 1176
cat_boundaries=0 1 2 3 4 5 6 7 8
cat_threshold=668 1345 2637888 2658304 640 8 2916352 2083
is_linear=0
shrinkage=0.023


Tree=104
num_leaves=19
num_cat=11
split_feature=7 0 0 3 3 7 0 7 6 0 3 3 3 3 7 1 1 1
split_gain=9.65774 9.361 4.51045 2.48423 2.44354 1.66765 1.50912 1.55037 1.36492 1.2174 0.98714 1.18976 0.977677 1.17985 0.976719 1.33734 0.971318 0.884671
threshold=0 1 2 11.735000000000001 14.095000000000001 3 4 5 1.5000000000000002 6 9.6650000000000009 10.965000000000002 15.045000000000002 14.265000000000002 7 8 9 10
decision_type=1 9 9 2 2 1 9 1 2 9 2 2 2 2 1 9 9 9
left_child=1 3 5 -1 -3 10 -6 12 14 -7 -2 -12 13 -8 15 -5 -11 -4
right_child=2 4 17 8 6 9 7 -9 -10 16 11 -13 -14 -15 -16 -17 -18 -19
leaf_value=-0.033077011954299566 -0.057634478995326886 -0.084766453670238898 0.083622581002764165 0.13940046197624317 0.047511838806941181 -0.0055927080081561911 0.26294513312533546 0.074956074702686878 -0.12070035741403119 -0.0043153399402639653 0.059935314191106079 -0.022355556275381078 0.17214953146793396 -0.2291076159705126 0.008398556179612722 -0.030410944902745315 -0.054833729557687165 0.0093125595604981182
leaf_weight=2822 1836 225 202 120 3169 1011 91 1967 172 655 309 10393 1550 86 10851 2817 6397 3440
leaf_count=2822 1836 225 202 120 3169 1011 91 1967 172 655 309 10393 1550 86 10851 2817 6397 3440
internal_value=-0.000153116 0.000175291 -0.000476346 -0.000120806 0.000875515 -0.000608276 0.000954085 0.00127039 4.94207e-06 -0.000866928 -0.00044137 -0.000357179 0.00177807 0.000168716 3.03587e-05 -0.000341034 -0.000974425 0.000269534
internal_weight=48113 23870 24243 16782 7088 20601 6863 3694 13960 8063 12538 10702 1727 177 13788 2937 7052 3642
internal_count=48113 23870 24243 16782 7088 20601 6863 3694 13960 8063 12538 10702 1727 177 13788 2937 7052 3642
cat_boundaries=0 1 2 3 4 5 6 7 8 9 10 11
cat_threshold=668 118136145 47650348 1281 13714048 136 12582916 16 524288 128 16448
is_linear=0
shrinkage=0.023


Tree=105
num_leaves=19
num_cat=9
split_feature=7 3 3 5 1 5 1 3 3 7 7 7 7 1 1 3 3 3
split_gain=8.31371 3.29484 2.42603 1.92159 1.63059 1.36925 1.3757 1.23989 1.35084 0.977298 0.951245 0.948658 0.94625 0.930415 0.834502 0.801567 0.786822 0.785675
threshold=0 11.815000000000003 20.405000000000005 1.5000000000000002 1 1.5000000000000002 2 15.045000000000002 14.515000000000002 3 4 5 6 7 8 37.045000000000009 11.905000000000003 21.355000000000004
decision_type=1 2 2 2 9 2 9 2 2 1 1 1 1 9 9 2 2 2
left_child=1 -1 11 4 -3 6 10 8 9 16 -4 -2 -7 -13 -9 -16 -6 -5
right_child=2 3 5 17 7 12 -8 14 -10 -11 -12 13 -14 -15 15 -17 -18 -19
leaf_value=-0.031829780587238739 -0.044220863060305947 -0.035456219546748491 -0.019047664077217388 -0.11640596177748225 0.15208238450332268 -0.0033158208149325326 -0.042903550733138306 0.050892632875964204 -0.070905996728406501 -0.0044911150957911549 0.02212784497980581 0.017535666387857436 -0.056135050962690856 -0.028682511876772124 0.0072758564326245462 0.11569825976964833 0.036037337175336227 -0.014577297180268919
leaf_weight=2500 5264 602 1400 202 170 1130 1515 7522 550 1493 3826 449 1455 14014 2417 479 1362 1685
leaf_count=2500 5264 602 1400 202 170 1130 1515 7522 550 1493 3826 449 1455 14014 2417 479 1362 1685
internal_value=-0.000175965 0.000198365 -0.00042046 0.000316486 0.000405783 -0.000114924 5.76596e-05 0.000456116 8.68473e-05 0.0002775 0.000234558 -0.000565113 -0.000564943 -0.000467685 0.000583266 0.000248501 0.000683041 -0.000374149
internal_weight=48035 18982 29053 16482 14595 9326 6741 13993 3575 3025 5226 19727 2585 14463 10418 2896 1532 1887
internal_count=48035 18982 29053 16482 14595 9326 6741 13993 3575 3025 5226 19727 2585 14463 10418 2896 1532 1887
cat_boundaries=0 1 2 3 4 5 6 7 8 9
cat_threshold=652 262698 2621644 136 3074 2082 336 524368 2129984
is_linear=0
shrinkage=0.023


Tree=106
num_leaves=19
num_cat=12
split_feature=7 0 0 3 7 0 3 3 3 0 7 3 1 1 1 7 3 1
split_gain=7.63626 11.1488 3.97183 3.12406 2.17942 2.28755 1.74781 1.66727 2.58974 1.2413 1.62129 1.33974 1.2213 1.11854 0.874367 0.874347 1.20881 0.930775
threshold=0 1 2 14.095000000000001 3 4 7.8750000000000009 9.6650000000000009 10.965000000000002 5 6 15.045000000000002 7 8 9 10 17.785000000000004 11
decision_type=1 9 9 2 1 9 2 2 2 9 1 2 9 9 9 1 2 9
left_child=1 3 14 -1 7 13 -3 -4 -9 10 11 -5 -11 -6 -2 -8 -17 -18
right_child=2 6 4 9 5 -7 15 8 -10 12 -12 -13 -14 -15 -16 16 17 -19
leaf_value=-0.081839446121450971 0.16056973897308788 -0.055102779638107321 -0.060098774898987593 0.012841624363556377 -0.055739745615094566 -0.0039917123867268542 0.01534757530832943 0.066605413582768572 -0.016492916337484585 0.076725464641271501 0.077234656697347942 0.1638015928010701 -0.0011838102379421603 -0.021874406654629523 0.046790147214965529 -0.022915929560388803 0.013922084917204645 -0.035970073163466849
leaf_weight=230 118 865 1801 235 5835 1906 3505 334 11941 2339 1266 1723 849 1293 951 7684 3989 1224
leaf_count=230 118 865 1801 235 5835 1906 3505 334 11941 2339 1266 1723 849 1293 951 7684 3989 1224
internal_value=-0.000158696 0.000132792 -0.000446799 0.000932831 -0.000510333 -0.000789367 -0.000175324 -0.000330806 -0.000235149 0.00102872 0.00134833 0.00176688 0.000699013 -0.000978872 0.000918533 -0.000122277 -0.000209736 6.04419e-05
internal_weight=48088 23909 24179 6642 23110 9034 17267 14076 12275 6412 3224 1958 3188 7128 1069 16402 12897 5213
internal_count=48088 23909 24179 6642 23110 9034 17267 14076 12275 6412 3224 1958 3188 7128 1069 16402 12897 5213
cat_boundaries=0 1 2 3 4 5 6 7 8 9 10 11 12
cat_threshold=668 12925476 17358851 1281 35067040 262176 140 2129920 2375698 49154 8 2916450
is_linear=0
shrinkage=0.023


Tree=107
num_leaves=19
num_cat=4
split_feature=0 2 2 6 2 0 3 5 3 5 2 0 2 5 3 2 0 3
split_gain=6.18716 2.47216 1.89449 0.872963 0.857941 0.692858 0.637887 1.19222 0.559692 0.704084 1.22591 0.519085 1.40784 0.459636 0.711201 0.550168 0.485119 0.497411
threshold=0 43.592192813392941 93.757345162677424 1.5000000000000002 2258.9717258190844 1 84.070000000000007 1.5000000000000002 15.565000000000003 1.5000000000000002 325.6381307556158 2 849.84417946220049 2.5000000000000004 36.32500000000001 879.03623882356851 3 43.475000000000001
decision_type=9 2 2 2 2 9 2 2 2 2 2 9 2 2 2 2 9 2
left_child=1 -1 -2 4 6 -4 13 -8 -7 11 -11 12 -10 14 -3 -16 -17 -18
right_child=2 3 5 -5 -6 8 7 -9 9 10 -12 -13 -14 -15 15 16 17 -19
leaf_value=-0.049246215233670815 -0.074023257382397983 -0.018713712716487169 0.09477921103477395 -0.087157132146812158 0.096997332147487778 -0.0033113058995137244 0.091240949758993717 -0.04270418365028561 -0.039238047649683062 0.13577425964351161 -0.026572528429258176 0.031040534768702097 0.027110273714291474 -0.057030962326436452 0.029310769733622354 -0.059640784457810715 0.071791552152445912 -0.041317609356712352
leaf_weight=4731 551 22601 383 315 162 3373 140 133 1339 108 1579 6644 4131 438 1109 172 118 92
leaf_count=4731 551 22601 383 315 162 3373 140 133 1339 108 1579 6644 4131 438 1109 172 118 92
internal_value=-0.000180629 -0.00038314 0.000155125 -0.000292957 -0.000277767 0.000196893 -0.000288669 0.000816558 0.000174799 0.000239812 -0.000200389 0.000301117 0.000134301 -0.000300976 -0.000287546 0.000198964 -0.000553608 0.000208882
internal_weight=48119 30011 18108 25280 24965 17557 24803 273 17174 13801 1687 12114 5470 24530 24092 1491 382 210
internal_count=48119 30011 18108 25280 24965 17557 24803 273 17174 13801 1687 12114 5470 24530 24092 1491 382 210
cat_boundaries=0 1 2 3 4
cat_threshold=100828424 16777218 4807312 33686528
is_linear=0
shrinkage=0.023


Tree=108
num_leaves=19
num_cat=8
split_feature=0 2 2 6 1 3 6 3 0 1 2 0 3 0 1 2 1 2
split_gain=6.87708 2.38496 2.30373 1.30935 1.02614 0.943531 0.777718 0.962768 0.939108 0.740146 0.66519 0.63277 0.632945 0.79712 0.693365 0.609646 0.584961 0.680323
threshold=0 25.312129971147446 93.757345162677424 1.5000000000000002 1 110.02000000000002 1.5000000000000002 30.465000000000003 2 3 2361.7284817799168 4 14.885000000000003 5 6 344.03150270116492 7 2115.2533550652433
decision_type=9 2 2 2 9 2 2 2 9 9 2 9 2 9 9 2 9 2
left_child=1 -1 -2 4 -4 10 7 -3 -9 -10 11 16 13 -13 -14 -15 17 -6
right_child=2 6 3 -5 5 -7 -8 8 9 -11 -12 12 14 15 -16 -17 -18 -19
leaf_value=-0.053218395896896066 -0.076730660050318977 -0.02035949076314772 0.14093644968521474 -0.087253736975020132 0.0067137830087317029 0.097774782513742581 -0.097005844477178707 -0.015643522516083367 0.046315890806346953 -0.046846292996463361 0.058819702864431569 -0.037174499123558635 0.026298418551954073 0.1165247846675652 -0.029369345329109262 0.025421004725134831 -0.028223250689695653 -0.054480754503106077
leaf_weight=3364 556 21714 224 206 6301 240 340 1500 923 209 827 917 8304 61 509 161 1099 559
leaf_count=3364 556 21714 224 206 6301 240 340 1500 923 209 827 917 8304 61 509 161 1099 559
internal_value=-0.000173599 -0.000405735 0.000152686 0.000194587 0.000214162 0.000195257 -0.000327584 -0.00031232 0.000103106 0.000600059 0.000176996 0.000147544 0.000269658 -0.000240253 0.00033587 0.000970631 -5.48415e-06 7.36507e-05
internal_weight=48014 28050 19964 19408 19202 18978 24686 24346 2632 1132 18738 17911 9952 1139 8813 222 7959 6860
internal_count=48014 28050 19964 19408 19202 18978 24686 24346 2632 1132 18738 17911 9952 1139 8813 222 7959 6860
cat_boundaries=0 1 2 3 4 5 6 7 8
cat_threshold=100795396 65612 33554436 2899968 5362576 262208 2408592 2146354
is_linear=0
shrinkage=0.023


Tree=109
num_leaves=19
num_cat=14
split_feature=7 0 2 2 7 0 2 0 2 1 7 0 1 0 1 1 7 1
split_gain=6.98563 7.89273 3.19579 2.80752 2.7746 2.03842 1.74916 1.56027 1.47166 0.863427 0.853761 1.90236 1.18543 0.911022 1.02437 0.837643 0.787094 0.783758
threshold=0 1 584.39557716220122 258.74452600182218 2 3 35.251433531459114 4 37.77157551604224 5 6 7 8 9 10 11 12 13
decision_type=1 9 2 2 1 9 2 9 2 9 1 9 9 9 9 9 1 9
left_child=1 6 4 -3 -2 16 -1 15 -6 -9 11 12 -7 -12 -15 -5 17 -4
right_child=2 3 5 7 8 10 -8 9 -10 -11 13 -13 -14 14 -16 -17 -18 -19
leaf_value=-0.047968983287046046 -0.050995162685375017 -0.051236858749674208 0.13136399819897809 -0.040218615105711196 -0.053148376497439698 0.18779942994103072 -0.00086330022165368001 0.12376728475030088 -0.017959727682235412 0.04654924159161529 -0.045058120779971678 -0.020972318691842549 0.031988412067570499 0.048668112844998682 -0.015425157009897661 0.056427078908323068 0.0063673431111045857 0.048560007665994116
leaf_weight=1712 4714 384 142 252 2201 108 11772 2410 11599 378 1748 934 506 110 4962 2057 1028 993
leaf_count=1712 4714 384 142 252 2201 108 11772 2410 11599 378 1748 934 506 110 4962 2057 1028 993
internal_value=-0.000165757 0.000177573 -0.000389862 0.000912675 -0.00057195 -7.01064e-05 -0.000121697 0.00105722 -0.000406366 0.00142362 -0.000232795 0.000253879 0.00123802 -0.000343474 -0.000186454 0.000605936 0.000557743 0.000974048
internal_weight=48010 18965 29045 5481 18514 10531 13484 5097 13800 2788 8368 1548 614 6820 5072 2309 2163 1135
internal_count=48010 18965 29045 5481 18514 10531 13484 5097 13800 2788 8368 1548 614 6820 5072 2309 2163 1135
cat_boundaries=0 1 2 3 4 5 6 7 8 9 10 11 12 13 14
cat_threshold=652 51561942 2082 26402822 12597760 2637832 1 34085040 16512 7720 596 16896 2097 573440
is_linear=0
shrinkage=0.023


Tree=110
num_leaves=19
num_cat=7
split_feature=7 0 0 7 3 3 3 0 5 0 5 3 3 3 7 5 3 5
split_gain=7.97637 6.50018 3.6218 2.89228 1.74102 1.60494 1.29648 1.28179 1.43342 0.850862 0.837816 0.830063 0.808965 1.30536 0.732756 0.640032 0.63893 0.606725
threshold=0 1 2 3 11.735000000000001 14.095000000000001 28.895000000000003 4 1.5000000000000002 5 1.5000000000000002 15.795000000000002 9.6650000000000009 11.815000000000003 6 2.5000000000000004 16.545000000000005 1.5000000000000002
decision_type=1 9 9 1 2 2 2 9 2 9 2 2 2 2 1 2 2 2
left_child=1 5 3 6 -3 -1 12 8 -7 14 -6 -9 -2 -14 -4 -8 -13 -15
right_child=2 4 9 -5 10 7 15 11 -10 -11 -12 16 13 17 -16 -17 -18 -19
leaf_value=-0.069377458105250894 -0.048365601655956859 -0.029237061544662862 0.17595177002924781 -0.045823988290009686 0.0060551241799334694 0.12295395889592903 0.013361697121829573 -0.022633854435325267 -0.025660094593942039 -0.0014611698341788395 -0.038375467609091579 0.16483641451606371 0.0226898358847334 -0.024739082679337922 0.016174881484271941 -0.030314714512412529 0.050156516723097018 -0.087530050818418387
leaf_weight=181 2141 2272 107 7131 9713 2394 1954 401 299 6529 1348 180 756 9211 303 315 2099 578
leaf_count=181 2141 2272 107 7131 9713 2394 1954 401 299 6529 1348 180 756 9211 303 315 2099 578
internal_value=-0.000182513 0.000185365 -0.000421816 -0.000565835 -9.01512e-05 0.000845724 -0.000383456 0.00091902 0.0012737 3.67374e-05 2.89022e-05 0.000555716 -0.000474279 -0.000391505 0.00103993 0.000122641 0.000727573 -0.000462622
internal_weight=47912 18887 29025 22086 13333 5554 14955 5373 2693 6939 11061 2680 12686 10545 410 2269 2279 9789
internal_count=47912 18887 29025 22086 13333 5554 14955 5373 2693 6939 11061 2680 12686 10545 410 2269 2279 9789
cat_boundaries=0 1 2 3 4 5 6 7
cat_threshold=652 71580468 102178336 1297 270848 16793606 33
is_linear=0
shrinkage=0.023


Tree=111
num_leaves=19
num_cat=5
split_feature=0 2 2 1 2 1 2 0 3 5 5 2 2 5 3 3 2 0
split_gain=7.83209 2.82074 1.96923 1.55259 1.30519 1.05447 0.856289 1.15456 0.843186 1.64691 1.03205 0.819077 0.751302 0.662855 1.51763 0.788462 1.10046 0.717501
threshold=0 90.768138215006061 21.358019309292239 1 1784.3110219537514 2 434.43605304264145 3 21.245000000000005 1.5000000000000002 1.5000000000000002 1109.3290322368389 902.37644379013364 1.5000000000000002 50.855000000000011 59.430000000000007 893.63382004247273 4
decision_type=9 2 2 9 2 9 2 9 2 2 2 2 2 2 2 2 2 9
left_child=2 -2 -1 4 -3 -4 7 -5 10 11 -7 -10 -11 14 17 16 -16 -8
right_child=1 3 5 6 -6 8 13 -9 9 12 -12 -13 -14 -15 15 -17 -18 -19
leaf_value=-0.050872015796421075 -0.046285970385259036 0.056631371240536355 -0.059758386459316734 0.013409611994258356 0.19214120426528267 -0.022180052621255844 0.032439812422325826 -0.041837270785927229 0.021393281839515877 -0.041612474135886209 -0.10571638160640058 -0.04618370303117901 0.22829154582358252 -0.011354643146808712 0.16793294182575169 0.046197558454769895 0.078686511634973477 0.0079318915597890623
leaf_weight=2771 650 128 977 3245 67 17673 4760 1718 2622 1937 316 186 75 1571 68 586 210 8683
leaf_count=2771 650 128 977 3245 67 17673 4760 1718 2622 1937 316 186 75 1571 68 586 210 8683
internal_value=-0.000176541 0.000147776 -0.000441262 0.00019396 0.00218546 -0.000373822 0.000174172 -8.94385e-05 -0.000341585 -7.1574e-05 -0.000414121 0.000288296 -0.000573795 0.000256678 0.000305922 0.00124019 0.00224858 0.000245856
internal_weight=48243 21686 26557 21036 195 23786 20841 4963 22809 4820 17989 2808 2012 15878 14307 864 278 13443
internal_count=48243 21686 26557 21036 195 23786 20841 4963 22809 4820 17989 2808 2012 15878 14307 864 278 13443
cat_boundaries=0 1 2 3 4 5
cat_threshold=33555529 65636 267050 4456448 8781826
is_linear=0
shrinkage=0.023


Tree=112
num_leaves=19
num_cat=5
split_feature=7 2 2 4 7 2 7 2 2 4 2 6 7 2 4 4 4 7
split_gain=7.50249 3.88105 3.14564 1.5584 1.45927 1.13498 1.06892 1.45286 1.09359 0.745435 0.818321 0.725439 0.666865 0.885723 0.684736 0.675545 0.812346 0.637765
threshold=0 22.623568090482348 596.43709440271607 74.895000000000024 1 2708.4056416768913 2 90.768138215006061 2361.7284817799168 13.670000000000002 142.16488492978843 1.5000000000000002 3 1363.9742804512298 519.30000000000007 240.09500000000003 380.23000000000008 4
decision_type=1 2 2 2 1 2 1 2 2 2 2 2 1 2 2 2 2 1
left_child=1 -1 4 6 9 11 7 -3 -9 10 -2 17 13 -4 -14 -15 -17 -5
right_child=2 3 12 5 -6 -7 -8 8 -10 -11 -12 -13 14 15 -16 16 -18 -19
leaf_value=-0.035933706297112192 -0.097475217081770732 -0.029160802828993977 -0.0054475288174802997 0.036684871975400463 -0.053721137509758564 0.17015419665231477 -0.015844586837666597 0.01432868957971567 0.17956956381837944 -0.034400943055049489 0.080878904055226811 -0.058896306842889518 -0.018628376212294125 0.013985543410579292 0.050771222310132626 0.14837813169446448 0.056705242994207879 0.010908614724982701
leaf_weight=2098 68 769 1976 4395 4745 83 5531 5518 103 6597 65 279 3522 798 170 86 85 11140
leaf_count=2098 68 769 1976 4395 4745 83 5531 5518 103 6597 65 279 3522 798 170 86 85 11140
internal_value=-0.000166557 5.71801e-05 -0.00053584 0.000129145 -0.000766653 0.000278218 -6.96495e-05 0.000132964 0.000261455 -0.000545977 0.00115673 0.000264116 -0.000137573 0.000120633 -0.00034293 0.000690555 0.00200152 0.000284997
internal_weight=48028 29916 18112 27818 11475 15897 11921 6390 5621 6730 133 15814 6637 2945 3692 969 171 15535
internal_count=48028 29916 18112 27818 11475 15897 11921 6390 5621 6730 133 15814 6637 2945 3692 969 171 15535
cat_boundaries=0 1 2 3 4 5
cat_threshold=924 1089 648 2049 12
is_linear=0
shrinkage=0.023


Tree=113
num_leaves=19
num_cat=9
split_feature=7 2 2 1 6 1 7 2 7 1 2 7 2 2 2 7 2 1
split_gain=5.12472 3.10259 2.98927 1.79059 1.35634 1.2118 1.33193 1.87851 1.16629 1.08282 0.844238 1.87488 0.82421 0.814521 0.642528 0.615361 0.577504 0.661769
threshold=0 584.39557716220122 43.592192813392941 1 1.5000000000000002 2 3 563.49756974832383 4 5 2050.4041081798655 6 2115.2533550652433 2211.6728059599359 2092.5687050952347 7 1582.1470756108076 8
decision_type=1 2 2 9 2 9 1 2 1 9 2 1 2 2 2 1 2 9
left_child=2 8 -1 -4 5 -5 14 -8 -2 -3 16 12 -12 -14 -7 -15 -9 -18
right_child=1 9 3 4 -6 6 7 10 -10 -11 11 -13 13 15 -16 -17 17 -19
leaf_value=-0.029098642812860127 -0.02920012018891802 0.0012585743722510992 0.17014688698668079 -0.035243491501360406 -0.067062634038543761 -0.0029064125489455077 0.0033179266517095458 0.040801002919003369 -0.042471082489935502 -0.053799130907238132 0.20871891022323347 0.010981592203897906 0.025643598972142734 0.17395551313645199 -0.045956369293883491 0.035786307686959 0.05629534325974947 -0.1097326193329335
leaf_weight=3219 6768 5938 103 1098 313 8631 9546 5043 4679 757 80 430 115 198 453 123 342 170
leaf_count=3219 6768 5938 103 1098 313 8631 9546 5043 4679 757 80 430 115 198 453 123 342 170
internal_value=-0.000165579 -0.000470334 1.97088e-05 9.96984e-05 8.73142e-05 0.000105313 0.000138048 0.000263987 -0.000700616 -7.72945e-05 0.000565693 0.00120078 0.00211546 0.00176104 -8.44718e-05 0.00235571 0.000457497 -0.000278397
internal_weight=48006 18142 29864 26645 26542 26229 25131 16047 11447 6695 6501 946 516 436 9084 321 5555 512
internal_count=48006 18142 29864 26645 26542 26229 25131 16047 11447 6695 6501 946 516 436 9084 321 5555 512
cat_boundaries=0 1 2 3 4 5 6 7 8 9
cat_threshold=924 68 268570 272 1089 2736256 640 128 2097152
is_linear=0
shrinkage=0.023


Tree=114
num_leaves=19
num_cat=6
split_feature=0 2 1 3 1 3 5 1 2 0 0 3 3 3 5 2 3 2
split_gain=6.33693 1.39384 1.38512 1.23681 1.07971 1.0686 2.15975 1.06572 1.40523 1.245 1.16304 0.733114 0.686171 1.30482 0.676747 0.671508 0.649526 0.804269
threshold=0 69.231234826339175 1 23.115000000000006 2 34.385000000000012 2.5000000000000004 3 674.45785259047409 4 5 8.1150000000000002 29.455000000000005 48.765000000000008 1.5000000000000002 322.77979240254814 15.525 322.77979240254814
decision_type=9 2 9 2 9 2 2 9 2 9 9 2 2 2 2 2 2 2
left_child=1 11 3 -2 5 -3 -7 9 -9 -4 12 -1 -10 -14 16 -16 17 -11
right_child=2 4 7 -5 -6 6 -8 8 10 14 -12 -13 13 -15 15 -17 -18 -19
leaf_value=-0.061592055198186578 0.24880582329930467 -0.01724980044114181 -0.0011151965725965608 0.012663763482434092 -0.050578704282651182 0.036616314208810778 -0.062150331563331475 -0.053838356885475641 0.052218899298773734 0.087184021483822011 -0.010037492001136888 -0.029389767022390573 -0.047815797051732015 0.22919364265274295 0.16010521453662829 -0.0234161664651889 0.041518168576855904 -0.014908693700140193
leaf_weight=1547 105 17990 8535 86 1032 1428 427 1226 160 274 1026 4522 142 75 77 957 6680 1697
leaf_count=1547 105 17990 8535 86 1032 1428 427 1226 160 274 1026 4522 142 75 77 957 6680 1697
internal_value=-0.000152707 -0.000386175 0.000146411 0.00204602 -0.000297123 -0.0002589 0.000266545 0.000128015 -0.000304143 0.000190507 0.000191773 -0.000693121 0.00126517 0.000455298 0.000368893 -0.000186808 0.000435741 6.88401e-05
internal_weight=47986 26946 21040 191 20877 19845 1855 20849 2629 18220 1403 6069 377 217 9685 1034 8651 1971
internal_count=47986 26946 21040 191 20877 19845 1855 20849 2629 18220 1403 6069 377 217 9685 1034 8651 1971
cat_boundaries=0 1 2 3 4 5 6
cat_threshold=100666444 65636 2670804 2113674 5477280 1225248
is_linear=0
shrinkage=0.023


Tree=115
num_leaves=19
num_cat=16
split_feature=7 0 0 1 7 1 7 0 4 1 0 0 1 4 7 0 0 1
split_gain=5.97929 5.205 2.91744 2.13654 1.73407 1.67055 1.48423 2.88043 1.48139 1.06351 0.98111 0.939273 0.870429 0.832069 0.816516 1.0427 0.856954 0.989663
threshold=0 1 2 3 4 5 6 7 114.92000000000002 8 9 10 11 15.575000000000001 12 13 14 15
decision_type=1 9 9 9 1 9 1 9 2 9 9 9 9 2 1 9 9 9
left_child=1 3 4 11 5 -2 7 -5 14 10 -10 -1 -6 -9 16 -16 17 -3
right_child=2 8 -4 6 12 -7 -8 13 9 -11 -12 -13 -14 -15 15 -17 -18 -19
leaf_value=-0.071651224966796628 0.035623651080306094 0.056395136883623312 0.0040035838688216117 0.0089729248765817709 -0.051632159273042565 -0.026757327537401211 0.020954065736702627 0.34809601468833717 0.038859853485441791 -0.036711831426474002 0.00070568884276355881 0.024834922876573871 -0.015113673484971486 0.11733818466186989 -0.020232536470504377 -0.054457761633467924 -0.013665479104031998 -0.030368568922925891
leaf_weight=354 405 1139 4862 1302 4789 11892 2459 68 2238 442 4127 222 1149 2048 3880 588 5903 400
leaf_count=354 405 1139 4862 1302 4789 11892 2459 68 2238 442 4127 222 1149 2048 3880 588 5903 400
internal_value=-0.000168544 7.67263e-05 -0.00043567 0.000639479 -0.000569163 -0.00041245 0.000770805 0.00108149 -0.000117535 0.000153058 0.00022909 -0.000690526 -0.000892436 0.00160529 -0.000272288 -0.000517706 -0.000124071 0.000357792
internal_weight=48267 25170 23097 6453 18235 12297 5877 3418 18717 6807 6365 576 5938 2116 11910 4468 7442 1539
internal_count=48267 25170 23097 6453 18235 12297 5877 3418 18717 6807 6365 576 5938 2116 11910 4468 7442 1539
cat_boundaries=0 1 2 3 4 5 6 7 8 9 10 11 12 13 14 15 16
cat_threshold=908 929852 102635368 295442 1105 524288 140 135188 2671296 30508034 262144 2883594 648 41977218 79694722 2097152
is_linear=0
shrinkage=0.023


Tree=116
num_leaves=19
num_cat=3
split_feature=0 2 2 6 3 5 3 2 3 3 3 5 3 0 2 2 2 0
split_gain=4.85217 1.41497 1.37831 1.2504 1.24204 0.872918 0.69048 0.730402 0.600372 0.592933 0.655232 0.583055 1.01212 0.77559 0.714415 0.646495 0.637169 0.802806
threshold=0 16.861978654013576 187.82750249445806 1.5000000000000002 36.32500000000001 1.5000000000000002 9.2750000000000004 195.15571628594887 12.485000000000001 7.7150000000000007 8.8850000000000033 1.5000000000000002 21.245000000000005 1 388.79686210529559 397.81401263850779 325.6381307556158 2
decision_type=9 2 2 2 2 2 2 2 2 2 2 2 2 9 2 2 2 9
left_child=1 -1 8 4 6 -6 7 9 -2 -3 -11 12 13 -4 -15 -16 -13 -18
right_child=2 3 11 -5 5 -7 -8 -9 -10 10 -12 16 -14 14 15 -17 17 -19
leaf_value=-0.046120581843368445 -0.067850585676078337 -0.073106291087278161 -0.065529447604118676 -0.072438240581444061 0.035263436402726826 -0.012911755551816942 -0.011710406866014024 0.013376161142636423 -0.015990525735075024 -0.024306191506555368 -0.080066703389284191 0.13491122711942941 0.048441707280794888 -0.013921538418101611 0.10932084987087894 0.029118761843207334 0.044998356170598962 -0.048681610435461709
leaf_weight=2195 289 451 355 448 1613 1061 27660 165 231 2016 298 85 4692 1867 64 3544 307 780
leaf_count=2195 289 451 355 448 1613 1061 27660 165 231 2016 298 85 4692 1867 64 3544 307 780
internal_value=-0.000121928 -0.000256593 0.000273947 -0.00021982 -0.000203559 0.00027178 -0.000245112 -0.000580844 -0.000884242 -0.000669568 -0.000520781 0.000325699 0.0003799 0.000177523 0.000245295 0.000434729 -0.000160892 -0.000310977
internal_weight=48121 35907 12214 33712 33264 2674 30590 2930 520 2765 2314 11694 10522 5830 5475 3608 1172 1087
internal_count=48121 35907 12214 33712 33264 2674 30590 2930 520 2765 2314 11694 10522 5830 5475 3608 1172 1087
cat_boundaries=0 1 2 3
cat_threshold=47318476 67674624 618512
is_linear=0
shrinkage=0.023


Tree=117
num_leaves=19
num_cat=8
split_feature=7 3 1 7 1 7 1 3 5 3 1 3 3 5 1 3 3 3
split_gain=6.25517 1.42555 1.25223 1.21457 1.78427 1.04454 0.809883 0.719438 0.716641 0.948134 0.753592 0.713243 0.693919 0.887212 0.658587 0.539945 0.78795 1.04929
threshold=0 11.735000000000001 1 2 3 4 5 8.6450000000000014 1.5000000000000002 36.605000000000011 6 8.7250000000000032 35.125000000000007 2.5000000000000004 7 9.3450000000000006 10.965000000000002 10.605000000000002
decision_type=1 2 9 1 9 1 9 2 2 2 9 2 2 2 9 2 2 2
left_child=1 -1 -3 4 8 7 12 -2 9 -4 -10 -9 -5 -14 -13 -16 17 -17
right_child=5 2 3 6 -6 -7 -8 11 10 -11 -12 14 13 -15 15 16 -18 -19
leaf_value=-0.019657582528506055 -0.060387221226162142 0.15832470371328597 0.031848924639008278 -0.0013639290179287742 -0.023857178697568579 -0.033943525367090499 -0.028487535542005345 0.10733873386723847 0.067114171642514181 0.087292809211317782 -0.031759762544700212 0.002484181969423196 0.038504176423009559 -0.044203372610633417 -0.078894961589913701 -0.020511423725922708 -0.021541284844298285 0.086577510413102188
leaf_weight=4073 734 104 6527 12770 1471 7697 1413 83 148 529 823 2016 1709 353 227 152 7254 107
leaf_count=4073 734 104 6527 12770 1471 7697 1413 83 148 529 823 2016 1709 353 227 152 7254 107
internal_value=-0.000134115 7.06972e-05 0.000133743 0.000122978 0.000329462 -0.000469306 2.12185e-06 -0.000320121 0.000464451 0.000545646 -0.000120776 -0.000268589 5.23771e-05 0.00044389 -0.000286669 -0.000382828 -0.000349904 0.000896149
internal_weight=48190 29920 25847 25743 9498 18270 16245 10573 8027 7056 971 9839 14832 2062 9756 7740 7513 259
internal_count=48190 29920 25847 25743 9498 18270 16245 10573 8027 7056 971 9839 14832 2062 9756 7740 7513 259
cat_boundaries=0 1 2 3 4 5 6 7 8
cat_threshold=924 68 136 2408992 1089 2642056 278528 540800
is_linear=0
shrinkage=0.023


Tree=118
num_leaves=19
num_cat=7
split_feature=7 2 2 1 3 7 2 2 3 6 3 3 2 7 2 1 7 1
split_gain=7.29226 3.39581 2.15951 1.59306 1.53102 1.51982 0.953184 0.961893 0.908463 0.886064 0.960731 0.798875 0.740359 0.814662 0.956674 0.746172 0.699389 0.680406
threshold=0 308.05871214030805 596.43709440271607 1 12.865 2 43.592192813392941 287.89864838513375 70.690000000000012 1.5000000000000002 18.665000000000003 11.815000000000003 2050.4041081798655 3 359.49679060766061 4 5 6
decision_type=1 2 2 9 2 1 2 2 2 2 2 2 2 1 2 9 1 9
left_child=1 8 5 9 -4 6 -2 17 -1 10 16 -9 13 14 -5 -14 -3 -8
right_child=2 3 4 12 -6 -7 7 11 -10 -11 -12 -13 15 -15 -16 -17 -18 -19
leaf_value=-0.017481810531052348 -0.056970979025826068 0.042826715602716794 0.051212627610416013 0.096731731655272948 -0.0084664024400561994 -0.045241568166113938 0.0024217909806924097 0.016495971996938703 0.16214034546732406 -0.062610823477180666 0.051726645081779661 -0.033241588403794146 0.15051524400265881 -0.012026613142697011 0.015074607668278044 -0.026217476982574147 0.0066014541544209453 -0.094457544196202864
leaf_weight=7617 1783 2764 135 94 8468 4740 3096 258 62 129 4587 5400 185 4090 544 112 3618 211
leaf_count=7617 1783 2764 135 94 8468 4740 3096 258 62 129 4587 5400 185 4090 544 112 3618 211
internal_value=-0.000141814 0.000143724 -0.000423809 0.000333376 -0.0001318 -0.000586278 -0.000433567 -0.00033736 -0.000254284 0.00048699 0.000509726 -0.000519493 -6.85228e-06 -7.68582e-05 0.00068125 0.00110659 0.000327221 -2.57321e-05
internal_weight=47893 23802 24091 16123 8603 15488 10748 8965 7679 11098 10969 5658 5025 4728 638 297 6382 3307
internal_count=47893 23802 24091 16123 8603 15488 10748 8965 7679 11098 10969 5658 5025 4728 638 297 6382 3307
cat_boundaries=0 1 2 3 4 5 6 7
cat_threshold=668 2621520 1345 4 49280 520 2113664
is_linear=0
shrinkage=0.023


Tree=119
num_leaves=19
num_cat=8
split_feature=7 2 2 7 2 1 7 4 1 4 4 1 1 4 2 2 7 2
split_gain=4.09071 2.93286 2.00279 1.85164 1.39304 1.32286 1.1404 1.47559 1.03267 0.943616 1.05317 0.84883 0.834045 0.706883 0.683587 0.64325 0.623344 0.825477
threshold=0 596.43709440271607 90.768138215006061 1 58.602829175154731 2 3 159.05000000000004 4 12.915000000000001 29.915000000000003 5 6 730.93000000000018 1467.7808565443286 129.40843495224794 7 438.59450006655169
decision_type=1 2 2 1 2 9 1 2 9 2 2 9 9 2 2 2 1 2
left_child=2 3 -1 4 -2 6 9 -8 -6 -4 -11 14 13 -5 -3 -7 -17 -18
right_child=1 11 5 12 8 15 7 -9 -10 10 -12 -13 -14 -15 -16 16 17 -19
leaf_value=-0.019829142959176892 -0.055032370562886304 0.01123918870331528 0.13824570127574196 -0.042176742220547341 -0.0056436253658035214 0.075725111894218711 -0.0014329024135646944 0.062390790726474459 -0.062697039982023917 -0.014799001439337668 0.048075604320830904 -0.0028632970645879273 -0.0035062848797749193 0.045055347662688247 0.05570535341579224 0.014144301707493404 -0.054623491753158317 -0.0083157275328689644
leaf_weight=3899 1938 888 112 5347 7151 61 6301 1874 441 902 5817 7448 624 68 284 1797 807 2170
leaf_count=3899 1938 888 112 5347 7151 61 6301 1874 441 902 5817 7448 624 68 284 1797 807 2170
internal_value=-0.000103126 -0.000313552 0.000111367 -0.000502126 -0.000301356 0.000205062 0.000311543 0.000127852 -0.000161166 0.000530855 0.000496679 2.66809e-05 -0.000817081 -0.000909365 0.000599211 -0.000125795 -0.000156089 -0.000359566
internal_weight=47929 24189 23740 15569 9530 19841 15006 8175 7592 6831 6719 8620 6039 5415 1172 4835 4774 2977
internal_count=47929 24189 23740 15569 9530 19841 15006 8175 7592 6831 6719 8620 6039 5415 1172 4835 4774 2977
cat_boundaries=0 1 2 3 4 5 6 7 8
cat_threshold=668 1281 2654224 136 2637954 49476 2932736 12
is_linear=0
shrinkage=0.023


Tree=120
num_leaves=19
num_cat=3
split_feature=7 2 2 7 6 4 7 4 4 4 4 4 4 4 4 2 4 4
split_gain=6.40581 2.03831 2.01958 1.37057 1.21686 0.865811 0.848254 0.958921 0.796431 1.4465 0.868839 0.777912 0.705779 0.997715 0.673895 0.656848 0.964907 1.22893
threshold=0 266.44189187143689 443.01261283457728 1 1.5000000000000002 449.30500000000006 2 12.915000000000001 159.05000000000004 160.16500000000005 143.10000000000002 21.025000000000002 249.92500000000004 149.90500000000003 289.92000000000002 43.592192813392941 119.82000000000002 139.99500000000003
decision_type=1 2 2 1 2 2 1 2 2 2 2 2 2 2 2 2 2 2
left_child=1 12 3 15 6 -4 7 -3 10 -10 -8 -9 13 -1 -13 16 -2 -18
right_child=2 4 5 -5 -6 -7 8 11 9 -11 -12 14 -14 -15 -16 -17 17 -19
leaf_value=-0.014275489656627368 -0.065443518374363185 0.13272610153162656 -0.010852629623088236 -0.04079511390833012 -0.07500225357876357 0.022968405092378418 0.0079805694658096563 -0.040180156310703992 0.25513329461687639 0.036176406629116711 -0.081944315193577102 0.047935219815118849 -0.060373701077373311 0.036423699595255675 -0.0055463215493770568 -0.016616742432279345 0.063764111813953611 -0.027725999225101557
leaf_weight=5344 1153 113 11416 4640 187 629 6506 454 83 2082 382 6596 620 787 776 5884 106 358
leaf_count=5344 1153 113 11416 4640 187 629 6506 454 83 2082 382 6596 620 787 776 5884 106 358
internal_value=-0.000115966 0.000150833 -0.000379845 -0.00058934 0.000283965 -0.000168989 0.00030428 0.000477694 0.000151502 0.000536435 3.07186e-05 0.000447879 -0.000187715 -0.000112914 0.000504786 -0.000395316 -0.000806384 7.92722e-05
internal_weight=48116 23930 24186 12141 17179 12045 16992 7939 9053 2165 6888 7826 6751 6131 7372 7501 1617 464
internal_count=48116 23930 24186 12141 17179 12045 16992 7939 9053 2165 6888 7826 6751 6131 7372 7501 1617 464
cat_boundaries=0 1 2 3
cat_threshold=668 1281 136
is_linear=0
shrinkage=0.023


Tree=121
num_leaves=19
num_cat=11
split_feature=0 7 0 7 3 0 7 7 4 4 0 4 3 0 3 4 7 0
split_gain=4.76079 5.16063 3.31797 2.62666 2.31989 1.85578 1.74346 1.41629 1.43245 1.83194 1.30386 1.09793 0.956618 0.907528 0.894594 2.23953 0.818195 1.53173
threshold=0 1 2 3 14.785000000000002 4 5 6 298.06000000000006 200.18000000000004 7 689.8950000000001 26.435000000000006 8 7.785000000000001 89.050000000000011 9 10
decision_type=9 1 9 1 2 9 1 1 2 2 9 2 2 9 2 2 1 9
left_child=3 2 4 14 -2 6 -3 8 9 10 -6 16 13 -8 15 -1 17 -7
right_child=1 5 -4 -5 7 11 12 -9 -10 -11 -12 -13 -14 -15 -16 -17 -18 -19
leaf_value=-0.061158640022234131 -0.030045117850072314 -0.065762388708312816 0.022172510953801239 -0.029845748133515624 -0.035070600805120151 0.0028565874518939774 -0.0010741091803290127 0.056899926834726937 -0.061828141935383434 0.37644871851887562 0.16848941840179923 0.18044804156353633 0.013389697895992274 -0.04542353910886554 -0.0019169070611388108 0.080184187575544338 -0.0017337616185937471 0.19333624138874372
leaf_weight=905 434 1246 4524 14304 117 760 2110 1194 162 119 1187 91 1780 2897 13165 86 2695 325
leaf_count=905 434 1246 4524 14304 117 760 2110 1194 162 119 1187 91 1780 2897 13165 86 2695 325
internal_value=-0.000133933 0.000141502 0.000603558 -0.000323953 0.00116812 -0.000159071 -0.000358302 0.00141597 0.00186714 0.00211218 0.00186226 0.000254224 -0.000212161 -0.000375279 -0.000101637 -0.000768044 0.000194697 0.000724511
internal_weight=48101 19641 7737 28460 3213 11904 8033 2779 1585 1423 1304 3871 6787 5007 14156 991 3780 1085
internal_count=48101 19641 7737 28460 3213 11904 8033 2779 1585 1423 1304 3871 6787 5007 14156 991 3780 1085
cat_boundaries=0 1 2 3 4 5 6 7 8 9 10 11
cat_threshold=101731653 652 336424 968 4657704 96 136 66048 4325376 33 8388752
is_linear=0
shrinkage=0.023


Tree=122
num_leaves=19
num_cat=6
split_feature=0 2 1 0 1 4 2 4 5 2 1 1 4 2 2 4 4 5
split_gain=5.38419 1.77451 1.12477 0.847574 0.771578 1.08306 0.726909 1.6079 0.724995 1.10113 0.799038 0.722926 0.677915 0.710677 0.714334 1.60591 0.671289 0.638879
threshold=0 434.43605304264145 1 2 3 71.450000000000017 322.77979240254814 84.920000000000016 1.5000000000000002 541.18913244519524 4 5 79.02500000000002 90.768138215006061 120.32427543049302 27.995000000000001 399.10000000000008 1.5000000000000002
decision_type=9 2 9 9 9 2 2 2 2 2 9 9 2 2 2 2 2 2
left_child=8 4 -3 -4 -2 -6 7 -7 10 -10 -1 -11 13 -12 15 -15 -9 -5
right_child=1 2 3 17 5 6 -8 16 9 11 12 -13 -14 14 -16 -17 -18 -19
leaf_value=-0.036595939651224436 -0.036975125450145432 0.14964610388493155 0.0057344876177917057 0.035202960605860069 -0.031489941526925233 0.24338093917071088 0.00037396018096194796 0.055304907836727063 -0.054783311910837691 -0.028991363748765504 -0.03897515194092472 0.052321839915789772 -0.0092728627118370769 0.074312208236709504 -0.015244822854585189 -0.013563872757994739 -0.066250308889091183 -0.014620741186602485
leaf_weight=972 1142 187 7655 6010 2012 61 1740 544 2223 378 3983 246 11832 152 7927 420 67 692
leaf_count=972 1142 187 7655 6010 2012 61 1740 544 2223 378 3983 246 11832 152 7927 420 67 692
internal_value=-0.000130773 0.000156608 0.000290342 0.000266224 -0.000192555 -5.39446e-05 0.000274601 0.000916961 -0.000336135 -0.000684212 -0.000297071 0.000169491 -0.000270809 -0.000389162 -0.000270343 0.000514487 0.000560681 0.00045505
internal_weight=48243 20110 14544 14357 5566 4424 2412 672 28133 2847 25286 624 24314 12482 8499 572 611 6702
internal_count=48243 20110 14544 14357 5566 4424 2412 672 28133 2847 25286 624 24314 12482 8499 572 611 6702
cat_boundaries=0 1 2 3 4 5 6
cat_threshold=100665153 65608 13228192 376832 266794 2097280
is_linear=0
shrinkage=0.023


Tree=123
num_leaves=19
num_cat=5
split_feature=0 1 3 4 5 0 4 3 1 0 4 4 3 3 3 5 4 3
split_gain=3.277 1.91418 1.01129 2.02138 1.12501 0.930624 0.667892 0.686605 0.835558 1.00288 0.777669 1.71362 0.734786 0.666366 0.611568 0.56836 0.782438 1.04806
threshold=0 1 7.8750000000000009 74.995000000000019 1.5000000000000002 2 19.050000000000004 20.665000000000003 3 4 198.12000000000003 156.35000000000002 33.57500000000001 30.465000000000003 17.015000000000004 1.5000000000000002 339.98500000000007 110.02000000000002
decision_type=9 9 2 2 2 9 2 2 9 9 2 2 2 2 2 2 2 2
left_child=2 5 3 -1 6 -2 14 -8 9 10 11 -9 -11 -6 -4 16 -3 -18
right_child=1 15 4 -5 13 -7 7 8 -10 12 -12 -13 -14 -15 -16 -17 17 -19
leaf_value=-0.0446441792975594 0.077304651839673749 0.015992713455753697 0.019478825985443791 0.046231818840702404 -0.072848965660284731 -0.051909536010436866 -0.013665232114616194 0.033622230846646818 -0.015511812692764909 -0.019490151309542972 0.0015458865361054777 0.091219443272479148 0.023113730429868605 -0.014989181674642742 -0.053570248442235895 -0.013851725571575314 0.047589173396059066 0.16529182490596708
leaf_weight=1793 146 13932 1029 239 1480 1397 19072 727 1191 1226 583 160 741 1512 132 1663 900 75
leaf_count=1793 146 13932 1029 239 1480 1397 19072 727 1191 1226 583 160 741 1512 132 1663 900 75
internal_value=-8.32828e-05 0.000160793 -0.000231191 -0.000726595 -0.000195127 -0.000611569 -0.000144414 -0.000170801 8.05056e-05 0.000262211 0.000714758 0.00114842 -7.79383e-05 -0.000616466 0.000394154 0.000233048 0.00027818 0.000908
internal_weight=47998 18113 29885 2032 27853 1543 24861 23700 4628 3437 1470 887 1967 2992 1161 16570 14907 975
internal_count=47998 18113 29885 2032 27853 1543 24861 23700 4628 3437 1470 887 1967 2992 1161 16570 14907 975
cat_boundaries=0 1 2 3 4 5
cat_threshold=101910084 299792 40992 2621636 33554496
is_linear=0
shrinkage=0.023


Tree=124
num_leaves=19
num_cat=4
split_feature=7 3 2 7 6 2 7 3 3 7 2 4 3 4 3 3 4 2
split_gain=5.17737 2.31562 2.11933 1.78868 1.3027 0.987871 0.924734 0.847395 0.828694 0.754963 0.727835 0.97337 0.668101 0.865447 0.687519 0.649005 0.693392 0.797832
threshold=0 14.685 536.81152062115348 1 1.5000000000000002 58.602829175154731 2 30.465000000000003 15.045000000000002 3 2298.3455801566552 79.920000000000016 12.225000000000003 56.995000000000012 10.605000000000002 7.8750000000000009 42.035000000000004 30.536037065091435
decision_type=1 2 2 1 2 2 1 2 2 1 2 2 2 2 2 2 2 2
left_child=1 6 3 5 7 -2 -1 -3 -4 -5 -9 -12 13 14 -7 -8 -17 -18
right_child=2 4 8 9 -6 12 15 10 -10 -11 11 -13 -14 -15 -16 16 17 -19
leaf_value=0.0083614606598583965 -0.04521272248960307 0.014883674611305945 0.030442264550517375 -0.032065583348099828 -0.069288154141179795 -0.076035467053820943 -0.038502940883636427 0.046993072990355482 -0.0081880131238467185 -0.048192558186380095 0.17031700968608129 0.070830212271913329 -0.01003741073204242 0.072059925797065438 0.016132250340359342 0.0029254177716181982 -0.052836849283711879 -0.015364919879221152
leaf_weight=1619 1150 12607 598 6105 262 244 682 3294 9064 2920 68 231 3474 409 180 1672 668 2740
leaf_count=1619 1150 12607 598 6105 262 244 682 3294 9064 2920 68 231 3474 409 180 1672 668 2740
internal_value=-0.000117284 0.000123132 -0.000354605 -0.000530762 0.000274956 -0.000200669 -0.000215317 0.000300983 -9.0932e-05 -0.000729313 0.00061257 0.00169875 -4.11176e-05 0.000543793 -0.000184339 -0.000351442 -0.000262588 -0.000450793
internal_weight=47987 23843 24144 14482 16462 5457 7381 16200 9662 9025 3593 299 4307 833 424 5762 5080 3408
internal_count=47987 23843 24144 14482 16462 5457 7381 16200 9662 9025 3593 299 4307 833 424 5762 5080 3408
cat_boundaries=0 1 2 3 4
cat_threshold=668 1280 8 2113
is_linear=0
shrinkage=0.023


Tree=125
num_leaves=19
num_cat=2
split_feature=2 6 1 1 2 4 4 4 2 4 4 4 4 4 2 2 2 2
split_gain=2.86078 2.46572 2.38402 1.71188 1.53572 1.56466 0.869234 0.809092 1.33605 1.03918 0.703597 0.682108 1.19082 1.51982 0.552184 0.930858 0.569275 1.2549
threshold=55.379492833299132 1.5000000000000002 0 1 610.61726476764773 469.40000000000003 17.995000000000001 572.40000000000009 911.24501102037686 912.00000000000011 18.925000000000001 74.895000000000024 177.99500000000003 139.89500000000004 455.61449554396683 380.92746284175115 336.17005909186361 279.05345750474032
decision_type=2 2 9 9 2 2 2 2 2 2 2 2 2 2 2 2 2 2
left_child=11 2 -2 -4 6 10 14 8 -7 -9 -6 -1 13 -13 15 16 17 -5
right_child=1 -3 3 4 5 7 -8 9 -10 -11 -12 12 -14 -15 -16 -17 -18 -19
leaf_value=-0.042875081349908334 0.15913510109534698 -0.085787223417252895 -0.042399245998055973 0.010134923763883655 -0.0320969284664578 0.017761984908501956 -0.0085880583868848288 7.082624261560701e-05 0.24948063949542401 0.11560942627060788 0.0077351044172321469 -0.019263813626502556 -0.054181570625316984 0.055323405414172661 -0.024905117908203343 0.13220166717716486 -0.011489266693347653 0.15591201990292169
leaf_weight=3214 100 503 1767 372 668 72 23791 336 96 185 13489 1381 920 383 253 96 165 111
leaf_count=3214 100 503 1767 372 668 72 23791 336 96 185 13489 1381 920 383 253 96 165 111
internal_value=-0.000125414 -5.88089e-05 -3.94042e-05 -4.83763e-05 -1.70573e-05 0.000167934 -0.00012786 0.00123807 0.00262513 0.000789877 0.000115834 -0.000599741 -0.000329035 2.08585e-05 0.000537393 0.000852973 0.000539323 0.000937668
internal_weight=47902 42004 41501 41401 39634 14846 24788 689 168 521 14157 5898 2684 1764 997 744 648 483
internal_count=47902 42004 41501 41401 39634 14846 24788 689 168 521 14157 5898 2684 1764 997 744 648 483
cat_boundaries=0 1 2
cat_threshold=65600 267058
is_linear=0
shrinkage=0.023


Tree=126
num_leaves=19
num_cat=8
split_feature=0 2 1 4 4 1 4 6 1 2 0 4 0 0 2 1 2 4
split_gain=3.52662 2.38681 1.45333 1.21737 0.903433 0.886899 1.0462 0.812108 0.76565 0.690048 0.678219 0.625846 0.606502 0.473438 0.539983 0.457573 0.938889 0.707894
threshold=0 434.43605304264145 1 1798.5000000000002 11.995000000000003 2 132.00500000000002 1.5000000000000002 3 43.592192813392941 4 110.13500000000001 5 6 879.03623882356851 7 447.11267916630544 115.02000000000002
decision_type=9 2 9 2 2 9 2 2 9 2 9 2 9 9 2 9 2 2
left_child=3 2 4 7 -2 6 10 8 -1 -10 11 -3 -8 -7 -15 16 -11 -18
right_child=1 5 -4 -5 -6 13 12 -9 9 15 -12 -13 -14 14 -16 -17 17 -19
leaf_value=-0.058271980292630213 0.0063269917231637291 0.037574269359971567 -0.067953756870709314 0.15517501772517067 -0.014040065999072133 -0.017677821056196658 0.20250745970668865 -0.080221380101599002 -0.030238777400991405 -0.018234133578632506 0.0047338982707777078 -0.0093251457076952132 0.041885640044282614 -0.071357565577280624 0.03657585949745578 -0.013838611337350705 -0.0030922797009024353 0.03736737535251361
leaf_weight=345 80 2261 720 61 4746 1665 121 381 4608 1544 5213 318 3413 124 605 19212 1406 1090
leaf_count=345 80 2261 720 61 4746 1665 121 381 4608 1544 5213 318 3413 124 605 19212 1406 1090
internal_value=-0.000110072 0.000130533 -0.000272042 -0.000271838 -0.000126504 0.000293362 0.000378185 -0.000278869 -0.000264615 -0.000250878 0.000229639 0.000533867 0.000706747 -0.000109059 0.000376477 -0.000200007 2.27143e-05 0.000298531
internal_weight=47913 19266 5546 28647 4826 13720 11326 28586 28205 27860 7792 2579 3534 2394 729 23252 4040 2496
internal_count=47913 19266 5546 28647 4826 13720 11326 28586 28205 27860 7792 2579 3534 2394 729 23252 4040 2496
cat_boundaries=0 1 2 3 4 5 6 7 8
cat_threshold=34604900 2637954 2376262 4130 17172482 17301505 29853698 573508
is_linear=0
shrinkage=0.023


Tree=127
num_leaves=19
num_cat=16
split_feature=7 0 0 1 7 0 7 1 0 7 7 0 1 4 4 7 0 1
split_gain=4.52411 4.43982 3.38327 2.20012 1.3264 1.20906 2.27956 1.13942 1.01382 1.40259 0.84312 0.827991 0.818767 0.704685 0.659829 0.745171 0.785308 0.663472
threshold=0 1 2 3 4 5 6 7 8 9 10 11 12 119.92000000000002 159.05000000000004 13 14 15
decision_type=1 9 9 9 1 9 1 9 9 1 1 9 9 2 2 1 9 9
left_child=1 7 4 -3 -2 10 -7 -1 9 -4 11 -5 -6 -13 15 16 -10 -18
right_child=2 3 8 5 12 6 -8 -9 14 -11 -12 13 -14 -15 -16 -17 17 -19
leaf_value=-0.0081221925273056005 -0.020899864665876747 -0.047089148103991847 0.23840389062253683 -0.049123885310056445 -0.044052612088225029 0.1039230172074103 0.017520123933859273 -0.046965531300130606 0.18577287639265877 0.014515928357548884 0.030437198851826767 0.12936749568358086 -0.017195055247227409 -0.054670012997634063 -0.02305780288252603 -0.0091603852632251067 -0.031539904543775595 0.0368419248432139
leaf_weight=18425 8225 900 101 680 4705 2229 2258 752 115 266 4144 241 1052 134 968 1183 287 1276
leaf_count=18425 8225 900 101 680 4705 2229 2258 752 115 266 4144 241 1052 134 968 1183 287 1276
internal_value=-0.000126224 4.84356e-05 -0.000411992 0.000426302 -0.000583868 0.000527545 0.000804474 -0.000160269 0.000160761 0.00129871 0.000287432 -0.00029149 -0.000852248 0.000567208 4.85249e-05 0.000224274 0.000534053 0.000390345
internal_weight=47941 29763 18178 10586 13982 9686 4487 19177 4196 367 5199 1055 5757 375 3829 2861 1678 1563
internal_count=47941 29763 18178 10586 13982 9686 4487 19177 4196 367 5199 1055 5757 375 3829 2861 1678 1563
cat_boundaries=0 1 2 3 4 5 6 7 8 9 10 11 12 13 14 15 16
cat_threshold=924 118017985 110560292 295442 1089 12718104 140 2670790 32770 34 128 8519696 2654218 3073 16785408 278688
is_linear=0
shrinkage=0.023


Tree=128
num_leaves=19
num_cat=3
split_feature=7 2 7 2 3 3 4 5 2 2 7 4 2 4 3 3 4 2
split_gain=4.67939 2.25923 1.80277 1.33246 1.05684 1.00399 0.703692 0.679537 1.33158 0.779952 0.773267 0.650169 1.2489 0.957011 1.10135 0.713091 0.68263 0.636267
threshold=0 69.231234826339175 1 447.11267916630544 39.015000000000008 11.735000000000001 791.85000000000014 1.5000000000000002 434.43605304264145 2708.4056416768913 2 29.915000000000003 402.35433198006098 34.895000000000003 17.635000000000002 18.005000000000006 29.995000000000001 52.421730742537584
decision_type=1 2 1 2 2 2 2 2 2 2 1 2 2 2 2 2 2 2
left_child=1 -1 4 6 17 -3 -4 9 -9 11 -10 12 -7 16 -15 -16 -13 -2
right_child=2 5 3 -5 -6 7 -8 8 10 -11 -12 13 -14 14 15 -17 -18 -19
leaf_value=-0.020660174676831108 -0.032909257733734036 -0.024134866661741874 -0.037177856875602502 -0.014554568419013435 0.016813136673047901 0.057095435602994342 0.04891933759552658 -0.068607148711274019 0.093425565662708862 0.17910328346272592 0.0032027779563927519 0.016737923221079348 -0.024541343614788116 0.011214561190135286 0.059845372495800825 0.037859717604451879 0.11537773490064268 -0.0095371955957404726
leaf_weight=2582 2339 811 4585 4842 1849 629 66 666 251 67 704 140 1310 5688 619 5333 221 15341
leaf_count=2582 2339 811 4585 4842 1849 629 66 666 251 67 704 140 1310 5688 619 5333 221 15341
internal_value=-0.00010403 0.000176326 -0.000287736 -0.000547699 -0.000161148 0.000275761 -0.0008263 0.000316709 -0.000129101 0.000368302 0.000421368 0.000356378 -3.43958e-05 0.000419515 0.000383326 0.000602027 0.00158546 -0.000215948
internal_weight=48043 19021 29022 9493 19529 16439 4651 15628 1621 14007 955 13940 1939 12001 11640 5952 361 17680
internal_count=48043 19021 29022 9493 19529 16439 4651 15628 1621 14007 955 13940 1939 12001 11640 5952 361 17680
cat_boundaries=0 1 2 3
cat_threshold=652 1297 8
is_linear=0
shrinkage=0.023


Tree=129
num_leaves=19
num_cat=7
split_feature=7 3 1 1 3 7 1 5 3 3 3 1 4 3 3 4 3 7
split_gain=4.76192 3.09618 1.81306 1.58793 1.52766 1.19537 1.52833 1.1556 0.939728 0.81461 1.5023 0.814168 0.778717 1.0621 0.69727 1.26676 0.694823 0.718635
threshold=0 11.735000000000001 1 2 16.075000000000003 3 4 1.5000000000000002 26.875000000000004 53.320000000000007 61.245000000000012 5 89.050000000000011 15.375000000000002 33.57500000000001 119.99500000000002 16.465000000000003 6
decision_type=1 2 9 9 2 1 9 2 2 2 2 9 2 2 2 2 2 1
left_child=1 -1 4 -2 12 11 14 9 -9 16 -11 -5 13 -3 -7 -16 17 -6
right_child=3 2 -4 5 7 6 -8 8 -10 10 -12 -13 -14 -15 15 -17 -18 -19
leaf_value=-0.02570735739713307 0.13014056361356557 0.01603142347339629 -0.010335409733907975 -0.072073654415887894 0.044250593303133127 -0.0016315257481027015 -0.035949413263712482 -0.063553143162111581 0.016354235292584816 0.18003524164050025 0.055195492023506321 -0.01370620576045708 -0.027575339411521318 -0.072120325191377191 0.15436113968227888 -0.016632715421062462 0.033271306310076264 0.13464960937077808
leaf_weight=2925 118 3973 4773 355 515 929 5784 445 1365 132 308 16595 2003 245 71 98 6734 282
leaf_count=2925 118 3973 4773 355 515 929 5784 445 1365 132 308 16595 2003 245 71 98 6734 282
internal_value=-0.000139979 9.11838e-05 0.000189865 -0.000368612 0.000307102 -0.000382205 -0.000638053 0.000486513 -3.81175e-05 0.000605641 0.0015674 -0.000278004 2.55089e-05 0.000202834 0.000149428 0.00150869 0.000549406 0.00119151
internal_weight=47650 23700 20775 23950 16002 23832 6882 9781 1810 7971 440 16950 6221 4218 1098 169 7531 797
internal_count=47650 23700 20775 23950 16002 23832 6882 9781 1810 7971 440 16950 6221 4218 1098 169 7531 797
cat_boundaries=0 1 2 3 4 5 6 7
cat_threshold=668 2654308 66116 3329 16544 4402 532
is_linear=0
shrinkage=0.023


Tree=130
num_leaves=19
num_cat=6
split_feature=2 0 1 1 2 3 3 2 1 2 3 0 2 3 0 2 4 4
split_gain=2.85818 1.58041 1.35929 1.03055 1.35419 0.955022 0.882301 0.822629 0.68702 1.00566 0.68442 0.672593 0.80214 0.729387 0.667938 1.61153 0.743114 1.4401
threshold=447.11267916630544 0 1 2 55.379492833299132 48.765000000000008 45.185000000000009 849.84417946220049 3 1849.8037329334722 7.785000000000001 4 1519.3943877340305 33.925000000000004 5 1902.4841271627406 21.025000000000002 21.995000000000001
decision_type=2 9 9 9 2 2 2 2 9 2 2 9 2 2 9 2 2 2
left_child=3 2 11 4 6 7 10 -4 9 -9 -1 -2 -13 -14 15 -3 -16 -18
right_child=1 14 5 -5 -6 -7 -8 8 -10 -11 -12 12 13 -15 16 -17 17 -19
leaf_value=-0.041532959121065638 -0.06257604938286522 -0.068051002646503531 -0.011646167015896216 -0.034763207747591521 -0.0094999111157385661 0.028438893911627981 0.021172940583472355 -0.041405581966284292 -0.044705875729824374 0.16851240716647164 -0.026905600995234594 0.016560544369651601 0.068002100216453754 0.23389724282605132 -0.0238422829909124 0.14355444882363905 0.079378153033988832 0.013871355499279928
leaf_weight=1278 171 80 5314 1408 17087 609 102 122 2302 66 4329 1967 89 78 802 108 66 12072
leaf_count=1278 171 80 5314 1408 17087 609 102 122 2302 66 4329 1967 89 78 802 108 66 12072
internal_value=-0.000142643 3.60723e-05 -0.000171082 -0.000318714 -0.000280968 -0.000306641 -0.000587769 -0.000375464 -0.000720419 0.000603369 -0.000626354 0.000322863 0.000435496 0.00196687 0.000205172 0.00153163 0.000184707 0.000229654
internal_weight=48050 23846 10718 24204 22796 8413 5709 7804 2490 188 5607 2305 2134 167 13128 188 12940 12138
internal_count=48050 23846 10718 24204 22796 8413 5709 7804 2490 188 5607 2305 2134 167 13128 188 12940 12138
cat_boundaries=0 1 2 3 4 5 6
cat_threshold=101719268 540740 2654352 32896 1050688 2
is_linear=0
shrinkage=0.023


Tree=131
num_leaves=19
num_cat=0
split_feature=2 5 3 2 4 3 3 4 2 3 2 2 4 5 4 2 3 5
split_gain=2.31977 1.33466 1.30249 0.858574 0.798186 0.789756 0.783822 0.768595 0.87147 0.734439 0.949375 0.70723 0.704379 0.666371 0.650388 0.610837 0.705954 0.560469
threshold=574.01579037995214 1.5000000000000002 21.245000000000005 25.312129971147446 240.09500000000003 10.075000000000001 21.925000000000004 169.92000000000004 467.51998772318933 66.285000000000011 219.19522484812634 30.536037065091435 29.995000000000001 2.5000000000000004 39.995000000000012 2002.5078124158092 23.915000000000003 4.5000000000000009
decision_type=2 2 2 2 2 2 2 2 2 2 2 2 2 2 2 2 2 2
left_child=1 2 3 -1 7 -2 -6 11 -9 -3 -11 -4 -7 15 -13 -14 -17 -12
right_child=5 9 4 -5 6 12 -8 8 -10 10 17 14 13 -15 -16 16 -18 -19
leaf_value=-0.032270052641966397 0.046086931888855619 -0.053532528368904472 0.077442848733256603 -0.011823592417262049 0.045588147486395163 -0.011566075389554894 -0.016419080227075653 0.085792711356189447 -0.059800864727453509 0.086735975933992474 0.018456105176061478 0.12297301896117661 0.0054315825129510357 -0.037526500240272043 0.00037094428125753707 -0.017345007836713333 0.04976552803820438 -0.082609767249175708
leaf_weight=3096 105 2853 79 20777 68 2318 975 475 111 61 146 70 12524 409 1579 491 1938 70
leaf_count=3096 105 2853 79 20777 68 2318 975 475 111 61 146 70 12524 409 1579 491 1938 70
internal_value=-0.000118714 -0.000240908 -0.000189202 -0.000248853 0.000234986 8.98775e-05 -0.000293227 0.000473075 0.00119273 -0.000690687 0.000439722 0.000228905 7.80528e-05 0.000134446 0.000126908 0.000159504 0.000493285 -0.000276571
internal_weight=48145 30360 27230 23873 3357 17785 1043 2314 586 3130 277 1728 17680 15362 1649 14953 2429 216
internal_count=48145 30360 27230 23873 3357 17785 1043 2314 586 3130 277 1728 17680 15362 1649 14953 2429 216
is_linear=0
shrinkage=0.023


Tree=132
num_leaves=19
num_cat=8
split_feature=0 2 2 1 0 2 0 6 1 4 4 4 2 1 2 1 1 4
split_gain=2.90731 1.81622 1.03391 0.861587 1.08555 0.893113 0.813034 0.799143 0.838962 0.686137 0.685767 0.682352 1.37707 0.864299 0.714345 1.15062 0.628488 0.615815
threshold=0 364.65315134634449 22.623568090482348 1 2 644.89890338812654 3 1.5000000000000002 4 44.910000000000004 134.93000000000004 186.99500000000003 49.408243466885502 5 574.01579037995214 6 7 47.675000000000004
decision_type=9 2 2 9 9 2 9 2 9 2 2 2 2 9 2 9 9 2
left_child=2 -2 -1 6 16 -6 9 8 10 -3 -4 12 -12 -13 -14 -16 -5 -11
right_child=1 3 7 4 5 -7 -8 -9 -10 17 11 13 14 -15 15 -17 -18 -19
leaf_value=-0.038537568561999469 -0.018168304624694362 0.0005528764090385359 -0.01251540157915393 -0.015711567343722758 -0.052766020576704889 0.021464885954404635 0.0067615666536309776 -0.070619206805010368 -0.036081673479347549 0.10345050302985102 0.063166998115501846 0.061359057994439421 -0.003445018928994183 -0.015644387904389212 0.1186272975873259 0.011358176152317902 -0.086121074063157929 0.038873677603239669
leaf_weight=2931 4197 1468 16657 553 308 1479 6902 319 1121 92 202 465 1938 3301 139 333 421 5185
leaf_count=2931 4197 1468 16657 553 308 1479 6902 319 1121 92 202 465 1938 3301 139 333 421 5185
internal_value=-0.000112147 9.42745e-05 -0.00026728 0.000203532 -0.000166822 0.000170207 0.00027838 -0.000218487 -0.000203377 0.000457942 -0.00017316 2.95688e-05 0.00031521 -0.000168552 0.000162225 0.00096438 -0.000780517 0.000580968
internal_weight=48011 20605 27406 16408 2761 1787 13647 24475 24156 6745 23035 6378 2612 3766 2410 472 974 5277
internal_count=48011 20605 27406 16408 2761 1787 13647 24475 24156 6745 23035 6378 2612 3766 2410 472 974 5277
cat_boundaries=0 1 2 3 4 5 6 7 8
cat_threshold=34669665 2211908 71827858 84836378 2670784 524416 16512 136
is_linear=0
shrinkage=0.023


Tree=133
num_leaves=19
num_cat=3
split_feature=7 3 6 7 2 2 3 3 4 3 4 3 3 7 2 3 3 2
split_gain=4.5756 2.15567 1.48926 1.34646 1.6338 1.61319 0.992533 0.955205 1.14598 0.93832 1.09159 1.09691 0.922005 0.842843 0.754053 0.640048 0.88848 0.611135
threshold=0 8.2750000000000004 1.5000000000000002 1 704.36879355261283 43.592192813392941 11.855000000000002 14.685 12.915000000000001 9.6650000000000009 48.925000000000004 8.6450000000000014 14.515000000000002 2 87.705537434866685 15.275 23.395000000000003 2708.4056416768913
decision_type=1 2 2 1 2 2 2 2 2 2 2 2 2 1 2 2 2 2
left_child=1 -1 7 5 -5 15 9 8 -3 10 -7 14 13 -10 -12 -2 -17 -9
right_child=3 2 -4 4 -6 6 -8 17 12 -11 11 -13 -14 -15 -16 16 -18 -19
leaf_value=-0.036065433979643867 -0.063671458276768705 0.030320462351493153 -0.091781620370057174 -0.033263077070200001 -0.0051690275852945824 -0.071809540301223065 -0.010486430002751918 0.017903670028675569 0.036676300473764148 0.04921803220635379 0.083486420704327061 -0.079447274665877518 -0.077761304946415671 -0.010945796481053474 0.02418650020369106 0.057318485029724892 -0.058166960567135079 0.15718982432333747
leaf_weight=1266 1224 153 302 5215 2313 358 10782 18077 1274 556 95 150 460 5305 316 138 120 94
leaf_count=1266 1224 153 302 5215 2313 358 10782 18077 1274 556 95 150 460 5305 316 138 120 94
internal_value=-0.000101071 9.80908e-05 0.000143832 -0.000353153 -0.000600461 -0.0002173 -0.000130789 0.000162956 -6.14002e-05 0.000428749 -2.25196e-05 0.000610633 -0.000104231 -3.46095e-05 0.00122489 -0.00093414 0.000106885 0.000251755
internal_weight=48198 26931 25665 21267 7528 13739 12257 25363 7192 1475 919 561 7039 6579 411 1482 258 18171
internal_count=48198 26931 25665 21267 7528 13739 12257 25363 7192 1475 919 561 7039 6579 411 1482 258 18171
cat_boundaries=0 1 2 3
cat_threshold=1692 321 8
is_linear=0
shrinkage=0.023


Tree=134
num_leaves=19
num_cat=8
split_feature=7 3 7 1 6 3 7 7 1 1 4 1 3 4 4 4 4 4
split_gain=4.73373 1.86021 1.33806 1.07495 0.851689 1.05039 1.33062 0.966003 1.2314 1.01657 1.09341 0.695438 0.789575 1.53704 0.618891 0.694364 0.568131 0.555133
threshold=0 13.505000000000001 1 2 1.5000000000000002 54.565000000000005 3 4 5 6 251.95000000000002 7 7.8750000000000009 11.995000000000003 16.185000000000006 39.905000000000008 389.94000000000005 46.920000000000009
decision_type=1 2 1 9 2 2 1 1 9 9 2 9 2 2 2 2 2 2
left_child=1 11 -2 16 5 7 -7 9 -9 -5 14 12 -1 -14 -11 -16 17 -3
right_child=2 3 -4 4 -6 6 -8 8 -10 10 -12 -13 13 -15 15 -17 -18 -19
leaf_value=-0.040713467981374575 -0.01301044831513421 0.031059499514727584 -0.029419722471177398 -0.033510459779754455 -0.06564745562309994 0.15756258388558267 0.030347998556319169 0.12855616633533903 -0.0070532591565242936 0.093790177868558644 -0.023875972239706091 -0.061667151336254333 0.12257335113273504 -0.013165593338028468 0.00035602063349917746 0.040238922419899063 0.12040434475357475 -0.053506183156564566
leaf_weight=850 14717 480 9544 648 223 297 499 257 4904 272 989 228 89 4249 1475 6306 157 1833
leaf_count=850 14717 480 9544 648 223 297 499 257 4904 272 989 228 89 4249 1475 6306 157 1833
internal_value=-0.000164631 6.61942e-05 -0.000390517 0.000176824 0.000246218 0.000266494 0.00108035 0.000222857 -3.15792e-05 0.000358033 0.000421266 -0.000308297 -0.000251317 -0.000126181 0.000510367 0.000472637 -0.000268928 -0.000360926
internal_weight=48017 23756 24261 18340 15870 15647 796 14851 5161 9690 9042 5416 5188 4338 8053 7781 2470 2313
internal_count=48017 23756 24261 18340 15870 15647 796 14851 5161 9690 9042 5416 5188 4338 8053 7781 2470 2313
cat_boundaries=0 1 2 3 4 5 6 7 8
cat_threshold=668 1281 267186 24 648 524288 524296 2637952
is_linear=0
shrinkage=0.023


Tree=135
num_leaves=19
num_cat=6
split_feature=0 1 3 4 3 3 4 5 1 3 3 4 0 1 0 3 4 3
split_gain=2.50667 1.10797 1.03724 1.15818 0.983691 0.823134 1.23359 0.904433 1.11371 0.860568 0.772967 0.763685 0.738529 0.70327 0.710196 0.780281 0.527898 0.553301
threshold=0 1 14.885000000000003 12.915000000000001 14.175000000000002 7.8750000000000009 69.00500000000001 1.5000000000000002 2 74.685000000000016 20.965000000000003 195.06000000000003 3 4 5 45.715000000000011 19.050000000000004 16.285000000000004
decision_type=9 9 2 2 2 2 2 2 9 2 2 2 9 9 9 2 2 2
left_child=1 4 3 -2 -1 6 -3 9 10 16 -9 -10 -5 -4 15 -15 17 -7
right_child=2 5 13 12 -6 7 -8 8 11 -11 -12 -13 -14 14 -16 -17 -18 -19
leaf_value=0.13304930427970119 0.041535405839158254 -0.043439484710515237 0.013226912609345014 0.061343982697103061 0.0089266550587276273 0.019191902082845696 0.017891236215695931 -0.099276003928525064 0.038812697212551935 0.071689283052153704 -0.032621865082315869 -0.038475112785941533 -0.029190052968039691 0.015263516223106755 -0.0085031466920538409 0.2568757566579985 -0.013527840806356448 -0.060931624170786104
leaf_weight=64 79 1771 13225 223 1797 864 267 469 142 166 1873 130 2024 238 4977 103 19432 109
leaf_count=64 79 1771 13225 223 1797 864 267 469 142 166 1873 130 2024 238 4977 103 19432 109
internal_value=-0.000113338 -0.000259251 7.61182e-05 -0.00038165 0.000281474 -0.000299245 -0.000742511 -0.000260404 -0.000663372 -0.000209191 -0.000823308 0.00071717 -0.000477969 0.000133585 -8.97866e-05 0.000910255 -0.000222615 0.000300137
internal_weight=47953 27084 20869 2326 1861 25223 2038 23185 2614 20571 2342 272 2247 18543 5318 341 20405 973
internal_count=47953 27084 20869 2326 1861 25223 2038 23185 2614 20571 2342 272 2247 18543 5318 341 20405 973
cat_boundaries=0 1 2 3 4 5 6
cat_threshold=34608384 557120 2097296 8388608 2162766 24608
is_linear=0
shrinkage=0.023


Tree=136
num_leaves=19
num_cat=7
split_feature=0 2 2 1 5 1 0 2 2 2 1 5 2 2 1 1 6 2
split_gain=3.95736 1.7589 1.40848 1.13961 1.02747 0.758458 0.707896 1.23399 0.664332 0.626655 0.643449 0.897524 0.518277 0.495711 0.458272 0.441458 0.412266 0.407706
threshold=0 434.43605304264145 35.251433531459114 1 2.5000000000000004 2 3 496.17394918377585 310.86100306969195 563.49756974832383 4 2.5000000000000004 532.18318254045289 109.87277948764624 5 6 1.5000000000000002 584.39557716220122
decision_type=9 2 2 9 2 9 9 2 2 2 9 2 2 2 9 9 2 2
left_child=2 3 14 8 5 16 7 -3 13 12 11 17 -9 -2 -1 -8 -4 -11
right_child=1 6 4 -5 -6 -7 15 9 -10 10 -12 -13 -14 -15 -16 -17 -18 -19
leaf_value=0.0043173614388388373 -0.069330380690844684 0.13630693480378936 -0.0066010855980220126 -0.053900803364799778 -0.038085510722522802 -0.025809080331121812 -0.063058522101020351 0.019738495274607248 -0.010628761295193896 0.13519062543594437 -0.0057750217442066711 -0.16573844940422491 -0.077324807053564676 0.052224563516838914 -0.033139553135273142 0.017006426272148812 -0.062015557543043241 0.054837721487047048
leaf_weight=210 88 394 27070 683 728 1446 147 274 2636 219 581 63 215 605 4182 6152 271 2140
leaf_count=210 88 394 27070 683 728 1446 147 274 2636 219 581 63 215 605 4182 6152 271 2140
internal_value=-0.000104902 0.000217417 -0.000239852 -0.000190319 -0.000182737 -0.000161152 0.000378244 0.000622192 -1.30874e-05 0.000486051 0.000610378 0.000773531 -0.000277381 0.000620437 -0.000624195 0.000226382 -0.00013379 0.000849136
internal_weight=48104 14197 33907 4012 29515 28787 10185 3886 3329 3492 3003 2422 489 693 4392 6299 27341 2359
internal_count=48104 14197 33907 4012 29515 28787 10185 3886 3329 3492 3003 2422 489 693 4392 6299 27341 2359
cat_boundaries=0 1 2 3 4 5 6 7
cat_threshold=39523649 2621586 2670784 17039402 2379848 16512 4146
is_linear=0
shrinkage=0.023


Tree=137
num_leaves=19
num_cat=17
split_feature=7 0 0 7 0 1 1 7 1 0 1 0 0 7 4 0 7 1
split_gain=5.39998 4.44538 2.50174 2.27524 1.28769 1.25865 1.11697 1.02062 0.921139 0.830737 0.768893 0.755334 0.698742 0.672929 1.01595 0.71626 0.679437 0.75682
threshold=0 1 2 3 4 5 6 7 8 9 10 11 12 13 122.99500000000002 14 15 16
decision_type=1 9 9 1 9 9 9 1 9 9 9 9 9 1 2 9 1 9
left_child=1 6 3 4 -2 11 -1 9 12 -4 -7 -5 -6 14 -8 -15 17 -17
right_child=2 -3 7 5 8 10 13 -9 -10 -11 -12 -13 -14 15 -16 16 -18 -19
leaf_value=-0.047481810623359107 -0.00064855597596225685 -0.001610176070797499 -0.073307397634378338 -0.027825585801568457 -0.033962819793183684 -0.015071395656542197 0.065268435359058505 0.0079181109423446163 -0.013189158708105249 0.0065710707016469784 -0.045898043092019142 0.032260392990099904 -0.088682004520702115 0.026778558925844249 0.14310897347553556 0.14922258897562221 0.073458931016197757 0.045249209949079244
leaf_weight=384 923 15272 333 422 3150 13520 785 4593 1020 163 1410 980 1108 1406 401 596 1304 207
leaf_count=384 923 15272 333 422 3150 13520 785 4593 1020 163 1410 980 1108 1406 401 596 1304 207
internal_value=-0.000115391 0.000168841 -0.000324788 -0.000428817 -0.000803917 -0.000285984 0.0007573 0.000135765 -0.000942927 -0.000845088 -0.00034792 0.00037133 -0.00109282 0.000855194 0.00133437 0.000690022 0.000959229 0.00149049
internal_weight=47977 20355 27622 22533 6201 16332 5083 5089 5278 496 14930 1402 4258 4699 1186 3513 2107 803
internal_count=47977 20355 27622 22533 6201 16332 5083 5089 5278 496 14930 1402 4258 4699 1186 3513 2107 803
cat_boundaries=0 1 2 3 4 5 6 7 8 9 10 11 12 13 14 15 16 17
cat_threshold=664 80019492 47556128 2082 12615680 704 294914 2 2883608 131408 2637824 4228096 33555456 8 79691776 128 2097152
is_linear=0
shrinkage=0.023


Tree=138
num_leaves=19
num_cat=3
split_feature=7 2 2 7 4 3 3 4 7 4 4 4 3 5 3 3 4 4
split_gain=4.41613 2.5189 2.04205 0.981425 1.50712 1.69064 1.27212 1.48397 0.914216 0.830695 0.799417 1.66616 0.670975 0.669655 0.788031 0.621209 0.576274 0.7426
threshold=0 43.592192813392941 603.15557967331563 1 54.895000000000003 8.7250000000000032 11.815000000000003 12.915000000000001 2 114.92000000000002 469.40000000000003 598.99500000000012 84.070000000000007 1.5000000000000002 26.215000000000003 28.645000000000003 251.95000000000002 220.48000000000005
decision_type=1 2 2 1 2 2 2 2 1 2 2 2 2 2 2 2 2 2
left_child=1 -1 8 6 -5 9 -3 -8 -2 -6 -7 15 -13 14 -10 -12 17 -9
right_child=2 3 -4 4 5 10 7 16 13 -11 11 12 -14 -15 -16 -17 -18 -19
leaf_value=-0.021429359424954334 -0.049322261960865969 -0.017630746533195584 -0.0027663832805494303 -0.020357936508302258 0.0250415601297076 0.0031168767890149122 0.12668374517684441 0.023731507067559728 -0.024035015985132944 0.10890326113111139 0.06295660879860164 -0.040200854333084179 0.14358617040848298 -0.05689594544332939 0.0071829162617362864 0.30730621210211617 -0.005873432716394184 0.12916042281855464
leaf_weight=3267 1660 1007 6459 3779 193 8143 150 11019 8245 92 71 292 81 1027 725 93 1508 362
leaf_count=3267 1660 1007 6459 3779 193 8143 150 11019 8245 92 71 292 81 1027 725 93 1508 362
internal_value=-0.000108046 6.29551e-05 -0.000391577 0.000136504 -9.7385e-06 0.000152645 0.000269005 0.000330027 -0.000573559 0.00189503 9.53887e-05 0.000954729 0.000104763 -0.000488858 -0.000425631 0.00288515 0.000303532 0.000359513
internal_weight=48173 30057 18116 26790 12744 8965 14046 13039 11657 285 8680 537 373 9997 8970 164 12889 11381
internal_count=48173 30057 18116 26790 12744 8965 14046 13039 11657 285 8680 537 373 9997 8970 164 12889 11381
cat_boundaries=0 1 2 3
cat_threshold=924 648 2
is_linear=0
shrinkage=0.023


Tree=139
num_leaves=19
num_cat=11
split_feature=7 2 1 2 7 5 2 1 7 7 2 1 1 2 1 2 1 7
split_gain=3.48386 3.04523 1.91025 1.42925 1.27788 1.19766 1.07422 1.09548 1.40699 0.959867 0.993881 0.814574 0.746934 0.718189 0.655121 0.591397 0.58496 0.581773
threshold=0 73.307966824152189 1 418.84997937723205 2 2.5000000000000004 644.89890338812654 3 4 5 674.45785259047409 6 7 129.40843495224794 8 142.16488492978843 9 10
decision_type=1 2 9 2 1 2 2 9 1 1 2 9 9 2 9 2 9 1
left_child=3 12 -3 -1 11 6 13 8 -8 -9 -11 15 -2 -6 -5 -4 -12 -14
right_child=1 2 4 14 5 -7 7 9 -10 10 16 -13 17 -15 -16 -17 -18 -19
leaf_value=-0.02992195082172646 0.0047479714421478827 -0.040273731051925228 -0.0031756358033419442 -0.020725658497461441 0.020517707524468576 -0.035116897895735966 0.13273588064404696 -0.0079877646677314167 0.0090363147604708427 0.098134840132598072 -0.010547403156830731 3.3832971508660842e-05 -0.011252261023917774 -0.0078953607590332223 0.0086936182331025635 0.042567048108450668 0.024257692745501967 -0.035239637963929871
leaf_weight=4441 112 1349 568 4026 1715 549 224 2455 272 248 1069 2455 1239 13069 1171 5008 4066 4246
leaf_count=4441 112 1349 568 4026 1715 549 224 2455 272 248 1069 2455 1239 13069 1171 5008 4066 4246
internal_value=-0.000113947 -1.63041e-05 6.77177e-05 -0.000504902 0.000103872 1.87474e-05 4.39734e-05 0.000252789 0.00129035 0.000185213 0.000356948 0.000354386 -0.000512416 -7.37413e-05 -0.000246498 0.000508071 0.000288887 -0.000550388
internal_weight=48282 38644 33047 9638 31698 23667 23118 8334 496 7838 5383 8031 5597 14784 5197 5576 5135 5485
internal_count=48282 38644 33047 9638 31698 23667 23118 8334 496 7838 5383 8031 5597 14784 5197 5576 5135 5485
cat_boundaries=0 1 2 3 4 5 6 7 8 9 10 11
cat_threshold=2146 268594 520 32832 384 260 2097216 16392 2916360 16516 520
is_linear=0
shrinkage=0.023


Tree=140
num_leaves=19
num_cat=7
split_feature=0 1 3 1 6 3 5 5 1 5 5 0 3 1 3 3 3 0
split_gain=2.6277 1.49239 1.27984 1.30804 1.33517 1.13237 1.27124 1.08838 1.0429 0.994114 0.689691 0.616433 1.4301 0.629596 0.537031 0.468035 0.562018 0.522074
threshold=0 1 7.8750000000000009 2 1.5000000000000002 28.205000000000005 2.5000000000000004 1.5000000000000002 3 1.5000000000000002 2.5000000000000004 4 36.32500000000001 5 16.745000000000001 84.070000000000007 31.025000000000002 6
decision_type=9 9 2 9 2 2 2 2 9 2 2 9 2 9 2 2 2 9
left_child=8 -2 -3 9 5 7 11 -5 -1 -4 -10 12 -7 -14 -9 16 -13 -18
right_child=1 2 3 4 -6 6 -8 14 10 -11 -12 15 13 -15 -16 -17 17 -19
leaf_value=-0.046260966635726451 0.12295775174613875 -0.033994821725885013 -0.042678179032985812 -0.0081782169338509587 -0.077454454248030852 -0.0035447864358519872 -0.02607985488791768 -0.1009445998966115 0.023060579898577724 0.066617985063811558 -0.072577178011810448 0.036592589816116732 0.093722313755354753 0.0079459258304106321 -0.04138179340096073 0.097060274143426134 -0.043813646461897594 0.0044949633557148779
leaf_weight=724 101 2080 1329 27047 453 562 612 267 10339 120 252 424 470 184 867 171 393 1603
leaf_count=724 101 2080 1329 27047 453 562 612 267 10339 120 252 424 470 184 867 171 393 1603
internal_value=-0.000106284 -0.000200771 -0.000208804 -0.000175456 -0.000145597 -0.000128405 0.000213906 -0.000182083 0.00020004 -0.000849564 0.00025796 0.000370322 0.000795289 0.00153282 -0.000880077 0.000167113 8.55289e-05 -7.60443e-05
internal_weight=47998 36683 36582 34502 33053 32600 4419 28181 11315 1449 10591 3807 1216 654 1134 2591 2420 1996
internal_count=47998 36683 36582 34502 33053 32600 4419 28181 11315 1449 10591 3807 1216 654 1134 2591 2420 1996
cat_boundaries=0 1 2 3 4 5 6 7
cat_threshold=909886 68 267034 34832 134400 2621440 9437313
is_linear=0
shrinkage=0.023


Tree=141
num_leaves=19
num_cat=10
split_feature=0 7 0 5 7 0 7 4 2 7 4 7 4 0 0 2 4 2
split_gain=3.32314 2.32243 2.24671 1.99109 1.66647 1.41594 0.93982 1.00207 0.93622 0.924323 0.792892 0.728207 1.22628 1.10583 0.814555 1.15182 0.716045 0.691782
threshold=0 1 2 1.5000000000000002 3 4 5 18.925000000000001 211.26002073704612 6 139.89500000000004 7 326.41000000000008 8 9 246.6329237706488 145.42000000000004 124.99049769762219
decision_type=9 1 9 2 1 9 1 2 2 1 2 1 2 9 9 2 2 2
left_child=4 2 3 8 10 11 -7 -8 -2 -6 -1 12 14 -13 -3 -16 17 -12
right_child=1 5 -4 -5 9 6 7 -9 -10 -11 16 13 -14 -15 15 -17 -18 -19
leaf_value=-0.012658047611736289 -0.043048753330574292 -0.021153999661869208 0.0071207053377520839 -0.056473073492560907 -0.042797357068211993 0.020357762325109763 0.0048268670884570571 -0.014941465108397077 0.10384265504545714 -0.019674419554470843 0.11186049984844075 -0.00443194102741396 0.078539241278319322 -0.05018322394107641 -0.073236365853956042 0.025292109459201899 0.0083518847877742958 0.015781352323066957
leaf_weight=6454 144 2405 5579 324 2246 2982 114 1740 2507 10921 61 4563 398 2867 186 2359 2112 89
leaf_count=6454 144 2405 5579 324 2246 2982 114 1740 2507 10921 61 4563 398 2867 186 2359 2112 89
internal_value=-0.000105353 6.9584e-05 0.000380279 0.000889884 -0.000314431 -8.14339e-05 0.000253434 -0.000152987 0.00110089 -0.000477727 -6.74754e-05 -0.00020827 -3.43452e-06 -0.000355501 -0.000102218 0.000184524 0.000302976 0.0018373
internal_weight=48051 26168 8554 2975 21883 17614 4836 1854 2651 13167 8716 12778 5348 7430 4950 2545 2262 150
internal_count=48051 26168 8554 2975 21883 17614 4836 1854 2651 13167 8716 12778 5348 7430 4950 2545 2262 150
cat_boundaries=0 1 2 3 4 5 6 7 8 9 10
cat_threshold=118558788 648 305705 1624 12848801 2341 34 21 12586112 4197888
is_linear=0
shrinkage=0.023


Tree=142
num_leaves=19
num_cat=3
split_feature=2 1 5 3 1 4 4 4 3 1 2 3 2 4 3 4 2 2
split_gain=2.2581 1.3412 1.06047 1.57443 1.33078 1.19296 0.702386 1.31255 0.715977 0.638661 0.614021 0.608655 0.599412 1.29921 1.11446 0.644272 0.567702 0.783162
threshold=43.592192813392941 0 1.5000000000000002 35.675000000000004 1 72.925000000000026 104.10000000000001 179.05000000000004 27.135000000000002 2 1130.0683062939208 23.705000000000005 584.39557716220122 56.980000000000011 14.175000000000002 13.995000000000003 541.18913244519524 750.05846964854493
decision_type=2 9 2 2 9 2 2 2 2 9 2 2 2 2 2 2 2 2
left_child=6 -2 3 9 -5 -6 -1 8 -8 12 -7 -4 15 -14 -15 -3 -11 -18
right_child=1 2 11 4 5 10 7 -9 -10 16 -12 -13 13 14 -16 -17 17 -19
leaf_value=-0.033695936929637411 0.13653989740668726 0.041708481133989547 -0.063571639013609293 0.044457123075407237 0.16601271581250454 -0.074450225457177957 0.016573552495493579 -0.041792401658008779 0.15435096001627682 -0.054973667202380956 -0.00066795659909947211 -0.016256301344380011 -0.010671317480457052 0.046650789030497852 0.014000991222302615 -0.008124172148655814 0.032813003896691541 -0.031692115221712086
leaf_weight=3510 114 526 488 2610 79 353 800 755 63 263 436 3794 4512 173 7579 20898 159 1008
leaf_count=3510 114 526 488 2610 79 353 800 755 63 263 436 3794 4512 173 7579 20898 159 1008
internal_value=-0.000108022 -5.36056e-05 -6.04927e-05 -2.24069e-05 0.000444365 -0.000335224 -0.000564212 -0.000167716 0.000444961 -6.86373e-05 -0.000609083 -0.000403903 -4.83236e-05 7.98904e-05 0.000260493 -0.000121741 -0.000542973 -0.000329073
internal_weight=48120 42992 42878 38596 3478 868 5128 1618 863 35118 789 4282 33688 12264 7752 21424 1430 1167
internal_count=48120 42992 42878 38596 3478 868 5128 1618 863 35118 789 4282 33688 12264 7752 21424 1430 1167
cat_boundaries=0 1 2 3
cat_threshold=65600 2621576 2670752
is_linear=0
shrinkage=0.023


Tree=143
num_leaves=19
num_cat=12
split_feature=7 0 0 3 5 3 7 0 1 1 1 0 3 1 7 3 3 0
split_gain=3.14093 4.10014 2.12333 1.50659 1.29342 1.16745 1.07322 1.23905 1.03265 1.00822 0.789843 0.763593 0.74966 0.734613 0.710737 0.707905 1.58493 0.653696
threshold=0 1 2 12.475000000000003 1.5000000000000002 12.865 3 4 5 6 7 8 8.2750000000000004 9 10 9.6650000000000009 10.965000000000002 11
decision_type=1 9 9 2 2 2 1 9 9 9 9 9 2 9 1 2 2 9
left_child=1 12 5 -3 6 -2 15 13 -5 -9 -7 14 -1 -8 -10 -4 -17 -18
right_child=2 3 4 8 -6 10 7 9 11 -11 -12 -13 -14 -15 -16 16 17 -19
leaf_value=-0.025415098090201142 0.0714826731653284 -0.04329898644752693 -0.036062004189811134 -0.0015402912270913514 -0.03905180088306294 0.05795028832778102 -0.03691211638842979 -0.034647525340215313 -0.05023449598562707 -0.0064137162994176 0.0026366774301967121 0.065712851781923917 -0.0050032738557742925 0.026314638437816174 0.032741251660647827 0.060419932551237017 -0.04593753181875862 -0.0038020411734447025
leaf_weight=1197 71 186 1709 1523 1860 288 159 4138 202 1018 2321 4665 17376 608 1613 301 852 8010
leaf_count=1197 71 186 1709 1523 1860 288 159 4138 202 1018 2321 4665 17376 608 1613 301 852 8010
internal_value=-0.000106017 5.99646e-05 -0.000314099 0.000488375 -0.000401094 0.000290682 -0.000337567 -0.000586512 0.000536546 -0.000714991 0.000212438 0.000662689 -0.00012909 0.000275211 0.000258324 -0.000201209 -0.000121235 -0.000176999
internal_weight=48097 26762 21335 8189 18655 2680 16795 5923 8003 5156 2609 6480 18573 767 1815 10872 9163 8862
internal_count=48097 26762 21335 8189 18655 2680 16795 5923 8003 5156 2609 6480 18573 767 1815 10872 9163 8862
cat_boundaries=0 1 2 3 4 5 6 7 8 9 10 11 12
cat_threshold=1692 101371225 85512594 321 12583424 17074 2883624 311362 25174660 786562 4 4196864
is_linear=0
shrinkage=0.023


Tree=144
num_leaves=19
num_cat=8
split_feature=7 0 0 7 3 0 0 3 4 4 4 0 3 7 4 4 6 4
split_gain=3.13016 3.10159 2.94418 1.62738 1.59191 1.40716 1.06103 0.955423 1.68281 0.939047 0.93165 0.920172 0.825852 0.756716 0.922402 0.712085 0.695892 0.628693
threshold=0 1 2 3 15.045000000000002 4 5 7.8750000000000009 74.995000000000019 13.670000000000002 31.910000000000004 6 9.2750000000000004 7 52.925000000000004 49.045000000000009 1.5000000000000002 412.4550000000001
decision_type=1 9 9 1 2 9 9 2 2 2 2 9 2 1 2 2 2 2
left_child=2 7 -1 11 9 -4 13 8 -2 -5 12 -3 -7 -6 15 -15 -9 -12
right_child=1 3 5 4 6 10 -8 16 -10 -11 17 -13 -14 14 -16 -17 -18 -19
leaf_value=0.1355421512322221 -0.036926979300074513 -0.035609910690681874 -0.057079891512083626 0.0056059309934870022 0.11547185021410289 -0.0424745162101417 0.021479381901588834 -0.0058365394800630327 0.0443470166266774 -0.033871752431996686 -0.022553179397397757 0.018762877799950953 0.016436827857986187 0.0093573888925743039 0.077346774509910121 -0.14761915366624276 -0.053946774287756905 0.029216654536846159
leaf_weight=322 1436 2006 2001 72 868 267 4277 23608 227 1099 5744 966 866 750 2598 101 328 284
leaf_count=322 1436 2006 2001 72 868 267 4277 23608 227 1099 5744 966 866 750 2598 101 328 284
internal_value=-0.00010918 -1.6555e-05 -0.000483052 0.000276601 0.00041999 -0.000559691 0.00052882 -0.000162469 -0.000695579 -0.00037508 -0.000407644 -0.000194352 0.000196872 0.000782927 0.000625661 -2.97226e-05 -0.000125492 -0.000521946
internal_weight=47820 38336 9484 12737 9765 9162 8594 25599 1663 1171 7161 2972 1133 4317 3449 851 23936 6028
internal_count=47820 38336 9484 12737 9765 9162 8594 25599 1663 1171 7161 2972 1133 4317 3449 851 23936 6028
cat_boundaries=0 1 2 3 4 5 6 7 8
cat_threshold=2146 109103045 573443 1280 1443872 18161698 4462626 128
is_linear=0
shrinkage=0.023


Tree=145
num_leaves=19
num_cat=9
split_feature=0 1 1 6 3 1 4 0 0 3 3 4 0 1 4 3 1 4
split_gain=2.47775 1.09673 0.926917 0.925332 0.832342 0.880868 0.70245 0.663726 0.504602 0.526832 0.581627 0.458009 0.457637 0.914188 0.536121 0.593406 0.522062 0.734243
threshold=0 1 2 1.5000000000000002 36.32500000000001 3 66.39500000000001 4 5 1.0000000180025095e-35 7.3950000000000014 912.00000000000011 6 7 259.10000000000008 68.485000000000014 8 449.30500000000006
decision_type=9 9 9 2 2 9 2 9 9 2 2 2 9 9 2 2 9 2
left_child=2 -2 3 4 8 -6 -3 -4 -1 -10 -11 -8 14 -14 15 -7 17 -16
right_child=1 6 7 -5 5 12 11 -9 9 10 -12 -13 13 -15 16 -17 -18 -19
leaf_value=-0.079004860265329616 -0.031095720905095766 0.0024673093753291532 -0.04108843899332406 -0.056523333621648478 -0.046860918837443241 0.030915326899721953 0.025725028635439115 0.0051154018885945811 0.03742784086694248 -0.0507570702029791 -0.0076044556734376273 0.14768878583454301 0.029702762934639707 -0.10235845517512003 -0.0064476944138127917 0.11071390878627614 -0.014243863209536056 0.32381845067084214
leaf_weight=296 1348 5068 1160 424 241 900 8014 265 127 493 28284 159 374 127 71 139 482 75
leaf_count=296 1348 5068 1160 424 241 900 8014 265 127 493 28284 159 374 127 71 139 482 75
internal_value=-6.40022e-05 0.000186057 -0.000173042 -0.000147361 -0.000133085 0.000277807 0.000249765 -0.000745182 -0.000166986 -0.000157024 -0.000163606 0.000381869 0.000424474 -0.000184461 0.000607493 0.000931756 8.05445e-05 0.00123672
internal_weight=48047 14589 33458 32033 31609 2409 13241 1425 29200 28904 28777 8173 2168 501 1667 1039 628 146
internal_count=48047 14589 33458 32033 31609 2409 13241 1425 29200 28904 28777 8173 2168 501 1667 1039 628 146
cat_boundaries=0 1 2 3 4 5 6 7 8 9
cat_threshold=122832069 297522 2671300 16384 104858624 68173825 104875008 2097152 524416
is_linear=0
shrinkage=0.023


Tree=146
num_leaves=19
num_cat=6
split_feature=7 1 2 7 2 3 1 3 7 5 3 2 3 5 3 1 2 2
split_gain=3.84971 1.43642 1.40369 1.33652 1.00419 0.841302 0.969005 0.804609 0.647364 0.619781 0.742156 1.24773 0.713689 0.573771 1.00194 0.833546 0.835541 0.567557
threshold=0 1 23.946720782345967 2 831.82139423978458 11.735000000000001 3 11.855000000000002 4 1.5000000000000002 22.645000000000003 120.32427543049302 30.465000000000003 1.5000000000000002 36.605000000000011 5 553.29273050228824 109.87277948764624
decision_type=1 9 2 1 2 2 9 2 1 2 2 2 2 2 2 9 2 2
left_child=2 8 -1 4 -3 17 -7 -8 -2 10 -5 12 -12 14 -9 16 -16 -4
right_child=1 3 5 9 -6 6 7 13 -10 -11 11 -13 -14 -15 15 -17 -18 -19
leaf_value=-0.022167982778695184 0.023242052277010719 -0.034191430580649627 -0.0058428922949703968 -0.017966601924269274 -0.0045335202559403437 -0.031992392513386231 0.052063771813326463 0.012698341325187944 -0.0066760853295800386 -0.033297480648092348 0.21003410128257932 -0.00118951160562734 0.0068907007800279993 -0.010131602961902757 0.12635033087189299 0.00064348446233826028 0.046740268333345929 -0.051522611091917386
leaf_weight=1720 1154 3214 1328 11700 978 787 581 15441 2782 1644 78 2771 101 2079 323 515 599 480
leaf_count=1720 1154 3214 1328 11700 978 787 581 15441 2782 1644 78 2771 101 2079 323 515 599 480
internal_value=-0.000109819 -0.000312727 9.80206e-05 -0.000390063 -0.00075641 0.000147249 0.000189542 0.000221431 8.97562e-05 -0.000295396 -0.000248051 7.79597e-05 0.00193784 0.000195698 0.000240108 0.000820959 0.00122868 -0.000328169
internal_weight=48275 24422 23853 20486 4192 22133 20325 19538 3936 16294 14650 2950 179 18957 16878 1437 922 1808
internal_count=48275 24422 23853 20486 4192 22133 20325 19538 3936 16294 14650 2950 179 18957 16878 1437 922 1808
cat_boundaries=0 1 2 3 4 5 6
cat_threshold=668 82148 34 266802 98 2621440
is_linear=0
shrinkage=0.023


Tree=147
num_leaves=19
num_cat=8
split_feature=0 1 3 1 3 0 6 3 5 1 3 3 0 3 5 0 0 3
split_gain=2.17762 1.22198 0.936014 0.900141 0.806024 0.808177 0.791596 0.918378 1.31114 1.6573 0.829581 0.715844 0.70462 0.547949 0.550403 0.756928 0.54468 0.921279
threshold=0 1 8.1150000000000002 2 17.835000000000004 3 1.5000000000000002 36.32500000000001 2.5000000000000004 4 40.385000000000012 8.7250000000000032 5 17.635000000000002 1.5000000000000002 6 7 30.465000000000003
decision_type=9 9 2 9 2 9 2 2 2 9 2 2 9 2 2 9 9 2
left_child=2 4 -1 -4 -2 -6 7 11 9 -9 -11 -5 -3 -14 16 -16 -15 -18
right_child=1 12 3 6 5 -7 -8 8 -10 10 -12 -13 13 14 15 -17 17 -19
leaf_value=-0.0280705866831636 -0.044625221657585576 0.14114833897462475 -0.035882596805911875 0.013406393154512848 -0.082575378478054864 0.016608508345045375 -0.050465883095779963 0.048952927506511347 -0.030828924989087302 0.13173706098649904 -0.050457047284032497 -0.010477130326553778 -0.00040785344941310061 0.041524952485730439 0.078619859378541754 -0.029466294811820382 0.00036517866589114492 0.058764487435968286
leaf_weight=2305 843 327 1073 1008 118 1185 387 1496 488 79 259 24636 5160 2611 294 1034 3288 1360
leaf_count=2305 843 327 1073 1008 118 1185 387 1496 488 79 259 24636 5160 2611 294 1034 3288 1360
internal_value=-8.63863e-05 0.000130374 -0.000197167 -0.000162264 -0.000379739 -2.29437e-05 -0.000137287 -0.000123035 0.000314957 0.000596874 -0.000845443 -0.000162696 0.000208374 0.000182733 0.000295427 -0.000135069 0.000374186 0.000223175
internal_weight=47951 16220 31731 29426 2146 1303 28353 27966 2322 1834 338 25644 14074 13747 8587 1328 7259 4648
internal_count=47951 16220 31731 29426 2146 1303 28353 27966 2322 1834 338 25644 14074 13747 8587 1328 7259 4648
cat_boundaries=0 1 2 3 4 5 6 7 8
cat_threshold=110253132 823346 267018 17301632 2621568 16777218 4792320 262273
is_linear=0
shrinkage=0.023


Tree=148
num_leaves=19
num_cat=8
split_feature=6 0 1 4 4 5 1 0 4 4 1 4 1 4 0 4 0 4
split_gain=1.92697 1.53129 1.34705 1.10252 1.15975 0.962697 0.78639 0.85417 1.15255 0.777663 0.778804 1.00284 0.716226 0.607992 0.583039 0.813363 0.56773 0.639874
threshold=1.5000000000000002 0 1 134.93000000000004 179.05000000000004 1.5000000000000002 2 3 199.05000000000004 1379.5000000000002 4 217.90500000000003 5 48.020000000000003 6 59.895000000000003 7 169.92000000000004
decision_type=2 9 9 2 2 2 9 9 2 2 9 2 9 2 9 2 9 2
left_child=1 2 -1 5 16 12 13 8 -8 10 -6 -12 -4 -3 -15 -16 17 -5
right_child=-2 6 3 4 9 -7 7 -9 -10 -11 11 -13 -14 14 15 -17 -18 -19
leaf_value=-0.043841458660905774 -0.075560021111191589 -0.0022696389732901083 0.039793768913106937 0.024506065098122854 -0.013593662980376141 -0.042677878915039227 -0.0007437453029954629 -0.018035530280837909 0.17555660391129807 0.1435127117286209 -0.052102628149187549 0.071794094044545315 -0.010478635485913509 0.0071927088388804928 0.07312670220874741 0.019905796801186631 -0.036025827280948511 0.044944856048186023
leaf_weight=844 595 3919 620 2208 4083 1348 290 3031 120 91 155 442 18207 6601 633 4157 202 317
leaf_count=844 595 3919 620 2208 4083 1348 290 3031 120 91 155 442 18207 6601 633 4157 202 317
internal_value=-7.1264e-05 -5.48873e-05 -0.000161008 -0.000133182 0.000104904 -0.000221733 0.000106533 -0.000207261 0.000766265 -0.000111356 -0.000152344 0.000617403 -0.000179214 0.000177151 0.00026228 0.000455187 0.000483239 0.000576084
internal_weight=47863 47268 28517 27673 7498 20175 18751 3441 410 4771 4680 597 18827 15310 11391 4790 2727 2525
internal_count=47863 47268 28517 27673 7498 20175 18751 3441 410 4771 4680 597 18827 15310 11391 4790 2727 2525
cat_boundaries=0 1 2 3 4 5 6 7 8
cat_threshold=119084421 332578 2687686 24674 2146320 32832 8691808 50336896
is_linear=0
shrinkage=0.023


Tree=149
num_leaves=19
num_cat=8
split_feature=0 2 1 1 2 0 2 4 2 1 2 4 1 2 0 4 0 2
split_gain=2.20064 1.14285 1.17288 0.801387 1.0348 0.864068 0.817979 0.828785 0.823092 0.752341 0.681546 0.631616 0.601285 1.37125 1.07513 0.609474 0.602294 1.38778
threshold=0 388.79686210529559 1 2 922.01816366722835 3 2387.0539802209737 119.92000000000002 2115.2533550652433 4 294.29624598411442 360.40000000000003 5 1253.4124346971646 6 12.915000000000001 7 279.05345750474032
decision_type=9 2 9 9 2 9 2 2 2 9 2 2 9 2 9 2 9 2
left_child=9 2 -2 4 -3 11 8 -8 -5 -1 -4 -6 15 -14 -15 -11 17 -17
right_child=1 3 10 6 5 -7 7 -9 -10 12 -12 -13 13 14 -16 16 -18 -19
leaf_value=-0.030408940734445885 -0.043867540283440337 -0.039826094683675858 0.01793483592833656 0.023374407190327642 0.041287870876329943 -0.031440906742897484 0.24359300773801321 0.21027422138665097 -0.018657864283650599 0.018948804875448925 -0.016994089873229631 0.094261231685803928 -0.0031132746398538388 0.17432692692654805 -0.0002506303990880127 0.043575916849835972 -0.017268016108891868 -0.0061563159985836176
leaf_weight=1269 561 1447 736 8257 873 408 68 61 1045 378 3020 102 5792 152 140 568 16775 6381
leaf_count=1269 561 1447 736 8257 873 408 68 61 1045 378 3020 102 5792 152 140 568 16775 6381
internal_value=-9.35171e-05 0.000120905 -0.000200847 0.000234291 -0.000105274 0.000344196 0.000335941 0.00215369 0.000311043 -0.000206498 -5.252e-05 0.000712023 -0.000183262 2.11342e-05 0.00155841 -0.000234844 -0.000249543 -6.90744e-05
internal_weight=48033 16578 4317 12261 2830 1383 9431 129 9302 31455 3756 975 30186 6084 292 24102 23724 6949
internal_count=48033 16578 4317 12261 2830 1383 9431 129 9302 31455 3756 975 30186 6084 292 24102 23724 6949
cat_boundaries=0 1 2 3 4 5 6 7 8
cat_threshold=42479053 294912 545176 4476978 332586 2621456 9344 8914112
is_linear=0
shrinkage=0.023


Tree=150
num_leaves=19
num_cat=4
split_feature=6 0 3 4 4 3 4 3 3 5 0 3 5 4 5 0 0 4
split_gain=1.04068 0.993142 0.713508 0.605644 0.602234 0.715516 0.588705 0.457993 1.15075 0.641466 0.663418 0.657114 0.599227 0.533759 0.43288 0.665215 0.450858 0.618121
threshold=1.5000000000000002 0 7.3950000000000014 98.995000000000019 56.980000000000011 38.285000000000004 1379.5000000000002 21.925000000000004 14.105000000000002 1.5000000000000002 1 19.875000000000004 2.5000000000000004 449.30500000000006 1.5000000000000002 2 3 58.995000000000012
decision_type=2 9 2 2 2 2 2 2 2 2 9 2 2 2 2 9 9 2
left_child=1 2 3 -1 5 -3 7 8 -4 10 -10 -11 -9 -14 16 -16 17 -6
right_child=-2 4 6 -5 14 -7 -8 12 9 11 -12 -13 13 -15 15 -17 -18 -19
leaf_value=-0.063426477364060027 -0.052579454256408746 -0.007621191559701446 -0.0042114743558220834 0.034358638558886004 0.042719315303363307 0.12677329090542036 0.095076618639448954 0.0047085551206981387 -0.015735638988318111 -0.086630418731734979 -0.11511524455567672 0.051959123676125173 -0.042051187231035209 0.028650786949587479 -0.063844315858787332 0.018436500488443839 0.015075745085298962 -0.011450562371198892
leaf_weight=510 566 6329 11182 79 76 117 108 5341 8590 411 165 64 428 76 764 853 9869 2496
leaf_count=510 566 6329 11182 79 76 117 108 5341 8590 411 165 64 428 76 764 853 9869 2496
internal_value=-0.000100287 -8.85922e-05 -0.000180321 -0.000971963 3.2065e-05 -0.000151997 -0.000162696 -0.000169672 -0.000221074 -0.00041115 -0.000366468 -0.00123417 9.83655e-06 -0.000748087 0.000116486 -0.000237507 0.0001625 -0.000108667
internal_weight=48024 47458 26954 589 20504 6446 26365 26257 20412 9230 8755 475 5845 504 14058 1617 12441 2572
internal_count=48024 47458 26954 589 20504 6446 26365 26257 20412 9230 8755 475 5845 504 14058 1617 12441 2572
cat_boundaries=0 1 2 3 4
cat_threshold=51990025 33573888 67404194 131268
is_linear=0
shrinkage=0.023


Tree=151
num_leaves=19
num_cat=12
split_feature=7 0 0 2 7 1 2 1 0 2 7 1 2 0 2 7 2 1
split_gain=2.92535 4.40815 2.0975 2.01974 1.53438 1.32925 0.982216 0.87412 0.772321 0.739826 0.702 0.998607 0.792753 0.787324 0.652869 0.638975 0.859918 0.619204
threshold=0 1 2 203.72011375862544 3 4 819.59457754571997 5 6 37.77157551604224 7 8 750.05846964854493 9 532.18318254045289 10 9.1394639998198901 11
decision_type=1 9 9 2 1 9 2 9 9 2 1 9 2 9 2 1 2 9
left_child=1 3 4 -1 7 14 9 -2 -9 15 11 12 -4 -13 -6 16 -7 -3
right_child=2 17 10 -5 5 6 -8 8 -10 -11 -12 13 -14 -15 -16 -17 -18 -19
leaf_value=-0.037356096341050228 -0.0005585285434212084 0.040730415440081012 -0.007077729139000899 0.084423199470115493 -0.00051352275902104337 0.13126043669050147 -0.038484937690416596 -0.003561166475809755 -0.047023976398552582 -0.0099487267595908691 0.013905523341033265 0.017841751177434976 0.070903757402680997 -0.038207330887383449 0.051923652318916227 -0.039023861438615075 -0.018219478035615265 -0.0052023209145880796
leaf_weight=243 664 615 76 4002 245 119 2002 572 2496 13625 4903 515 81 1082 455 1667 556 14130
leaf_count=243 664 615 76 4002 245 119 2002 572 2496 13625 4903 515 81 1082 455 1667 556 14130
internal_value=-9.85141e-05 0.000123472 -0.000243545 0.000775635 -0.000350062 -0.00026461 -0.000303056 -0.000775636 -0.000939959 -0.000243005 0.000114875 -0.000278991 0.0014167 -0.000453641 0.000712455 -0.000620608 -1.67835e-05 -6.46895e-05
internal_weight=48048 18990 29058 4245 22401 18669 17969 3732 3068 15967 6657 1754 157 1597 700 2342 675 14745
internal_count=48048 18990 29058 4245 22401 18669 17969 3732 3068 15967 6657 1754 157 1597 700 2342 675 14745
cat_boundaries=0 1 2 3 4 5 6 7 8 9 10 11 12
cat_threshold=652 4526632 101127976 34 524356 49282 5888 320 20544 1575056 3136 32832
is_linear=0
shrinkage=0.023


Tree=152
num_leaves=19
num_cat=12
split_feature=7 0 0 7 7 0 1 0 3 3 1 7 1 3 0 5 3 5
split_gain=3.08105 3.42641 2.01662 1.18292 1.11664 1.31913 1.11211 0.874935 0.799378 1.12631 0.685907 0.660655 0.628134 0.551818 0.498625 0.486942 0.66075 0.64588
threshold=0 1 2 3 4 5 6 7 9.6650000000000009 10.965000000000002 8 9 10 14.685 11 2.5000000000000004 21.925000000000004 1.5000000000000002
decision_type=1 9 9 1 1 9 9 9 2 2 9 1 9 2 9 2 2 2
left_child=1 6 3 14 7 -6 11 -4 -9 -10 -3 13 -11 -1 -2 16 17 -14
right_child=2 10 4 -5 5 -7 -8 8 9 12 -12 -13 15 -15 -16 -17 -18 -19
leaf_value=-0.053169093031621754 0.14886521137026545 -0.0031546366701168194 -0.045883460594057977 -0.0011440062554974055 -0.082565611031201372 -0.018331485335291903 0.056069684184039119 -0.031616764522446369 0.063770031413586878 -0.057394585055872208 -0.047291184735383893 -0.044114279935599611 -0.0090525304209276725 0.059955020394189991 0.062669575576050587 -0.037571006878055264 0.0088508269537955798 -0.10341390426764525
leaf_weight=130 110 17049 1622 877 1376 5748 5167 1962 340 265 449 377 7571 613 536 316 3265 198
leaf_count=130 110 17049 1622 877 1376 5748 5167 1962 340 265 449 377 7571 613 536 316 3265 198
internal_value=-8.97064e-05 9.61742e-05 -0.000272432 0.000535539 -0.000326946 -0.000565472 0.000556261 -0.000217291 -0.000158044 -8.75355e-05 -6.93623e-05 -0.000101751 -0.000125741 0.000296194 0.00127579 -9.92064e-05 -7.37892e-05 -0.00018917
internal_weight=47971 23785 24186 1523 22663 7124 6287 15539 13917 11955 17498 1120 11615 743 646 11350 11034 7769
internal_count=47971 23785 24186 1523 22663 7124 6287 15539 13917 11955 17498 1120 11615 743 646 11350 11034 7769
cat_boundaries=0 1 2 3 4 5 6 7 8 9 10 11 12
cat_threshold=668 79964713 581890 2081 1345 18088096 311810 12648449 2932930 152 4152 16386
is_linear=0
shrinkage=0.023


Tree=153
num_leaves=19
num_cat=17
split_feature=7 0 0 1 1 7 0 7 1 7 0 4 7 0 1 7 0 1
split_gain=2.91243 2.72784 1.90691 1.29764 1.16597 0.995454 1.07553 0.793323 0.722435 1.49016 0.600889 0.594288 0.655726 0.755143 0.725928 0.567435 1.18532 0.562288
threshold=0 1 2 3 4 5 6 7 8 9 10 98.995000000000019 11 12 13 14 15 16
decision_type=1 9 9 9 9 1 9 1 9 1 9 2 1 9 9 1 9 9
left_child=2 7 3 -1 -4 6 -5 -2 9 -9 17 15 14 -14 -13 -3 -17 -6
right_child=1 11 4 5 10 -7 -8 8 -10 -11 -12 12 13 -15 -16 16 -18 -19
leaf_value=-0.03233797706622904 -0.03061940381711897 0.021760410066980086 0.11554605124129642 -0.026658317145062262 -0.024216794719311371 0.075378338258312833 0.057432769943669013 0.14397045512472437 -0.019676362415515087 -0.0071000972636512056 -0.018446295150930964 0.054750236027931456 -0.039237098265266245 0.041218292362884282 -0.054298909932300521 0.048420665896468158 -0.026242966697752591 0.0032389633418423692
leaf_weight=505 3517 2284 118 825 776 3586 245 140 12598 402 4376 963 1210 387 290 425 678 14731
leaf_count=505 3517 2284 118 825 776 3586 245 140 12598 402 4376 963 1210 387 290 425 678 14731
internal_value=-6.6814e-05 -0.00025446 0.000103979 0.000497696 2.18323e-06 0.000618101 -5.43175e-10 -0.000408053 -0.000325318 0.00049147 -1.19091e-05 0.000155733 -8.87656e-05 -0.000396399 0.000304064 0.000361919 -6.81811e-05 5.52864e-05
internal_weight=48056 22894 25162 5161 20001 4656 1070 16657 13140 542 19883 6237 2850 1597 1253 3387 1103 15507
internal_count=48056 22894 25162 5161 20001 4656 1070 16657 13140 542 19883 6237 2850 1597 1253 3387 1103 15507
cat_boundaries=0 1 2 3 4 5 6 7 8 9 10 11 12 13 14 15 16 17
cat_threshold=908 100998957 67448888 299026 80 256 274464 34 524296 16 50464512 1072 13779024 2622096 2067 16949314 528908
is_linear=0
shrinkage=0.023


Tree=154
num_leaves=19
num_cat=7
split_feature=7 3 1 7 2 2 7 1 2 2 1 2 6 3 2 2 7 3
split_gain=3.17262 0.975713 1.0742 0.967296 0.954128 0.829086 0.776551 1.22433 0.892097 0.714023 0.656579 0.618431 0.528052 0.598088 0.640033 0.528795 0.901071 0.569787
threshold=0 11.815000000000003 1 2 25.312129971147446 138.21470020969994 3 4 1519.3943877340305 527.2532870420572 5 2050.4041081798655 1.5000000000000002 16.075000000000003 2258.9717258190844 569.04354435651305 6 12.865
decision_type=1 2 9 1 2 2 1 9 2 2 9 2 2 2 2 2 1 2
left_child=1 5 4 11 -3 -1 7 8 -2 -9 -11 -4 13 15 -15 16 17 -6
right_child=6 2 3 -5 12 -7 -8 9 -10 10 -12 -13 -14 14 -16 -17 -18 -19
leaf_value=-0.0073292281518165482 0.0048697314608169805 -0.05596369937615546 -0.048399831830398227 0.003845418427804117 0.14826901537640305 -0.087981090524887701 -0.011226459262992781 -0.039072417552554792 0.24599853232177993 -0.005451060821120195 -0.038430211338716921 0.065560902379134242 -0.046886783384844422 0.032086613792724927 -0.033323227201011905 -0.026655399824961658 0.001458626276673242 0.051630000186160575
leaf_weight=2212 735 414 1256 2987 273 298 23918 2497 61 1416 349 84 135 6823 394 955 2493 736
leaf_count=2212 735 414 1256 2987 273 298 23918 2497 61 1416 349 84 135 6823 394 955 2493 736
internal_value=-0.00011951 0.000110958 0.000175103 -0.000136286 0.000285215 -0.000311527 -0.000271053 -0.000530049 0.000296693 -0.000684797 -0.000332254 -0.000647302 0.000323501 0.000340048 0.000469418 0.000130552 0.000261377 0.000837208
internal_weight=48036 19060 16550 4327 12223 2510 28976 5058 796 4262 1765 1340 11809 11674 7217 4457 3502 1009
internal_count=48036 19060 16550 4327 12223 2510 28976 5058 796 4262 1765 1340 11809 11674 7217 4457 3502 1009
cat_boundaries=0 1 2 3 4 5 6 7
cat_threshold=652 2130024 128 34 16528 2097184 8
is_linear=0
shrinkage=0.023


Tree=155
num_leaves=19
num_cat=2
split_feature=7 2 2 7 3 5 3 3 4 4 2 2 3 2 4 4 3 5
split_gain=3.10321 2.32907 1.27561 1.1662 1.04641 1.04164 0.789219 0.979814 1.94643 0.940836 1.20666 0.803609 0.772433 0.666699 0.653356 1.07142 0.648927 0.705719
threshold=0 69.231234826339175 922.01816366722835 1 11.735000000000001 1.5000000000000002 11.815000000000003 9.6650000000000009 45.020000000000003 49.910000000000004 85.043627290182187 187.82750249445806 34.385000000000012 2211.6728059599359 79.920000000000016 107.02000000000002 49.995000000000012 1.5000000000000002
decision_type=1 2 2 1 2 2 2 2 2 2 2 2 2 2 2 2 2 2
left_child=2 16 -1 4 -3 12 7 9 11 -5 -11 -9 -6 -4 -14 -16 17 -2
right_child=1 3 13 6 5 -7 -8 8 -10 10 -12 -13 14 -15 15 -17 -18 -19
leaf_value=-0.026604724066146741 -0.017845376642232562 -0.028791837250115485 0.019906973511990347 -0.05148566204215297 0.017991257590302692 -0.014127980190155976 -0.0052406392173043317 0.20837629943803659 0.017326893396783373 0.089290130201375439 0.005568138801989469 0.061860754830952373 0.13928594103113071 -0.081313774446421572 -0.057372565952084419 0.054232217366000271 0.022585911790734502 -0.06708643671701682
leaf_weight=6082 5063 801 1189 358 12474 1645 16914 70 313 84 422 87 164 282 168 1083 75 502
leaf_count=6082 5063 801 1189 358 12474 1645 16914 70 313 84 422 87 164 282 168 1083 75 502
internal_value=-8.74248e-05 -7.03205e-06 -0.000514847 6.36459e-05 0.000204738 0.000246668 -6.27339e-05 0.000475783 0.00132066 1.59676e-05 0.00065426 0.0034086 0.000311486 9.22358e-05 0.00082072 0.000641533 -0.000440409 -0.000469075
internal_weight=47776 40223 7553 34583 16335 15534 18248 1334 470 864 506 157 13889 1471 1415 1251 5640 5565
internal_count=47776 40223 7553 34583 16335 15534 18248 1334 470 864 506 157 13889 1471 1415 1251 5640 5565
cat_boundaries=0 1 2
cat_threshold=2082 652
is_linear=0
shrinkage=0.023


Tree=156
num_leaves=19
num_cat=8
split_feature=1 2 1 0 6 0 2 1 2 0 2 2 0 2 5 2 2 0
split_gain=1.64581 1.25869 1.01359 0.942185 0.846283 0.828077 1.29582 1.05584 0.805353 0.517453 0.522358 0.589966 0.509415 0.488628 0.424025 0.417937 1.00624 0.498561
threshold=0 69.231234826339175 1 2 1.5000000000000002 3 603.15557967331563 4 322.77979240254814 5 3.4997893979690011 5.1441969012302495 6 322.77979240254814 2.5000000000000004 422.64157496000263 545.30265367431014 7
decision_type=9 2 9 9 2 9 2 9 2 9 2 2 9 2 2 2 2 9
left_child=-1 9 4 -4 5 13 7 -7 -9 -2 -11 -12 -8 14 -3 -10 17 -17
right_child=1 2 3 -5 -6 6 12 8 15 10 11 -13 -14 -15 -16 16 -18 -19
leaf_value=0.12938505264079994 0.00716928524924316 0.0025382200322519428 0.019104519880355567 -0.03376858219535199 -0.042885341435389968 -0.065375962168258445 0.0045072535555279215 0.042533838182433004 -0.022245489329872633 -0.087104214683719414 0.028333470148348406 -0.019550003058602532 0.029477294116934373 -0.0075988750797985833 -0.070056417328576981 5.2924256677975776e-06 -0.02991069897199598 0.046816888025923549
leaf_weight=106 268 8206 197 1719 510 704 3047 1087 2965 178 161 6049 5966 14095 171 901 815 827
leaf_count=106 268 8206 197 1719 510 704 3047 1087 2965 178 161 6049 5966 14095 171 901 815 827
internal_value=-8.20814e-05 -8.86834e-05 -4.1301e-05 -0.000556427 -1.60344e-05 -3.79591e-06 0.000120902 -0.00010682 -1.567e-05 -0.000382169 -0.000423462 -0.000388876 0.000305451 -9.4324e-05 4.47518e-05 -0.000128608 8.77229e-05 0.000401916
internal_weight=47972 47866 41210 1916 39294 38784 16312 7299 6595 6656 6388 6210 9013 22472 8377 5508 2543 1728
internal_count=47972 47866 41210 1916 39294 38784 16312 7299 6595 6656 6388 6210 9013 22472 8377 5508 2543 1728
cat_boundaries=0 1 2 3 4 5 6 7 8
cat_threshold=64 2736292 672032 101803977 49152 132096 530480 12713984
is_linear=0
shrinkage=0.023


Tree=157
num_leaves=19
num_cat=8
split_feature=2 0 5 1 3 3 2 0 3 0 1 3 0 3 1 0 2 2
split_gain=1.47461 1.38625 1.26323 1.10518 1.02373 0.965966 0.783484 0.85919 0.761521 0.734071 0.720339 0.686161 0.681122 0.673962 0.597297 0.595693 0.555435 0.541447
threshold=563.49756974832383 0 1.5000000000000002 1 10.605000000000002 10.965000000000002 1130.0683062939208 2 14.595000000000001 3 4 36.32500000000001 5 66.285000000000011 6 7 1902.4841271627406 578.62996211279039
decision_type=2 9 2 9 2 2 2 9 2 9 9 2 9 2 9 9 2 2
left_child=2 -2 4 6 12 -6 8 16 -3 17 -7 -11 -1 14 -4 -10 -8 -5
right_child=1 3 13 9 5 10 7 -9 15 11 -12 -13 -14 -15 -16 -17 -18 -19
leaf_value=0.0070043916885105476 0.029070485490466588 0.046458195947616271 0.015637579073659012 0.060310194337316089 0.056260452824049574 -0.053313310463071591 0.13535832328117728 0.0010945136835945534 -0.095432864267552819 -0.016177897522780659 -0.004917641859052177 0.012279221430573677 -0.02457302560944331 0.012337762055009589 -0.04603614463147828 0.015233323514318784 0.19886047639256349 0.0037752097550991441
leaf_weight=230 1910 91 199 177 391 232 226 261 106 5482 20938 1355 5009 299 2545 1298 105 7087
leaf_count=230 1910 91 199 177 391 232 226 261 106 5482 20938 1355 5009 299 2545 1298 105 7087
internal_value=-0.000101277 6.25249e-05 -0.000200612 -6.81611e-06 -0.000150186 -8.0112e-05 0.000485833 0.00119618 0.000207661 -8.00291e-05 -0.000101039 -0.00025092 -0.000438558 -0.00064468 -0.000757666 7.53438e-05 0.00194801 8.09428e-05
internal_weight=47941 18098 29843 16188 26800 21561 2087 592 1495 14101 21170 6837 5239 3043 2744 1404 331 7264
internal_count=47941 18098 29843 16188 26800 21561 2087 592 1495 14101 21170 6837 5239 3043 2744 1404 331 7264
cat_boundaries=0 1 2 3 4 5 6 7 8
cat_threshold=25296898 82004 72098960 4495408 262154 132352 278528 6224
is_linear=0
shrinkage=0.023


Tree=158
num_leaves=19
num_cat=4
split_feature=6 2 1 2 1 5 4 1 2 5 4 1 4 2 2 4 4 4
split_gain=1.40977 1.40941 1.3106 0.846241 0.916295 0.904136 0.792187 0.59155 0.911684 0.564678 0.532868 0.72488 1.87741 1.14929 0.632443 0.595224 0.518905 0.509464
threshold=1.5000000000000002 16.861978654013576 0 934.14266348463354 1 2.5000000000000004 39.050000000000004 2 2258.9717258190844 1.5000000000000002 139.90500000000003 3 159.90500000000003 893.63382004247273 22.623568090482348 689.8950000000001 11.995000000000003 139.99500000000003
decision_type=2 2 9 2 9 2 2 9 2 2 2 9 2 2 2 2 2 2
left_child=1 16 -3 4 9 10 -5 8 -8 -4 -6 12 -12 14 -13 17 -1 -16
right_child=-2 2 3 6 5 -7 7 -9 -10 -11 11 13 -14 -15 15 -17 -18 -19
leaf_value=0.0068432906796747905 -0.062625278445621782 0.092993848697111137 -0.045352562028713163 -0.016081374191339991 -0.0046369672900636949 -0.037882605169222976 -0.031451000506076889 0.027352449926239138 0.061871930634132093 0.069293554725158135 0.10280369950609343 -0.034152702134096671 -0.045541514301811518 0.071566824613643151 0.078482706627755028 -0.017735195010350892 -0.028667611471811502 0.011808671327036757
leaf_weight=69 592 107 980 1400 25918 767 625 6214 121 81 265 169 1289 115 119 414 2230 6569
leaf_count=69 592 107 980 1400 25918 767 625 6214 121 81 265 169 1289 115 119 414 2230 6569
internal_value=-5.76391e-05 -4.37203e-05 -1.54347e-05 -2.17467e-05 -6.93399e-05 -4.93759e-05 0.000187076 0.00028749 -0.000322393 -0.000732156 -3.21996e-05 0.000120914 -0.000329366 0.000215812 0.000179983 0.000213088 -0.000599204 0.000265481
internal_weight=48044 47452 45153 45046 36686 35625 8360 6960 746 1061 34858 8940 1554 7386 7271 7102 2299 6688
internal_count=48044 47452 45153 45046 36686 35625 8360 6960 746 1061 34858 8940 1554 7386 7271 7102 2299 6688
cat_boundaries=0 1 2 3 4
cat_threshold=64 262968 530946 53250
is_linear=0
shrinkage=0.023


Tree=159
num_leaves=19
num_cat=3
split_feature=7 3 5 3 7 3 4 3 4 3 3 4 7 3 3 4 4 3
split_gain=2.96868 0.665033 0.835134 1.04819 0.655532 0.608269 1.0041 0.974693 0.960448 0.690624 0.597768 0.759069 0.601574 0.553377 0.498873 0.461562 0.424883 0.96177
threshold=0 11.815000000000003 1.5000000000000002 25.045000000000005 1 9.3450000000000006 89.050000000000011 8.3050000000000015 12.915000000000001 9.2750000000000004 36.605000000000011 149.90500000000003 2 8.8850000000000033 39.015000000000008 19.050000000000004 59.895000000000003 26.215000000000003
decision_type=1 2 2 2 1 2 2 2 2 2 2 2 1 2 2 2 2 2
left_child=1 5 10 -4 16 6 8 -8 -1 13 12 -12 -3 -10 -13 -6 17 -2
right_child=4 2 3 -5 15 -7 7 -9 9 -11 11 14 -14 -15 -16 -17 -18 -19
leaf_value=0.0066858949940422881 -0.018463891693012661 0.018228726366627875 -0.063151227731612872 -0.0015879460816329099 0.0051837919175152566 -0.032699771561998846 0.095634821742847986 0.013737151291896075 -0.014604482344911926 0.039684836457245944 0.00046844257510026576 0.179810790362986 0.00076679813868098983 -0.085593847757154451 0.071336494156250263 -0.01792842713167897 -0.002696415683646587 0.028791825973757186
leaf_weight=109 4563 9198 428 1927 477 1013 108 165 1403 170 650 87 7512 125 844 9456 9438 316
leaf_count=109 4563 9198 428 1927 477 1013 108 165 1403 170 650 87 7512 125 844 9456 9438 316
internal_value=-7.13645e-05 0.000111468 0.000158634 -0.000249022 -0.000250287 -0.000202993 2.21125e-05 0.00132165 -0.000174357 -0.000308794 0.000211123 0.000638557 0.000170673 -0.000463546 0.00105958 -0.000393927 -0.000150421 -0.000324786
internal_weight=47989 23739 20646 2355 24250 3093 2080 273 1807 1698 18291 1581 16710 1528 931 9933 14317 4879
internal_count=47989 23739 20646 2355 24250 3093 2080 273 1807 1698 18291 1581 16710 1528 931 9933 14317 4879
cat_boundaries=0 1 2 3
cat_threshold=668 2305 524
is_linear=0
shrinkage=0.023


Tree=160
num_leaves=19
num_cat=7
split_feature=1 3 6 0 1 2 3 3 0 3 2 1 0 3 3 3 3 1
split_gain=1.2545 1.65206 1.06779 0.877398 0.722131 0.701109 0.715403 1.0234 0.650563 0.615307 0.776026 0.686536 0.667592 0.58513 0.576341 0.563353 0.913184 0.581082
threshold=0 27.135000000000002 1.5000000000000002 1 2 46.778728473530883 16.325000000000003 12.865 3 14.515000000000002 120.32427543049302 4 5 38.285000000000004 27.485000000000003 36.32500000000001 37.525000000000013 6
decision_type=9 2 2 9 9 2 2 2 9 2 2 9 9 2 2 2 2 9
left_child=1 -1 3 9 -5 6 7 -6 -7 10 -2 12 -11 14 -13 -10 -17 -18
right_child=2 -3 -4 4 5 8 -8 -9 15 11 -12 13 -14 -15 -16 16 17 -19
leaf_value=0.19535156446214672 -0.050535339657889485 -0.0092075493593576276 -0.050613164159610112 -0.045109093965642999 -0.016105151577460161 -0.020750265207950553 0.017178091318078442 -0.068297028283972175 -0.0041508063734794556 0.046457461988443111 0.053599326100568653 0.011377503529609223 -0.065911899096448318 0.052693009885316042 -0.022497949267804448 0.078059541453164155 0.019695463321412251 -0.012395488892625407
leaf_weight=64 64 61 581 752 3698 1422 742 697 30427 107 178 3726 246 964 944 220 1907 1067
leaf_count=64 64 61 581 752 3698 1422 742 697 30427 107 178 3726 246 964 944 220 1907 1067
internal_value=-8.63457e-05 0.00212616 -9.25743e-05 -8.0518e-05 -0.000119208 -0.000105872 -0.000356828 -0.00046835 -6.91123e-05 0.000173627 0.00131038 0.000127922 -0.00084219 0.000189893 8.37214e-05 -4.8625e-05 0.000241936 0.000136102
internal_weight=47867 125 47742 47161 40932 40180 5137 4395 35043 6229 242 5987 353 5634 4670 33621 3194 2974
internal_count=47867 125 47742 47161 40932 40180 5137 4395 35043 6229 242 5987 353 5634 4670 33621 3194 2974
cat_boundaries=0 1 2 3 4 5 6 7
cat_threshold=68 25221178 4874 68223045 786480 22560 2359296
is_linear=0
shrinkage=0.023


Tree=161
num_leaves=19
num_cat=16
split_feature=7 0 0 7 1 0 1 0 7 0 1 0 3 1 1 3 0 1
split_gain=2.53063 1.86908 1.86765 1.14333 1.10298 0.834837 0.824586 1.08042 1.02891 1.23235 1.02825 0.905538 0.704117 0.930254 0.627099 0.61104 0.600855 0.599119
threshold=0 1 2 3 4 5 6 7 8 9 10 11 63.210000000000008 12 13 47.565000000000005 14 15
decision_type=1 9 9 1 9 9 9 9 1 9 9 9 2 9 9 2 9 9
left_child=2 12 -1 5 -5 14 7 -3 9 -8 -11 -10 -2 -14 -4 -9 -6 -13
right_child=1 6 3 4 16 -7 8 15 11 10 -12 17 13 -15 -16 -17 -18 -19
leaf_value=0.014963247177319386 -0.0038696654916700324 -0.032860907420239747 -0.076495720447376098 0.0064309844068521594 -0.069474900610413323 -0.029063824899936048 0.092473480230557639 0.010841616945448208 -0.03333642849275878 -0.097013176369495788 0.02268245533463566 -0.040653058056135581 0.065893012644820503 -0.010842308937658175 0.0014259245872974672 0.3542006709661788 -0.021966640880456648 0.02363884176566005
leaf_weight=2120 22779 815 121 640 1068 2435 2450 458 826 213 1910 496 352 224 3663 71 2483 4935
leaf_count=2120 22779 815 121 640 1068 2435 2450 458 826 213 1910 496 352 224 3663 71 2483 4935
internal_value=-3.82388e-05 6.08984e-05 -0.000319134 -0.000445864 -0.000739619 -0.000247014 0.000291836 -0.000244569 0.000358572 0.000620764 0.000212401 0.000166245 -5.95549e-05 0.000734441 -3.27345e-05 0.00055877 -0.000898372 0.000274331
internal_weight=48059 35529 12530 10410 4191 6219 12174 1344 10830 4573 2123 6257 23355 576 3784 529 3551 5431
internal_count=48059 35529 12530 10410 4191 6219 12174 1344 10830 4573 2123 6257 23355 576 3784 529 3551 5431
cat_boundaries=0 1 2 3 4 5 6 7 8 9 10 11 12 13 14 15 16
cat_threshold=3170 123259977 21545411 3136 16514 33761808 557594 8650882 536 8651296 262272 8389120 2097152 262184 1515568 20480
is_linear=0
shrinkage=0.023


Tree=162
num_leaves=19
num_cat=4
split_feature=3 3 0 4 1 6 4 4 3 1 4 4 3 4 1 3 4 3
split_gain=1.25268 0.961232 0.970256 0.688373 0.651628 0.706597 0.654415 0.870667 1.31504 0.797138 1.20327 0.787422 0.611946 0.785207 0.591846 0.577184 0.63411 0.540795
threshold=9.2750000000000004 9.3450000000000006 0 17.995000000000001 1 1.5000000000000002 251.95000000000002 219.92000000000004 43.475000000000001 2 373.12000000000006 572.40000000000009 8.8850000000000033 114.92000000000002 3 37.980000000000011 53.920000000000009 8.3050000000000015
decision_type=2 2 9 2 9 2 2 2 2 9 2 2 2 2 9 2 2 2
left_child=12 -2 4 -4 -3 6 7 -6 14 10 -8 -12 13 17 -9 -5 -17 -1
right_child=1 2 3 15 5 -7 9 8 -10 -11 11 -13 -14 -15 -16 16 -18 -19
leaf_value=-0.025986430272667414 0.039619315260168805 -0.031545072682308675 -0.028004226634735785 0.0038312496531409026 -0.0031592065991964203 -0.050989981031210323 -0.023830372116987089 0.17217226209399963 0.11325395574202132 -0.024291556111783352 0.17238912073375179 0.001587913328790386 -0.056676826911806512 0.034103758238448974 -0.0062390720714383526 0.13009561316486234 0.026463071909917223 0.0063807533827238087
leaf_weight=2725 336 1058 384 8058 27407 468 249 132 161 3013 156 139 442 299 588 111 1593 771
leaf_count=2725 336 1058 384 8058 27407 468 249 132 161 3013 156 139 442 299 588 111 1593 771
internal_value=-7.12624e-05 -3.47734e-05 -4.42382e-05 0.000152635 -0.00010411 -8.56015e-05 -7.2586e-05 -3.56125e-05 0.000675994 -0.000366607 0.000439897 0.0014413 -0.000448903 -0.000354525 0.000255477 0.000190366 0.000574925 -0.000451288
internal_weight=48090 43853 43517 10146 33371 32313 31845 28288 881 3557 544 295 4237 3795 720 9762 1704 3496
internal_count=48090 43853 43517 10146 33371 32313 31845 28288 881 3557 544 295 4237 3795 720 9762 1704 3496
cat_boundaries=0 1 2 3 4
cat_threshold=39131009 267010 524440 557184
is_linear=0
shrinkage=0.023


Tree=163
num_leaves=19
num_cat=9
split_feature=7 1 2 2 7 2 7 4 4 7 1 1 2 2 1 2 7 4
split_gain=3.79028 1.5981 1.13747 1.08669 1.02553 0.833034 0.804888 0.798996 0.658253 0.652337 0.838579 0.694919 0.838808 0.651483 0.716474 0.634642 0.959488 0.703417
threshold=0 1 2708.4056416768913 22.623568090482348 2 1421.9961826752474 3 69.995000000000019 730.93000000000018 4 5 6 2211.6728059599359 545.30265367431014 7 2050.4041081798655 8 99.895000000000024
decision_type=1 9 2 2 1 2 1 2 2 1 9 9 2 2 9 2 1 2
left_child=1 -1 3 6 13 -6 -3 -5 15 10 -9 12 -11 14 -2 16 -7 -18
right_child=4 2 -4 7 5 8 -8 9 -10 11 -12 -13 -14 -15 -16 -17 17 -19
leaf_value=0.18209086243252115 0.01517670722525569 -0.04533290982942715 0.14919598400931761 -0.0015853810103864095 -0.015278399448871249 0.10962165309606289 -0.0057882520254835231 0.0092032087359798509 0.17552882335753242 0.032462851821999844 -0.021186276669232128 -0.0054193203139044207 -0.081818069327543999 -0.015410004828400487 -0.044361550503990523 -0.016464316097719454 0.046894536037774166 -0.034316372005715731
leaf_weight=102 136 699 100 11655 13820 142 1365 5177 68 7448 1199 1788 278 1068 1418 876 343 310
leaf_count=102 136 699 100 11655 13820 142 1365 5177 68 7448 1199 1788 278 1068 1418 876 343 310
internal_value=-7.10246e-05 8.86176e-05 7.82417e-05 6.99878e-05 -0.00033265 -0.00026133 -0.000439004 0.000108131 0.000212911 0.000214219 3.38536e-05 0.000334704 0.000429305 -0.000753205 -0.00105661 0.000122485 0.000592917 0.000197671
internal_weight=47992 29811 29709 29609 18181 15559 2064 27545 1739 15890 6376 9514 7726 2622 1554 1671 795 653
internal_count=47992 29811 29709 29609 18181 15559 2064 27545 1739 15890 6376 9514 7726 2622 1554 1671 795 653
cat_boundaries=0 1 2 3 4 5 6 7 8 9
cat_threshold=924 68 2 260 384 2130560 2641920 128 2048
is_linear=0
shrinkage=0.023


Tree=164
num_leaves=19
num_cat=11
split_feature=7 1 0 0 7 3 1 3 0 3 0 6 7 1 3 1 3 3
split_gain=2.76311 1.9261 1.70744 1.32573 2.5899 0.762461 0.744533 0.750193 0.642291 0.811558 0.700167 0.775684 0.75045 0.877936 0.745379 0.690795 0.637203 0.618949
threshold=0 1 2 3 4 14.095000000000001 5 7.8750000000000009 6 21.075000000000003 7 1.5000000000000002 8 9 29.905000000000005 10 14.105000000000002 59.430000000000007
decision_type=1 9 9 9 1 2 9 2 9 2 9 2 1 9 2 9 2 2
left_child=2 -2 -1 4 -3 -6 7 -5 -9 16 11 12 15 -14 -15 -11 -10 -7
right_child=1 3 -4 6 5 17 -8 8 9 10 -12 -13 13 14 -16 -17 -18 -19
leaf_value=-0.017520931550130261 0.16525631107887639 -0.031999413064887031 0.010357535788115234 -0.022610834633757178 -0.029037011543537505 0.056540647296638026 -0.030026386032683171 -0.094445428815764648 0.0047531951490970984 -0.0045650948816268709 -0.0088268976171174546 -0.059811591334200873 -0.0015326246079872363 0.13019806075592713 0.054921121368162934 0.044029691311433639 -0.010624470176010219 0.15016159468914392
leaf_weight=13998 113 1720 2327 1399 212 4923 803 296 6977 406 1338 206 1711 105 116 1806 9330 304
leaf_count=13998 113 1720 2327 1399 212 4923 803 296 6977 406 1338 206 1711 105 116 1806 9330 304
internal_value=-6.45667e-05 6.04396e-05 -0.000307649 4.92506e-05 0.000324344 0.000570228 -3.12577e-05 -7.76419e-06 2.46594e-05 3.91947e-05 0.000275762 0.000416722 0.000486171 0.000151579 0.00148214 0.00077418 -4.33004e-05 0.000626126
internal_weight=48090 31765 16325 31652 7159 5439 24493 23690 22291 21995 5688 4350 4144 1932 221 2212 16307 5227
internal_count=48090 31765 16325 31652 7159 5439 24493 23690 22291 21995 5688 4350 4144 1932 221 2212 16307 5227
cat_boundaries=0 1 2 3 4 5 6 7 8 9 10 11
cat_threshold=3107 68 114755172 26520101 320 2670744 540672 37749840 848 2113664 49160
is_linear=0
shrinkage=0.023


Tree=165
num_leaves=19
num_cat=3
split_feature=7 2 7 3 3 2 3 3 3 4 3 2 4 7 4 3 3 2
split_gain=2.82396 1.33707 1.04914 1.00227 0.921356 0.815641 0.786281 0.665631 0.639139 1.30133 0.955016 1.46797 0.634364 0.579265 0.577818 0.590288 0.571907 0.559632
threshold=0 73.307966824152189 1 46.545000000000009 7.785000000000001 517.3686356230312 11.735000000000001 33.925000000000004 10.605000000000002 49.910000000000004 8.7250000000000032 93.757345162677424 99.895000000000024 2 11.995000000000003 7.3950000000000014 10.965000000000002 338.41784720901973
decision_type=1 2 1 2 2 2 2 2 2 2 2 2 2 1 2 2 2 2
left_child=4 3 5 14 -1 -3 8 -8 9 -4 11 -11 -13 -9 -2 -16 17 -10
right_child=1 2 6 -5 -6 -7 7 13 16 10 -12 12 -14 -15 15 -17 -18 -19
leaf_value=-0.023332061693603558 0.0062578904031185085 -0.023421344980144001 -0.055859155229820399 0.020038097548488745 0.011857707247288098 -0.0063666524889361038 -0.0079793278276011279 0.025261054003557593 0.134544523999828 0.12136305911374785 -0.026007122234942625 0.030102702776585819 -0.0010336678303840324 -0.0044753917303141707 -0.078243414788991161 -0.027953813444720484 0.0496708516318798 0.0064465138578571821
leaf_weight=657 84 2963 380 66 18320 2957 14826 1381 90 75 223 124 196 1529 251 3782 145 61
leaf_count=657 84 2963 380 66 18320 2957 14826 1381 90 75 223 124 196 1529 251 3782 145 61
internal_value=-6.16714e-05 -0.000203852 -0.00014012 -0.000584455 0.000156626 -0.000407237 -5.67751e-05 -9.67404e-05 0.000490488 0.000211977 0.000863123 0.00154218 0.000861907 0.000221289 -0.000629576 -0.00066892 0.00142867 0.00241833
internal_weight=48110 29133 24950 4183 18977 5920 19030 17736 1294 998 618 395 320 2910 4117 4033 296 151
internal_count=48110 29133 24950 4183 18977 5920 19030 17736 1294 998 618 395 320 2910 4117 4033 296 151
cat_boundaries=0 1 2 3
cat_threshold=652 98 272
is_linear=0
shrinkage=0.023


Tree=166
num_leaves=19
num_cat=3
split_feature=7 2 3 2 7 2 3 4 4 4 3 2 2 3 3 7 2 4
split_gain=2.18655 1.18009 1.05017 1.01064 0.762962 0.814595 0.767903 0.722413 0.616487 0.864346 0.613778 0.95564 0.967226 0.514862 0.510919 0.656569 0.568411 0.494501
threshold=0 596.43709440271607 13.445000000000002 55.379492833299132 1 522.05960707064207 28.895000000000003 11.995000000000003 14.925000000000002 17.995000000000001 7.3950000000000014 93.757345162677424 470.91480201231047 7.3950000000000014 16.075000000000003 2 792.31629820029195 373.12000000000006
decision_type=1 2 2 2 1 2 2 2 2 2 2 2 2 2 2 1 2 2
left_child=3 4 -3 13 5 6 7 -2 -9 -10 11 -5 -13 -1 15 16 -4 -8
right_child=1 2 14 10 -6 -7 17 8 9 -11 -12 12 -14 -15 -16 -17 -18 -19
leaf_value=-0.072016786426647578 0.0061139589238467925 0.042789064357323485 0.067252169303715054 -0.03507950079460561 -0.02129253360297715 -0.047328018068230469 0.021644437524084154 -0.058225521518055531 0.060709850183855565 -0.012410751628912576 0.0058487371172598916 0.076502730631498261 0.020030903746506287 -0.0090034535597928872 -0.0047024043618124197 -0.014080620291820445 0.012382157822200063 0.11377310816156519
leaf_weight=210 88 67 361 68 8463 555 513 114 97 4815 21827 84 70 2851 7023 434 429 124
leaf_count=210 88 67 361 68 8463 555 513 114 97 4815 21827 84 70 2851 7023 434 429 124
internal_value=-8.07982e-05 -0.000242318 -2.32378e-05 6.77536e-05 -0.000365809 -0.000173332 -9.23809e-05 -0.000186187 -0.000222394 -0.000183543 0.000122149 0.00132481 0.00232655 -0.000323826 -4.65738e-05 0.000387021 0.000776036 0.000660525
internal_weight=48193 23083 8314 25110 14769 6306 5751 5114 5026 4912 22049 222 154 3061 8247 1224 790 637
internal_count=48193 23083 8314 25110 14769 6306 5751 5114 5026 4912 22049 222 154 3061 8247 1224 790 637
cat_boundaries=0 1 2 3
cat_threshold=908 1104 3089
is_linear=0
shrinkage=0.023


Tree=167
num_leaves=19
num_cat=7
split_feature=7 3 1 3 3 5 1 7 7 4 7 5 3 3 1 4 4 4
split_gain=2.59813 1.25129 0.834038 1.05972 1.00584 1.23232 1.05619 1.44843 0.7942 0.792959 0.68388 0.666255 0.739188 1.62964 1.12276 1.12967 1.10115 0.953111
threshold=0 9.2750000000000004 1 14.345000000000001 68.485000000000014 1.5000000000000002 2 3 4 1379.5000000000002 5 1.5000000000000002 14.685 14.515000000000002 6 519.30000000000007 269.22500000000008 220.48000000000005
decision_type=1 2 9 2 2 2 9 1 1 2 1 2 2 2 9 2 2 2
left_child=1 -1 3 -2 5 9 7 -6 -5 -4 -7 12 13 -3 16 -16 17 -14
right_child=2 11 4 8 6 10 -8 -9 -10 -11 -12 -13 14 -15 15 -17 -18 -19
leaf_value=-0.016165652026305183 -0.043917375205149746 0.0039487811841534166 -0.012906486617315036 -0.019000997838335199 0.13605100228629582 -0.0095108948767094973 -0.051186422941251496 0.0090722489392921855 0.021071594462535519 0.14592382593616621 -0.053915816300631171 -0.01517601628179471 0.028145970376534379 -0.1203171622497196 -0.034943701450895176 0.16559161165206474 -0.012163096709784098 0.12370109708057252
leaf_weight=1480 511 3940 22439 576 113 836 142 397 2510 79 1444 1864 8489 382 1057 118 1159 381
leaf_count=1480 511 3940 22439 576 113 836 142 397 2510 79 1444 1864 8489 382 1057 118 1159 381
internal_value=-8.09756e-05 0.000129129 -0.000217437 0.000110306 -0.000263785 -0.000287336 0.000627702 0.0011053 0.00027127 -0.000235739 -0.000796853 0.000183838 0.000233166 -2.23502e-05 0.000331732 -0.0003396 0.00041032 0.000497845
internal_weight=47917 18870 29047 3597 25450 24798 652 510 3086 22518 2280 17390 15526 4322 11204 1175 10029 8870
internal_count=47917 18870 29047 3597 25450 24798 652 510 3086 22518 2280 17390 15526 4322 11204 1175 10029 8870
cat_boundaries=0 1 2 3 4 5 6 7
cat_threshold=652 524480 2097168 2064 3072 1344 2146504
is_linear=0
shrinkage=0.023


Tree=168
num_leaves=19
num_cat=2
split_feature=2 0 3 4 3 3 3 2 4 0 2 2 4 3 3 3 3 3
split_gain=1.95661 1.47286 0.890498 0.716602 1.19377 0.535715 0.831151 0.851757 0.770884 0.4762 0.450799 0.926867 0.536144 0.490771 0.513472 0.438832 0.427003 0.449551
threshold=69.231234826339175 0 7.7150000000000007 12.915000000000001 8.6450000000000014 16.465000000000003 16.745000000000001 158.09162631335269 429.17000000000007 1 438.59450006655169 342.28892368611508 249.92500000000004 31.025000000000002 39.015000000000008 16.185000000000006 27.135000000000002 19.975000000000005
decision_type=2 9 2 2 2 2 2 2 2 9 2 2 2 2 2 2 2 2
left_child=2 10 -1 4 -4 15 -7 8 -8 -5 11 12 13 -2 -15 -3 17 -9
right_child=1 5 3 9 -6 6 7 16 -10 -11 -12 -13 -14 14 -16 -17 -18 -19
leaf_value=-0.056522359868567081 0.029845164850691153 -0.0024002249538816155 -0.055967801640566403 -0.015793842029700148 0.048201180384485273 -0.049835269290393759 0.030741342288944103 -0.010690198821960912 -0.12929233576142268 -0.1233260797818883 0.018109469797857502 -0.027295187926703799 -0.024272840448295658 0.25012258225875567 0.10214786747171808 0.034460699756640602 -0.0014712136213388054 -0.024069465560511698
leaf_weight=453 1282 13575 84 5966 68 468 796 4983 89 124 8853 1959 206 61 127 695 4929 3411
leaf_count=453 1282 13575 84 5966 68 468 796 4983 89 124 8853 1959 206 61 127 695 4929 3411
internal_value=-8.6927e-05 -2.79774e-05 -0.000451741 -0.00038025 0.00117856 -0.000118034 -0.000215642 -0.000184218 0.000506653 -0.000419197 0.000180713 -3.4799e-05 0.000362243 0.000516249 0.00161301 -1.77298e-05 -0.000230118 -0.000329894
internal_weight=48129 41434 6695 6242 152 28946 14676 14208 885 6090 12488 3635 1676 1470 188 14270 13323 8394
internal_count=48129 41434 6695 6242 152 28946 14676 14208 885 6090 12488 3635 1676 1470 188 14270 13323 8394
cat_boundaries=0 1 2
cat_threshold=26011698 33948736
is_linear=0
shrinkage=0.023


Tree=169
num_leaves=19
num_cat=9
split_feature=7 0 0 3 7 3 4 0 2 0 7 2 7 7 3 2 3 4
split_gain=2.44167 2.2149 1.8472 1.30041 0.793765 0.80715 0.788129 0.700425 0.61638 0.60241 1.36507 0.626816 0.812912 0.580246 0.562162 0.961161 0.83308 0.558439
threshold=0 1 2 14.785000000000002 3 12.975000000000003 251.95000000000002 4 35.251433531459114 5 6 837.86063702770844 7 8 21.155000000000005 422.64157496000263 36.605000000000011 19.050000000000004
decision_type=1 9 9 2 1 2 2 9 2 9 1 2 1 1 2 2 2 2
left_child=1 3 8 -1 7 -6 -3 -4 13 10 11 12 14 -2 -10 16 -16 -7
right_child=2 6 4 -5 5 17 -8 -9 9 -11 -12 -13 -14 -15 15 -17 -18 -19
leaf_value=-0.034219738244281483 -0.00072122255583012573 0.0001528686336263581 0.074920220994145886 0.065501036212734065 0.048074976943220257 -0.03065024857220925 -0.038522297410375966 -0.037774244749365339 0.0011398081225566623 -0.010693570971414428 -0.066244560708920139 -0.082957711840236412 -0.034463497271780642 -0.036376579186102619 0.1884899077753886 -0.0031619865130373321 0.053979917353476431 0.009367399747790682
leaf_weight=509 627 14202 109 4253 167 183 1636 793 706 15681 1403 500 1042 1940 88 155 71 4067
leaf_count=509 627 14202 109 4253 167 183 1636 793 706 15681 1403 500 1042 1940 88 155 71 4067
internal_value=-0.000109046 8.03479e-05 -0.000250692 0.000514728 0.000134222 0.000261315 -5.05046e-05 -0.000484094 -0.000342881 -0.000299234 -0.000552549 -0.000234273 -5.79963e-05 -0.000678205 0.000401855 0.00121507 0.00247017 0.000200224
internal_weight=48132 20600 27532 4762 5319 4417 15838 902 22213 19646 3965 2562 2062 2567 1020 314 159 4250
internal_count=48132 20600 27532 4762 5319 4417 15838 902 22213 19646 3965 2562 2062 2567 1020 314 159 4250
cat_boundaries=0 1 2 3 4 5 6 7 8 9
cat_threshold=664 22356522 47533637 66 36864 1376769 1285 5 3136
is_linear=0
shrinkage=0.023


Tree=170
num_leaves=19
num_cat=8
split_feature=1 0 1 3 4 4 6 4 3 4 1 0 1 0 3 1 4 4
split_gain=1.02663 0.930264 0.829707 0.658042 0.894468 0.673309 0.613323 0.646302 1.3089 1.35417 0.944246 0.885927 0.875432 0.721053 0.547893 0.531325 0.525712 0.486714
threshold=0 1 2 7.7150000000000007 69.895000000000024 12.915000000000001 1.5000000000000002 139.90500000000003 8.7250000000000032 139.99500000000003 3 4 5 6 20.965000000000003 7 139.02500000000003 449.30500000000006
decision_type=9 9 9 2 2 2 2 2 2 2 9 9 9 9 2 9 2 2
left_child=-1 2 -2 4 -3 -5 7 16 -9 14 13 12 -12 15 -10 -11 -7 -4
right_child=1 3 17 5 -6 6 -8 8 9 10 11 -13 -14 -15 -16 -17 -18 -19
leaf_value=0.10513442324964993 -0.089165252362293335 -0.050806122437935773 0.012288703685174271 0.0066471188349026249 0.015635191707977877 -0.0078730712798254516 -0.041454620046394414 0.11680635228288119 0.037682186028239084 -0.0027496180986226991 -0.014310872766133565 0.019745141522716534 0.017189643673368841 -0.0094113557014537542 0.12218081850662857 -0.084964957652660211 -0.060583522437571112 0.041579059166423515
leaf_weight=105 124 577 5932 589 270 28292 499 109 65 159 4781 4157 723 793 63 343 281 342
leaf_count=105 124 577 5932 589 270 28292 499 109 65 159 4781 4157 723 793 63 343 281 342
internal_value=-7.27162e-05 -7.78796e-05 0.000180174 -0.000117506 -0.000751989 -0.000104377 -0.000115671 -0.000105613 4.25341e-05 1.78446e-05 -9.65716e-06 6.87291e-05 -0.000122629 -0.000590322 0.0023678 -0.00126625 -0.000163647 0.000218133
internal_weight=48204 48099 6398 41701 847 40854 40265 39766 11193 11084 10956 9661 5504 1295 128 502 28573 6274
internal_count=48204 48099 6398 41701 847 40854 40265 39766 11193 11084 10956 9661 5504 1295 128 502 28573 6274
cat_boundaries=0 1 2 3 4 5 6 7 8
cat_threshold=64 8923446 4656 299286 34755208 2113544 17040512 266256
is_linear=0
shrinkage=0.023


Tree=171
num_leaves=19
num_cat=8
split_feature=7 0 0 5 3 5 7 3 7 3 0 3 3 0 3 0 3 3
split_gain=2.3112 2.14382 1.17603 1.06677 0.672318 0.633006 0.538285 0.488728 0.595751 0.768482 0.920697 0.798071 0.53995 0.732777 0.528747 0.494471 0.484081 1.87338
threshold=0 1 2 1.5000000000000002 78.620000000000019 2.5000000000000004 3 14.785000000000002 4 19.975000000000005 5 21.775000000000002 57.870000000000012 6 14.105000000000002 7 10.605000000000002 10.965000000000002
decision_type=1 9 9 2 2 2 1 2 1 2 9 2 2 9 2 9 2 2
left_child=2 5 3 7 -3 16 -5 14 9 15 -11 -12 13 -13 -1 -9 -2 -18
right_child=1 4 -4 6 -6 -7 -8 8 -10 10 11 12 -14 -15 -16 -17 17 -19
leaf_value=0.0050051602001772435 -0.026812964544967881 0.020748076148179216 -0.00021463523480185485 0.01239124067467613 -0.066466603308128772 -0.044127588629983054 -0.064889597215760389 0.06858051927834527 0.01834062645207871 0.14814777103944179 0.16879018803671025 0.082201604583668389 0.11041770776647794 -0.025067455978804446 -0.072122828491195098 0.0035956227369213149 0.093316665851943342 -0.013081611176447377
leaf_weight=794 1848 2171 21662 349 90 349 530 894 3227 124 197 467 90 247 370 1021 130 13416
leaf_count=794 1848 2171 21662 349 90 349 530 894 3227 124 197 467 90 247 370 1021 130 13416
internal_value=-4.10375e-05 -0.000246928 8.26951e-05 0.000315135 0.000414182 -0.000342083 -0.000442097 0.000405142 0.000485526 0.000716341 0.00119577 0.000930262 0.000617741 0.000405757 -2.76586e-05 0.00043833 -0.000320329 -0.000272682
internal_weight=47976 18004 29972 8310 2261 15743 879 7431 6267 3040 1125 1001 804 714 1164 1915 15394 13546
internal_count=47976 18004 29972 8310 2261 15743 879 7431 6267 3040 1125 1001 804 714 1164 1915 15394 13546
cat_boundaries=0 1 2 3 4 5 6 7 8
cat_threshold=924 114758708 76945572 28 148 6148 262304 262144
is_linear=0
shrinkage=0.023


Tree=172
num_leaves=19
num_cat=13
split_feature=5 0 7 7 0 4 1 0 1 0 1 4 7 0 4 7 1 4
split_gain=1.41596 1.21772 1.9297 0.913992 0.854421 0.831321 0.801757 0.763802 0.73715 0.671854 1.03423 0.650441 0.610527 0.530575 0.801968 0.732429 0.863662 0.934272
threshold=1.5000000000000002 0 1 2 3 1198.5000000000002 4 5 6 7 8 83.840000000000018 9 10 115.02000000000002 11 12 469.40000000000003
decision_type=2 9 1 1 9 2 9 9 9 9 9 2 1 9 2 1 9 2
left_child=1 3 6 5 -2 -1 7 -3 -5 -8 -11 -4 -6 15 -15 16 17 -13
right_child=4 2 11 8 12 -7 9 -9 -10 10 -12 13 -14 14 -16 -17 -18 -19
leaf_value=-0.00053747595255919216 -0.030852714698858225 0.043268010307665271 -0.018154256891784657 0.0077015379279424517 0.049107694340467113 0.16800166318967483 0.022232899365253894 -0.0084920877980244128 -0.015343449914970725 0.056012727736403381 0.15411975691142057 0.033495500569206277 -0.024336601150419329 0.059921618871347011 0.0032619176471449509 -0.018651084020326052 -0.02465436590043547 0.19187510575493189
leaf_weight=12204 3828 118 4050 1613 394 79 5233 1744 12515 1103 128 1161 637 348 865 1370 627 90
leaf_count=12204 3828 118 4050 1613 394 79 5233 1744 12515 1103 128 1161 637 348 865 1370 627 90
internal_value=-8.6393e-05 -4.45665e-05 0.000108261 -0.000141981 -0.000458654 3.18007e-06 0.00035702 -6.38819e-05 -0.000268097 0.000478173 0.000961715 -0.000135228 0.000130327 5.61948e-05 0.000464429 -9.74157e-05 0.000197328 0.000545265
internal_weight=48107 43248 16837 26411 4859 12283 8326 1862 14128 6464 1231 8511 1031 4461 1213 3248 1878 1251
internal_count=48107 43248 16837 26411 4859 12283 8326 1862 14128 6464 1231 8511 1031 4461 1213 3248 1878 1251
cat_boundaries=0 1 2 3 4 5 6 7 8 9 10 11 12 13
cat_threshold=106582620 681 2652 34057858 819370 10272 33504 8719617 2097152 2108 338978 276 2621450
is_linear=0
shrinkage=0.023


Tree=173
num_leaves=19
num_cat=7
split_feature=7 1 5 4 5 4 4 7 4 7 1 4 7 1 5 4 5 4
split_gain=2.02793 0.777853 0.710355 0.643052 1.01634 0.660654 0.843526 1.18236 0.60911 0.553479 0.822862 0.548704 0.516184 0.988063 0.520403 0.507265 0.719468 0.574507
threshold=0 1 2.5000000000000004 129.99500000000003 1.5000000000000002 251.95000000000002 349.99500000000006 2 380.23000000000008 3 4 549.05000000000007 5 6 1.5000000000000002 220.48000000000005 1.5000000000000002 229.84000000000003
decision_type=1 9 2 2 2 2 2 1 2 1 9 2 1 9 2 2 2 2
left_child=1 -1 12 4 -3 9 -7 11 -9 10 -5 -8 -2 -14 -15 -11 17 -17
right_child=2 3 -4 5 -6 6 7 8 -10 15 -12 -13 13 14 -16 16 -18 -19
leaf_value=-0.044901724023792486 -0.0047681869152593689 0.0044158458276943842 -0.030085658987627179 -0.045429250261849394 -0.050637605214207564 -0.028243531912636927 0.044574487306244512 0.079841927348600211 -0.0054840610433423585 0.013786958187337717 0.060198079098482841 0.46964731506145441 0.011943880246543789 -0.015439416030262474 -0.040923076842067356 0.17286810497469438 0.16393422820916037 -0.023960100059435187
leaf_weight=714 16248 15113 556 239 1082 1034 72 160 1000 2382 1476 81 684 6189 528 62 72 228
leaf_count=714 16248 15113 556 239 1082 1034 72 160 1000 2382 1476 81 684 6189 528 62 72 228
internal_value=-5.66363e-05 9.45191e-05 -0.000204686 0.000117842 3.90542e-05 0.000305485 -6.85973e-06 0.000380058 0.000117926 0.00046988 0.000793232 0.00221235 -0.00018566 -0.000344789 -0.000429762 0.000263885 0.00106675 0.000554751
internal_weight=47920 23715 24205 23001 16195 6806 2347 1313 1160 4459 1715 153 23649 7401 6717 2744 362 290
internal_count=47920 23715 24205 23001 16195 6806 2347 1313 1160 4459 1715 153 23649 7401 6717 2744 362 290
cat_boundaries=0 1 2 3 4 5 6 7
cat_threshold=668 268818 4 520 32936 1345 49152
is_linear=0
shrinkage=0.023


Tree=174
num_leaves=19
num_cat=7
split_feature=0 1 0 1 4 1 4 0 5 0 4 4 4 4 4 4 4 4
split_gain=1.35534 0.910619 1.23316 0.645893 0.63507 0.78639 0.766213 1.24633 0.600172 0.596022 0.57419 0.565291 0.540145 0.518833 0.560696 0.674524 0.792821 0.611428
threshold=0 1 2 3 122.99500000000002 4 179.05000000000004 5 1.5000000000000002 6 31.910000000000004 26.995000000000001 116.99500000000002 279.24500000000006 75.050000000000011 89.840000000000018 95.780000000000015 12.915000000000001
decision_type=9 9 9 9 2 9 2 9 2 9 2 2 2 2 2 2 2 2
left_child=3 2 -2 10 5 -3 8 -8 -6 12 11 -1 -7 14 17 -16 -17 -5
right_child=1 4 -4 13 6 9 7 -9 -10 -11 -12 -13 -14 -15 15 16 -18 -19
leaf_value=0.0084551839986494182 0.18717602306427358 0.069690263045286013 -0.028838782458693441 0.011577946947867708 0.034066654090939293 -0.0039236824194993167 0.092250768812029205 -0.0040650404633489744 -0.017590994737506513 0.010252722269346497 -4.0917248901190567e-05 0.068263227676497826 -0.052496404487649348 -0.034687746542127772 0.016237980509310659 -0.04519032803474881 -0.0055606732928940202 -0.016660674973960548
leaf_weight=210 113 187 1930 340 2911 9577 348 4435 368 5543 2705 141 524 1509 1374 646 6232 8817
leaf_count=210 113 187 1930 340 2911 9577 348 4435 368 5543 2705 141 524 1509 1374 646 6232 8817
internal_value=-7.68109e-05 3.5812e-05 -0.000429034 -0.00020966 7.57257e-05 -8.86278e-06 0.000241918 5.62586e-05 0.000512713 -2.70348e-05 0.000100514 0.000975741 -0.000132161 -0.000259793 -0.000224462 -8.6959e-05 -0.000179902 -0.00034837
internal_weight=47910 25936 2043 21974 23893 15831 8062 4783 3279 15644 3056 351 10101 18918 17409 8252 6878 9157
internal_count=47910 25936 2043 21974 23893 15831 8062 4783 3279 15644 3056 351 10101 18918 17409 8252 6878 9157
cat_boundaries=0 1 2 3 4 5 6 7
cat_threshold=100729160 301072 1057312 557268 102 18384897 2000416
is_linear=0
shrinkage=0.023


Tree=175
num_leaves=19
num_cat=10
split_feature=1 5 0 0 2 2 4 4 4 1 0 1 0 1 2 0 1 2
split_gain=1.25223 1.09796 1.2447 0.964808 0.918228 0.779053 0.815093 0.890841 0.843854 0.768415 0.661713 0.653693 0.647861 0.526129 0.515497 0.577255 0.446685 0.495204
threshold=0 1.5000000000000002 1 2 2134.9260008375013 434.43605304264145 139.90500000000003 339.98500000000007 13.670000000000002 3 4 5 6 7 1467.7808565443286 8 9 819.59457754571997
decision_type=9 2 9 9 2 2 2 2 2 9 9 9 9 9 2 9 9 2
left_child=4 2 5 -3 -1 6 8 -8 -2 10 -4 12 -5 -7 -13 -16 -12 -18
right_child=1 3 9 11 -6 13 7 -9 -10 -11 16 14 -14 -15 15 -17 17 -19
leaf_value=0.1670114875884737 0.029903287909834226 -0.032710535732583423 -0.038008184869022493 -0.023756987624161327 0.01771985656895202 -0.063769777183622881 0.062644411270785377 -0.047261843204010258 -0.019719613532572716 -0.018002322999806326 -0.0038233307622764193 -0.01548414515202454 0.16961566117142124 0.019336276740012693 -0.031140433357599088 0.067053875955732506 0.0020010847403880067 0.035037433898397363
leaf_weight=63 124 2884 921 110 68 138 839 261 3065 3583 24104 1462 122 7519 133 101 1918 554
leaf_count=63 124 2884 921 110 68 138 839 261 3065 3583 24104 1462 122 7519 133 101 1918 554
internal_value=-6.18048e-05 -6.81619e-05 -3.13256e-05 -0.000397655 0.00210098 0.00016813 -7.98985e-05 0.000459907 -0.000266116 -0.000108009 -6.66412e-05 2.37277e-06 0.00112047 0.000307278 -0.00015637 0.000844505 -4.55053e-05 0.000248326
internal_weight=47969 47838 43026 4812 131 11946 4289 1100 3189 31080 27497 1928 232 7657 1696 234 26576 2472
internal_count=47969 47838 43026 4812 131 11946 4289 1100 3189 31080 27497 1928 232 7657 1696 234 26576 2472
cat_boundaries=0 1 2 3 4 5 6 7 8 9 10
cat_threshold=68 17207472 117738112 2654384 68700169 278536 4325392 4656 8242 2097280
is_linear=0
shrinkage=0.023


Tree=176
num_leaves=19
num_cat=5
split_feature=6 0 1 4 1 3 4 4 3 3 3 4 4 1 0 3 3 4
split_gain=1.19641 0.778308 0.962488 0.793063 0.775561 0.55238 0.625773 1.36074 0.798189 0.753454 0.588634 0.730451 0.675152 0.986063 1.1025 0.977666 0.646321 0.584495
threshold=1.5000000000000002 0 1 31.910000000000004 2 10.605000000000002 31.910000000000004 29.995000000000001 16.465000000000003 14.105000000000002 25.985000000000003 730.93000000000018 129.92000000000004 3 4 39.015000000000008 57.870000000000012 139.99500000000003
decision_type=2 9 9 2 9 2 2 2 2 2 2 2 2 9 9 2 2 2
left_child=1 2 3 -1 -3 17 7 9 -9 -7 11 -8 -12 14 16 -15 -14 -6
right_child=-2 4 -4 -5 5 6 10 8 -10 -11 12 -13 13 15 -16 -17 -18 -19
leaf_value=-0.01061240757948375 -0.056147318193142448 0.10239751476290618 -0.025295956986809028 0.028757134652777461 -0.01549051710953352 0.015857881653902266 -0.006088265950022733 0.088666247805154613 -0.004423842545780635 -0.0069422566837778208 -0.00902529321206956 -0.10456681081157429 -0.090069710970038824 0.026253905575784921 0.02548782053952877 -0.071859888922423842 0.018610869501704923 0.027158748896487978
leaf_weight=794 585 108 1077 4324 4769 1759 23513 162 80 2829 2671 219 206 473 3333 449 103 531
leaf_count=794 585 108 1077 4324 4769 1759 23513 162 80 2829 2671 219 206 473 3333 449 103 531
internal_value=-4.7213e-05 -3.44519e-05 0.000205713 0.00033727 -7.05934e-05 -7.59264e-05 -4.34983e-05 0.00019999 0.00188011 0.000111284 -8.1477e-05 -0.000136844 0.000100135 0.0002701 0.000439568 -0.000399692 -0.000857403 -0.000295083
internal_weight=47985 47400 6195 5118 41205 41097 35797 4830 242 4588 30967 23732 7235 4564 3642 922 309 5300
internal_count=47985 47400 6195 5118 41205 41097 35797 4830 242 4588 30967 23732 7235 4564 3642 922 309 5300
cat_boundaries=0 1 2 3 4 5
cat_threshold=26255635 2146882 68 2883720 606340
is_linear=0
shrinkage=0.023


Tree=177
num_leaves=19
num_cat=15
split_feature=7 0 0 1 7 0 7 7 0 1 4 1 4 4 0 0 7 1
split_gain=2.47861 1.99275 1.94686 0.997786 0.865364 1.34833 1.85633 0.778908 0.994562 1.0202 0.76283 0.802077 1.09149 1.15091 0.936688 0.811587 0.743549 1.12976
threshold=0 1 2 3 4 5 6 7 8 9 499.01000000000005 10 179.90500000000003 57.995000000000012 11 12 13 14
decision_type=1 9 9 9 1 9 1 1 9 9 2 9 2 2 9 9 1 9
left_child=1 3 7 -1 10 -6 -7 8 -2 -10 11 14 13 -13 -4 -15 -3 -18
right_child=2 16 4 -5 5 6 -8 -9 9 -11 -12 12 -14 15 -16 -17 17 -19
leaf_value=0.059369493518897379 0.018136411471131247 0.011593794677705268 -0.042471356961390073 -0.0097124807778188084 -0.013070608687773119 -0.14338779146815495 0.055416326255335567 -0.014198146247324284 0.0096981106612748433 -0.038855744102723376 0.082618385005388054 -0.0026582904611555493 -0.025060734440012073 0.031885552798960118 0.013081571988285664 0.10346516373868808 0.036293541102836058 -0.011933891068380336
leaf_weight=4199 332 7536 452 904 3208 203 818 13463 468 2709 111 176 88 182 1928 122 1186 10139
leaf_count=4199 332 7536 452 904 3208 203 818 13463 468 2709 111 176 88 182 1928 122 1186 10139
internal_value=-6.17164e-05 0.000104186 -0.000225544 0.00050694 8.88704e-05 -0.000124245 0.000599968 -0.000360531 -0.000665972 -0.000791631 0.000382931 0.000313612 0.00108194 0.00153263 0.000125093 0.00238906 -4.99758e-06 -0.00012276
internal_weight=48224 23964 24260 5103 7288 4229 1021 16972 3509 3177 3059 2948 568 480 2380 304 18861 11325
internal_count=48224 23964 24260 5103 7288 4229 1021 16972 3509 3177 3059 2948 568 480 2380 304 18861 11325
cat_boundaries=0 1 2 3 4 5 6 7 8 9 10 11 12 13 14 15
cat_threshold=668 4526124 106371117 2641960 352 8422848 2 34 5242880 16514 2641944 16802320 8389888 520 819272
is_linear=0
shrinkage=0.023


Tree=178
num_leaves=19
num_cat=9
split_feature=7 1 7 1 7 4 4 4 1 4 4 4 1 4 1 7 4 4
split_gain=2.38473 0.911057 0.750145 0.732914 0.760821 0.751368 0.72189 0.694529 0.693261 1.45868 0.673468 0.67453 0.659126 0.654158 0.614969 0.57126 0.517847 0.767654
threshold=0 1 2 3 4 31.910000000000004 380.23000000000008 289.92000000000002 5 26.995000000000001 69.895000000000024 40.940000000000005 6 1198.5000000000002 7 8 22.995000000000001 44.910000000000004
decision_type=1 9 1 9 1 2 2 2 9 2 2 2 9 2 9 1 2 2
left_child=3 -2 10 7 6 8 16 15 9 -6 11 -3 -13 14 -4 -1 -5 -18
right_child=1 2 13 4 5 -7 -8 -9 -10 -11 -12 12 -14 -15 -16 -17 17 -19
leaf_value=-0.0054874997993385544 0.10164468556616819 -0.0040461471154245258 -0.002421247642994168 -0.080093815982339056 -0.12583177734862505 -0.035516112351678356 0.11552348098625856 -0.017822140190341455 -0.047971475092083389 0.14733929162018067 -0.0017665070484554619 0.0097809856900963037 -0.029401773482823496 0.13283158090430103 -0.019626881517199234 0.019500457638295846 0.07909242677134512 -0.0032343560186737256
leaf_weight=2547 115 4313 2017 111 71 2070 163 1123 140 65 11400 500 2898 81 7883 10894 262 1503
leaf_count=2547 115 4313 2017 111 71 2070 163 1123 140 65 11400 500 2898 81 7883 10894 262 1503
internal_value=-8.43469e-05 -0.000214672 -0.000223028 0.000116581 -0.000143907 -0.000425597 0.000180702 0.000195056 0.000699442 0.00179319 -0.000138449 -0.000304531 -0.000546875 -0.000384668 -0.000401911 0.000241101 5.39377e-05 0.000149839
internal_weight=48156 29207 29092 18949 4385 2346 2039 14564 276 136 19111 7711 3398 9981 9900 13441 1876 1765
internal_count=48156 29207 29092 18949 4385 2346 2039 14564 276 136 19111 7711 3398 9981 9900 13441 1876 1765
cat_boundaries=0 1 2 3 4 5 6 7 8 9
cat_threshold=652 324 2321 2134136 12 128 557192 541344 4
is_linear=0
shrinkage=0.023


Tree=179
num_leaves=19
num_cat=11
split_feature=7 0 0 0 1 0 3 3 2 7 7 3 3 7 0 3 0 3
split_gain=2.48007 1.82427 1.73064 0.809512 0.76119 0.766561 0.729151 0.8249 1.07995 0.794803 0.675646 0.732911 0.669084 0.963763 1.63604 0.841513 1.26683 0.656926
threshold=0 1 2 3 4 5 37.980000000000011 45.185000000000009 513.44122093783426 6 7 74.685000000000016 12.975000000000003 8 9 18.175000000000004 10 16.115000000000006
decision_type=1 9 9 9 9 9 2 2 2 1 1 2 2 1 9 2 9 2
left_child=2 3 4 -2 6 -6 12 8 -8 -9 11 -4 -1 15 17 -14 -17 -15
right_child=1 -3 10 -5 5 -7 7 9 -10 -11 -12 -13 13 14 -16 16 -18 -19
leaf_value=0.039707689787266617 0.17643310810761789 -0.015407784059889702 0.0028765422818298452 0.0065663767189154927 0.12133058927191165 -0.012322013341981743 -0.020657012622061564 0.080557820643047562 0.17130604850005532 -0.0014483089916290249 -0.013674517185316698 0.13795714631554387 -0.048829932310305836 0.022879006460082115 0.0031512717131205979 0.03523106451243424 -0.044596805799457864 0.075059188835770993
leaf_weight=320 152 16323 4809 1686 104 2525 96 341 212 585 10713 80 769 1210 4594 529 484 2353
leaf_count=320 152 16323 4809 1686 104 2525 96 341 212 585 10713 80 769 1210 4594 529 484 2353
internal_value=-7.32486e-05 -0.000284918 5.6157e-05 0.000400709 0.000240542 -0.00011242 0.000321309 0.000849767 0.00188047 0.000506575 -0.000110786 0.00011314 0.000258041 0.000224695 0.000330332 -0.000259232 0.000174789 0.000699676
internal_weight=47885 18161 29724 1838 14122 2629 11493 1234 308 926 15602 4889 10259 9939 8157 1782 1013 3563
internal_count=47885 18161 29724 1838 14122 2629 11493 1234 308 926 15602 4889 10259 9939 8157 1782 1013 3563
cat_boundaries=0 1 2 3 4 5 6 7 8 9 10 11
cat_threshold=924 84457795 29832252 16777218 2637924 4132 144 520 256 21303296 8586256
is_linear=0
shrinkage=0.023


Tree=180
num_leaves=19
num_cat=5
split_feature=7 3 3 7 3 4 5 6 3 4 3 7 3 3 7 3 3 7
split_gain=1.95075 1.13535 0.714033 0.675291 0.904951 0.937006 0.657909 0.53532 0.51415 1.07885 0.733836 0.852974 0.626812 0.917826 0.617914 0.507434 0.804327 0.498818
threshold=0 37.980000000000011 1.0000000180025095e-35 1 11.815000000000003 519.30000000000007 1.5000000000000002 1.5000000000000002 8.6450000000000014 34.895000000000003 1.0000000180025095e-35 2 10.965000000000002 10.605000000000002 3 14.515000000000002 14.525 4
decision_type=1 2 2 1 2 2 2 2 2 2 2 1 2 2 1 2 2 1
left_child=1 2 -1 -4 -5 -6 8 -3 10 12 -2 -12 13 -10 -14 -16 -17 -11
right_child=6 7 3 4 5 -7 -8 -9 9 17 11 -13 14 -15 15 16 -18 -19
leaf_value=0.068251077971036953 0.023714081192080027 0.031797161852409002 -0.0082008379178786592 -0.012390156679795305 0.013872411778367181 -0.052408795732504058 -0.028220276035186023 -0.025668333519692142 0.020346000064613505 -0.0034199124354403984 0.015071262696642348 -0.046564551404085774 0.014125258485854834 0.095617269945359518 -0.027466471524975174 0.12824597905470014 -0.0061168827970874331 -0.014202520034046975
leaf_weight=110 88 2867 9740 2469 14292 340 1790 155 146 6114 264 754 870 80 332 79 807 6931
leaf_count=110 88 2867 9740 2469 14292 340 1790 155 146 6114 264 754 870 80 332 79 807 6931
internal_value=-3.61495e-05 7.80131e-05 3.06363e-05 2.30498e-05 0.000110085 0.000178879 -0.000223513 0.000500757 -0.000178103 -0.000143608 -0.000657013 -0.000831255 0.000314058 0.00146406 0.000189443 -0.000146066 0.000140145 -0.000224796
internal_weight=48228 29973 26951 26841 17101 14632 18255 3022 16465 15359 1106 1018 2314 226 2088 1218 886 13045
internal_count=48228 29973 26951 26841 17101 14632 18255 3022 16465 15359 1106 1018 2314 226 2088 1218 886 13045
cat_boundaries=0 1 2 3 4 5
cat_threshold=924 272 2080 2114 1025
is_linear=0
shrinkage=0.023


Tree=181
num_leaves=19
num_cat=8
split_feature=5 3 3 2 1 1 0 3 3 3 0 1 3 3 0 1 0 2
split_gain=1.49154 0.954836 0.870997 1.19515 0.89484 0.832338 0.818989 1.38231 1.58274 0.571256 1.05162 0.530932 0.665068 0.574812 0.69638 0.511589 0.5095 1.10509
threshold=1.5000000000000002 16.745000000000001 10.605000000000002 297.05995327865264 0 1 2 24.845000000000002 36.32500000000001 78.620000000000019 3 4 42.835000000000008 66.285000000000011 5 6 7 1902.4841271627406
decision_type=2 2 2 2 9 9 9 2 2 2 9 9 2 2 9 9 9 2
left_child=2 -2 3 15 6 -6 -4 -8 -9 16 -11 12 -3 -13 -15 -1 17 -7
right_child=1 11 4 -5 5 9 7 8 -10 10 -12 13 -14 14 -16 -17 -18 -19
leaf_value=0.0042024732609182358 -0.086414158739798033 0.032501529311928658 -0.02971520589500273 0.027110466340736272 0.086583726320701937 -0.11536975919504 -0.055691722235484638 0.15953341985261138 -0.016637014396548567 0.17856174571820072 0.0017935532480568806 -0.029167886752562981 -0.019979270066661288 0.035339598866794532 -0.059459809039871934 -0.01500622554554425 0.0014118142735315183 0.16775097761389496
leaf_weight=182 300 367 1043 235 115 68 371 134 139 109 325 3495 195 307 264 4873 35548 103
leaf_count=182 300 367 1043 235 115 68 371 134 139 109 325 3495 195 307 264 4873 35548 103
internal_value=-4.93205e-05 -0.000428431 -6.11683e-06 -0.000282597 3.24192e-05 5.65513e-05 -0.000483792 0.000161719 0.00140583 5.00531e-05 0.000879277 -0.000346873 0.000313515 -0.000437857 0.000237561 -0.000357156 3.99863e-05 0.00125648
internal_weight=48173 4928 43245 5290 37955 36268 1687 644 273 36153 434 4628 562 4066 571 5055 35719 171
internal_count=48173 4928 43245 5290 37955 36268 1687 644 273 36153 434 4628 562 4066 571 5055 35719 171
cat_boundaries=0 1 2 3 4 5 6 7 8
cat_threshold=269066 65600 46142594 4236288 278570 34231344 540808 2
is_linear=0
shrinkage=0.023


Tree=182
num_leaves=19
num_cat=8
split_feature=0 4 6 1 1 0 4 0 4 4 4 4 1 4 4 4 0 1
split_gain=0.562746 0.740722 0.683185 0.634489 0.577245 0.684348 0.576695 0.538011 0.768979 1.7696 0.71632 0.573241 0.56271 0.491599 0.582735 0.473525 0.455176 0.428406
threshold=0 1379.5000000000002 1.5000000000000002 1 2 3 16.995000000000001 4 33.940000000000005 29.995000000000001 40.940000000000005 30.985000000000003 5 79.895000000000024 86.995000000000019 158.05000000000004 6 7
decision_type=9 2 2 9 9 9 2 9 2 2 2 2 9 2 2 2 9 9
left_child=1 2 3 13 7 15 -5 8 9 17 -9 -11 -10 -1 -15 -6 -13 -2
right_child=4 -3 -4 6 5 -7 -8 10 12 11 -12 16 -14 14 -16 -17 -18 -19
leaf_value=-0.012555999871803706 0.0084098588321443561 0.14116477572932201 -0.059860697452172935 0.099998243508928997 -0.026180566299863581 -0.031072370979297374 0.0055169494884040838 -0.01447871944423502 0.0673044082275564 0.1802573667512018 0.024738651748871184 0.0370918359498549 -0.0031452903811258863 0.028275843603231699 -0.0049869020624303245 0.083132298589924714 0.12159810461781534 -0.035661385869575249
leaf_weight=9783 2665 78 298 71 264 1094 3304 676 133 67 2633 109 16709 744 8630 163 141 285
leaf_count=9783 2665 78 298 71 264 1094 3304 676 133 67 2633 109 16709 744 8630 163 141 285
internal_value=-3.49472e-05 -0.000117217 -0.000124923 -0.000110447 4.0654e-05 -0.000392041 0.000180047 6.89163e-05 2.41207e-05 0.000347053 0.00034023 0.00197938 -3.85109e-05 -0.000161636 -4.26921e-05 0.000384017 0.00147071 0.000171512
internal_weight=47847 22908 22830 22532 24939 1521 3375 23418 20109 3267 3309 317 16842 19157 9374 427 250 2950
internal_count=47847 22908 22830 22532 24939 1521 3375 23418 20109 3267 3309 317 16842 19157 9374 427 250 2950
cat_boundaries=0 1 2 3 4 5 6 7 8
cat_threshold=100745301 2380072 2408680 1343488 14066816 96 4456576 2146312
is_linear=0
shrinkage=0.023


Tree=183
num_leaves=19
num_cat=15
split_feature=7 0 0 1 7 7 0 5 5 1 5 1 0 1 0 7 1 7
split_gain=2.20343 1.99928 1.16033 1.28998 1.87575 1.02901 1.15043 0.882411 0.799246 0.592244 0.571864 0.570321 0.6849 0.563486 0.537792 0.513485 0.509079 0.487092
threshold=0 1 2 3 4 5 6 1.5000000000000002 2.5000000000000004 7 1.5000000000000002 8 9 10 11 12 13 14
decision_type=1 9 9 9 1 1 9 2 2 9 2 9 9 9 9 1 9 1
left_child=1 7 3 4 -2 6 -5 13 -9 14 11 -7 -13 -1 -3 -6 -4 -18
right_child=2 9 16 5 15 10 -8 8 -10 -11 -12 12 -14 -15 -16 -17 17 -19
leaf_value=0.077710112301082213 -0.067257479149030977 -0.027064467721274271 -0.025927522609035695 0.0080845755565266374 0.075105360192787879 -0.0068215010853280725 -0.030411803158157499 -0.06751564491844636 0.13718843857720572 -0.019087610377222175 -0.02910359391786746 -0.061670852903081448 -0.011757081515311539 -0.0072477982559624081 0.0066265242917248205 0.035124181590571263 0.008140996870280753 -0.0059954562970776955
leaf_weight=3517 293 890 348 583 254 9928 3759 392 113 3363 1281 613 968 396 11691 870 4180 4512
leaf_count=3517 293 890 348 583 254 9928 3759 392 113 3363 1281 613 968 396 11691 870 4180 4512
internal_value=-5.18512e-05 0.000129607 -0.000185756 -0.000289867 0.000375485 -0.00034509 -0.000651071 0.000561986 -0.000341436 9.51418e-06 -0.000240778 -0.000189649 -0.000594073 0.000680028 8.20169e-05 0.000803018 2.79546e-05 6.29029e-05
internal_weight=47951 20362 27589 18549 1417 17132 4342 4418 505 15944 12790 11509 1581 3913 12581 1124 9040 8692
internal_count=47951 20362 27589 18549 1417 17132 4342 4418 505 15944 12790 11509 1581 3913 12581 1124 9040 8692
cat_boundaries=0 1 2 3 4 5 6 7 8 9 10 11 12 13 14 15
cat_threshold=664 75835944 106242733 704 3072 98 4194432 2654288 2883608 4522112 2637960 540999 96 266800 1376
is_linear=0
shrinkage=0.023


Tree=184
num_leaves=19
num_cat=7
split_feature=5 1 3 0 0 3 2 2 0 3 3 0 1 2 1 2 3 2
split_gain=0.915004 1.16502 1.3897 1.93715 1.10633 0.713318 0.706225 1.20024 1.18678 0.562642 0.729635 0.546034 0.739142 0.644634 0.50686 0.942596 0.622326 1.15972
threshold=1.5000000000000002 0 18.235000000000003 1 2 19.875000000000004 610.61726476764773 636.13646193882744 3 24.645000000000003 32.225000000000001 4 5 960.21347493997598 6 438.59450006655169 84.070000000000007 934.14266348463354
decision_type=2 9 2 9 9 2 2 2 9 2 2 9 9 2 9 2 2 2
left_child=1 4 6 14 9 -2 -3 8 -8 -1 -11 -9 -13 -14 15 -4 -16 -18
right_child=5 2 3 -5 -6 -7 7 11 -10 10 -12 12 13 -15 16 -17 17 -19
leaf_value=-0.047800353444065552 -0.067688991856952055 -0.0094431533422787203 -0.066646287368156074 -0.01001154167380602 -0.042568289491816146 -0.0153792893663167 0.14105431778018326 0.016909865780071465 0.015114880103354329 0.15469903963584389 0.022140296553980972 -0.019499297585473165 0.010465375063619829 0.083382715278107394 0.025612840002461411 0.013983171262394588 0.11847978440429897 -0.095066157300548154
leaf_weight=217 503 22382 255 4820 1147 4319 109 2375 207 66 110 2697 485 163 7171 892 125 62
leaf_count=217 503 22382 255 4820 1147 4319 109 2375 207 66 110 2697 485 163 7171 892 125 62
internal_value=-8.19979e-05 -4.85159e-05 -2.55052e-05 0.000168289 -0.000667648 -0.000382521 -0.000116384 0.000104403 0.00148378 0.000382173 0.00135739 2.81452e-05 -0.000161093 0.000531129 0.000376795 -7.35389e-05 0.000447 0.00175676
internal_weight=48105 43283 41743 13325 1540 4822 28418 6036 316 393 176 5720 3345 648 8505 1147 7358 187
internal_count=48105 43283 41743 13325 1540 4822 28418 6036 316 393 176 5720 3345 648 8505 1147 7358 187
cat_boundaries=0 1 2 3 4 5 6 7
cat_threshold=269090 51130002 454688 41943040 46272544 2097288 16404
is_linear=0
shrinkage=0.023


Tree=185
num_leaves=19
num_cat=0
split_feature=6 4 2 2 3 5 5 3 3 4 4 2 2 2 4 4 2 4
split_gain=1.00005 0.680871 0.881441 0.859988 0.565064 0.923191 0.549739 0.644803 0.527739 0.503446 1.72937 0.821559 0.665284 0.577537 0.448802 0.428079 0.387978 0.387276
threshold=1.5000000000000002 19.920000000000005 1130.0683062939208 55.379492833299132 53.320000000000007 1.5000000000000002 2.5000000000000004 21.245000000000005 63.210000000000008 598.99500000000012 469.40000000000003 426.31449396009759 82.334251080390118 1849.8037329334722 21.025000000000002 399.10000000000008 704.36879355261283 179.99500000000003
decision_type=2 2 2 2 2 2 2 2 2 2 2 2 2 2 2 2 2 2
left_child=1 2 -1 4 5 -3 7 14 -8 10 12 -12 -9 -13 -5 -16 -2 -10
right_child=16 3 -4 6 -6 -7 8 9 17 -11 11 13 -14 -15 15 -17 -18 -19
leaf_value=0.011818752573976517 -0.06865026090210781 -0.011098813464016893 -0.029175493402971382 -0.041402944077570392 0.020151725477551456 -0.063967027294481241 -0.049218404122088777 0.049527638128041111 -0.053478581702554755 -0.019589887999602658 -0.0021006512098439398 0.23286414810694203 0.0033892912195713091 0.02415167681484286 -0.0044372639723163337 -0.050584902217278585 -0.0099947290228010553 0.0097724001613240189
leaf_weight=2657 439 4739 331 284 61 465 473 117 102 892 91 165 10821 62 25387 504 163 263
leaf_count=2657 439 4739 331 284 61 465 473 117 102 892 91 165 10821 62 25387 504 163 263
internal_value=-6.92646e-05 -5.74348e-05 0.000278627 -8.00389e-05 -0.000356016 -0.000381845 -4.29333e-05 -3.01885e-05 -0.000625612 0.000108295 0.000149979 0.00182138 0.00010135 0.00256095 -9.44601e-05 -8.44809e-05 -0.00100063 3.14873e-05
internal_weight=48016 47414 2988 44426 5265 5204 39161 38323 838 12148 11256 318 10938 227 26175 25891 602 365
internal_count=48016 47414 2988 44426 5265 5204 39161 38323 838 12148 11256 318 10938 227 26175 25891 602 365
is_linear=0
shrinkage=0.023


Tree=186
num_leaves=19
num_cat=12
split_feature=7 0 1 0 3 0 7 1 3 3 7 1 3 3 3 0 1 1
split_gain=1.0292 2.30612 1.91163 1.70638 1.04439 1.00037 0.823175 0.821638 0.594637 0.553502 0.58658 0.547756 0.540468 0.553178 1.23818 0.615489 0.537333 0.527342
threshold=0 1 2 3 23.285000000000004 4 5 6 47.565000000000005 39.015000000000008 7 8 17.195000000000004 21.155000000000005 21.615000000000006 9 10 11
decision_type=1 9 9 9 2 9 1 9 2 2 1 9 2 2 2 9 9 9
left_child=1 2 4 -2 -1 7 -6 -5 -8 16 -11 -12 -4 15 -15 -14 -7 -3
right_child=3 17 12 5 6 9 8 -9 -10 10 11 -13 13 14 -16 -17 -18 -19
leaf_value=-0.03649628701592636 0.0084306946292886341 -0.07506897504524547 0.089725758527497243 0.014106067951326703 0.10387962166870979 -0.034226073314053751 -0.10931452769352436 -0.043399687813222482 0.069088908800794949 0.033591589556799403 0.011474643580700085 -0.032460090809208995 0.14565283746155208 0.26020153731919815 0.041605794065421135 -0.015480977145990881 -0.0088862451808879497 -0.003373269010348923
leaf_weight=547 4083 131 1364 507 143 503 153 3671 70 486 380 215 203 68 1727 782 13594 19535
leaf_count=547 4083 131 1364 507 143 503 153 3671 70 486 380 215 203 68 1727 782 13594 19535
internal_value=-7.22065e-05 3.13379e-05 0.000468876 -0.000181358 -0.000480818 -0.000271494 0.000464747 -0.000586503 -0.000424064 -0.000184446 0.000316956 -0.000171013 0.000678779 0.000496363 0.000736678 5.83621e-05 -0.00022303 -8.13576e-05
internal_weight=48162 24723 5057 23439 913 19356 366 4178 223 15178 1081 595 4144 2780 1795 985 14097 19666
internal_count=48162 24723 5057 23439 913 19356 366 4178 223 15178 1081 595 4144 2780 1795 985 14097 19666
cat_boundaries=0 1 2 3 4 5 6 7 8 9 10 11 12
cat_threshold=653 799395 295590 8552903 1337896 5 262816 2368 2621440 160 266778 4612
is_linear=0
shrinkage=0.023


Tree=187
num_leaves=19
num_cat=11
split_feature=7 1 0 0 7 1 0 0 7 1 3 3 0 4 3 4 3 4
split_gain=1.51444 1.69039 1.90278 1.32777 1.35284 0.91056 0.871027 0.806915 1.26635 0.914085 0.692569 1.06089 0.784925 0.692152 1.05044 0.680691 0.92124 0.65425
threshold=0 1 2 3 4 5 6 7 8 9 15.795000000000002 17.065000000000001 10 119.82000000000002 8.3050000000000015 69.895000000000024 39.015000000000008 179.05000000000004
decision_type=1 9 9 9 1 9 9 9 1 9 2 2 9 2 2 2 2 2
left_child=1 2 10 4 17 -5 -4 8 9 -7 -1 -12 15 -10 -15 -13 -17 -2
right_child=3 -3 6 5 -6 7 -8 -9 13 -11 11 12 -14 14 -16 16 -18 -19
leaf_value=0.048490136573194592 0.12321295458328071 -0.048900918446708144 0.010480775615366389 -0.056485101097394248 0.00097955986899636452 0.018553045112362398 -0.06857041337520281 0.00034619853803415985 -0.013469652361033329 -0.029243407793438127 0.17552172403648844 -0.050810166531635191 0.10659244611710217 0.12909501794073769 0.00044828905105042955 0.11433148415881145 -0.099508675797320409 -0.0011284952699946638
leaf_weight=699 390 1136 5605 308 922 355 474 15245 12374 2381 348 213 400 104 6250 562 189 125
leaf_count=699 390 1136 5605 308 922 355 474 15245 12374 2381 348 213 400 104 6250 562 189 125
internal_value=-4.20969e-05 0.000215769 0.000327403 -0.000106676 0.000576899 -0.000133365 0.000109915 -0.000122707 -0.000213568 -0.000675038 0.000872989 0.00112567 0.000836228 -0.00014582 4.92266e-05 0.000462729 0.000792976 0.00151079
internal_weight=48080 9626 8490 38454 1437 37017 6079 36709 21464 2736 2411 1712 1364 18728 6354 964 751 515
internal_count=48080 9626 8490 38454 1437 37017 6079 36709 21464 2736 2411 1712 1364 18728 6354 964 751 515
cat_boundaries=0 1 2 3 4 5 6 7 8 9 10 11
cat_threshold=520 2117776 79991552 30726 2177 71952 50465904 102040073 34 295074 4489216
is_linear=0
shrinkage=0.023


Tree=188
num_leaves=19
num_cat=17
split_feature=7 0 0 1 1 1 0 5 1 1 0 7 7 0 1 7 7 0
split_gain=1.92116 1.22905 1.13325 1.0033 0.744809 0.605874 0.604296 0.590922 0.580314 0.512229 0.758363 0.507852 0.49847 0.836122 0.599366 0.874142 0.494442 1.11841
threshold=0 1 2 3 4 5 6 3.5000000000000004 7 8 9 10 11 12 13 14 15 16
decision_type=1 9 9 9 9 9 9 2 9 9 9 1 1 9 9 1 1 9
left_child=1 3 4 7 -2 6 -3 16 -8 -4 -11 -7 13 -10 15 -14 17 -1
right_child=2 5 9 -5 -6 11 8 -9 12 10 -12 -13 14 -15 -16 -17 -18 -19
leaf_value=0.086286608365098633 -0.016277155579361713 -0.072390075022828237 0.0043027297811599387 -0.080842982132447991 0.00035679635644769877 -0.0012425410129444439 0.064390627750932225 -0.061720230485724718 0.045557354342213439 -0.083809127049415649 0.012426557368398429 -0.047394051594968678 0.11974398831151313 0.003553972116064525 -0.0068841649614235934 -0.016568100059151644 0.012473731391245069 0.010936450790563573
leaf_weight=2527 13008 182 5959 310 3775 1311 149 100 1153 216 176 929 247 3705 7912 149 3767 2662
leaf_count=2527 13008 182 5959 310 3775 1311 149 100 1153 216 176 929 247 3705 7912 149 3767 2662
internal_value=-1.32082e-05 0.000126112 -0.00016437 0.000334591 -0.000263375 1.8982e-06 6.0108e-05 0.000379011 7.85347e-05 9.72607e-05 -0.000697629 -0.000347522 6.17926e-05 0.000246619 -4.64528e-05 0.000815321 0.000399074 0.000544562
internal_weight=48237 25103 23134 9366 16783 15737 13497 9056 13315 6351 392 2240 13166 4858 8308 396 8956 5189
internal_count=48237 25103 23134 9366 16783 15737 13497 9056 13315 6351 392 2240 13166 4858 8308 396 8956 5189
cat_boundaries=0 1 2 3 4 5 6 7 8 9 10 11 12 13 14 15 16 17
cat_threshold=908 68623888 118818360 2932928 2134594 2134264 16386 4176 2900610 8552768 268 520 29360480 32800 132 140 67377168
is_linear=0
shrinkage=0.023


Tree=189
num_leaves=19
num_cat=14
split_feature=7 0 0 2 1 7 0 0 7 0 7 2 2 1 7 0 2 1
split_gain=2.50057 2.27713 1.22894 1.20998 1.11631 1.09717 1.05616 0.993621 0.949173 0.846568 0.802349 0.790094 0.921589 0.716127 0.686316 0.947234 0.811293 0.653386
threshold=0 1 2 388.79686210529559 3 4 5 6 7 8 9 934.14266348463354 1027.0785781349978 10 11 12 1519.3943877340305 13
decision_type=1 9 9 2 9 1 9 9 1 9 1 2 2 9 1 9 2 9
left_child=1 8 3 4 10 6 17 -7 9 -1 -2 -3 -13 -9 16 -16 -14 -5
right_child=2 11 -4 5 -6 7 -8 13 -10 -11 -12 12 14 -15 15 -17 -18 -19
leaf_value=-0.0051259871553413616 0.044807756916285663 -0.0061719677495517752 -0.0033862007831360406 0.024252652777379587 -0.049865397490736783 0.02397084910467907 0.097294805012999974 -0.01582494982024087 -0.035439025965782141 -0.062762235670380973 -0.015628269188823526 0.094910274067186121 -0.015067840342448855 0.039111660500406112 0.056560804991085192 -0.067138940692599694 0.13389969928905993 -0.084097222690451071
leaf_weight=2324 704 2430 27097 1066 549 1111 2697 1984 3239 951 2346 175 174 368 101 274 224 266
leaf_count=2324 704 2430 27097 1066 549 1111 2697 1984 3239 951 2346 175 174 368 101 274 224 266
internal_value=-6.26667e-05 -0.000388358 2.17963e-05 0.000225623 -0.000120777 0.000392326 0.000649704 9.07222e-05 -0.000639495 -0.000360555 5.26101e-05 9.63922e-05 0.000659762 -0.000177207 0.000318279 -0.00038809 0.000969085 0.000116523
internal_weight=48080 9892 38188 11091 3599 7492 4029 3463 6514 3275 3050 3378 948 2352 773 375 398 1332
internal_count=48080 9892 38188 11091 3599 7492 4029 3463 6514 3275 3050 3378 948 2352 773 375 398 1332
cat_boundaries=0 1 2 3 4 5 6 7 8 9 10 11 12 13 14
cat_threshold=1122 102195248 9920564 2113664 664 147472 131088 1088 33693728 20 2375722 34 17302080 2916352
is_linear=0
shrinkage=0.023


Tree=190
num_leaves=19
num_cat=6
split_feature=1 0 0 2 4 1 2 3 4 2 0 4 0 3 4 4 2 2
split_gain=0.799866 0.86803 0.755858 0.997239 2.04055 1.3384 0.916066 0.80958 0.679046 0.638837 0.956709 0.8144 0.678266 0.671525 0.941696 0.613048 0.582393 0.588841
threshold=0 1 2 287.89864838513375 31.910000000000004 3 2553.3564811473275 12.225000000000003 1379.5000000000002 849.84417946220049 4 499.01000000000005 5 25.985000000000003 42.035000000000004 116.99500000000002 911.24501102037686 1002.2101072277674
decision_type=9 9 9 2 2 9 2 2 2 2 9 2 9 2 2 2 2 2
left_child=1 -1 8 4 -4 -6 7 -5 -2 12 13 -12 -9 14 16 -7 -11 -18
right_child=2 -3 3 6 5 15 -8 9 -10 10 11 -13 -14 -15 -16 -17 17 -19
leaf_value=0.036936160456719574 -0.0046917418746691975 -0.027680370788906974 0.11522865722226804 0.054302337939315534 -0.040716655023258698 0.012087646196043588 0.15259905318838468 -0.04320212326075084 0.12592730774922484 -0.075453982356225746 -0.0026228863191311053 0.057816194215825741 -0.0011433092942892181 -0.0048219192950802875 0.08065215725769935 0.10496232173872101 0.12206830593583935 -0.0084387775513026977
leaf_weight=218 31250 1571 206 148 488 289 88 1142 123 97 3789 196 6622 573 927 248 91 172
leaf_count=218 31250 1571 206 148 488 289 88 1142 123 97 3789 196 6622 573 927 248 91 172
internal_value=-3.42348e-05 -0.000510055 -1.57929e-05 0.000118001 0.000745358 0.000325295 6.22953e-05 4.73128e-05 -8.01039e-05 2.8899e-05 0.000210513 8.63477e-06 -0.000107829 0.000639496 0.000934494 0.0011054 -6.38504e-05 0.000498062
internal_weight=48238 1789 46449 15076 1231 1025 13845 13757 31373 13609 5845 3985 7764 1860 1287 537 360 263
internal_count=48238 1789 46449 15076 1231 1025 13845 13757 31373 13609 5845 3985 7764 1860 1287 537 360 263
cat_boundaries=0 1 2 3 4 5 6
cat_threshold=268594 213600 35099309 589952 79691778 4194304
is_linear=0
shrinkage=0.023


Tree=191
num_leaves=19
num_cat=12
split_feature=7 0 7 7 0 2 2 1 1 0 2 0 1 2 2 1 2 0
split_gain=1.59722 1.32313 1.95958 1.49273 1.16058 0.890579 0.846747 1.60376 1.24941 0.835986 0.771421 0.717172 0.648269 0.635833 0.603472 0.823711 1.38094 0.652582
threshold=0 1 2 3 4 272.80793821235932 338.41784720901973 5 6 7 1363.9742804512298 8 9 819.59457754571997 322.77979240254814 10 438.59450006655169 11
decision_type=1 9 1 1 9 2 2 9 9 9 2 9 9 2 2 9 2 9
left_child=4 2 9 6 5 -1 7 -3 -8 -2 -6 -4 13 -11 -7 16 -16 -17
right_child=1 3 11 -5 10 14 8 -9 -10 12 -12 -13 -14 -15 15 17 -18 -19
leaf_value=0.0055737876386499977 0.012783594981312121 0.085048418137477974 -0.046651490169803286 -0.0089169735171556307 0.0022135614924659189 0.18557151021517718 0.0045265220787559096 0.015231822679635087 0.051372641654745026 -0.0080594676359168494 -0.10787911481215233 0.00047622852190764984 -0.024338719200216213 0.031823344669659324 -0.08459108047658126 0.11713419669327312 0.10298283834815904 0.01336433249950764
leaf_weight=1231 752 316 622 4504 1265 244 5401 466 1027 1542 298 18537 9506 230 83 131 445 1368
leaf_count=1231 752 316 622 4504 1265 244 5401 466 1027 1542 298 18537 9506 230 83 131 445 1368
internal_value=-3.01122e-05 -7.57325e-05 -0.000154001 0.000132614 0.000355748 0.000588061 0.000337662 0.00105264 0.000251173 -0.000383964 -0.000165203 -9.47929e-06 -0.000433585 -2.83921e-05 0.000859758 0.000729521 0.00150422 0.000443474
internal_weight=47968 42903 31189 11714 5065 3502 7210 782 6428 12030 1563 19159 11278 1772 2271 2027 528 1499
internal_count=47968 42903 31189 11714 5065 3502 7210 782 6428 12030 1563 19159 11278 1772 2271 2027 528 1499
cat_boundaries=0 1 2 3 4 5 6 7 8 9 10 11 12
cat_threshold=8 109448164 163 963 109320944 2097152 2626192 2212 67110944 557232 544776 67113504
is_linear=0
shrinkage=0.023


Tree=192
num_leaves=19
num_cat=5
split_feature=2 1 0 0 1 4 4 4 4 3 4 3 3 0 4 4 4 3
split_gain=0.738131 0.705455 0.553159 0.547359 0.466434 0.415205 0.415128 0.63069 0.414509 0.619472 2.45735 0.576591 0.464595 0.41098 0.404052 0.589595 0.549641 1.26273
threshold=79.426060095022237 0 1 2 3 1798.5000000000002 31.910000000000004 149.90500000000003 198.12000000000003 26.215000000000003 128.94500000000002 47.565000000000005 14.135000000000003 4 29.895000000000003 27.995000000000001 59.895000000000003 36.605000000000011
decision_type=2 9 9 9 9 2 2 2 2 2 2 2 2 9 2 2 2 2
left_child=2 3 6 -2 -3 13 -1 -8 9 -4 -11 12 -10 14 15 -6 17 -16
right_child=1 4 8 -5 5 -7 7 -9 11 10 -12 -13 -14 -15 16 -17 -18 -19
leaf_value=0.039171512025574243 0.042009115310629133 0.082950699411109496 -0.014920069461611139 -0.031857305033385942 -0.0068819670728718363 0.12271885460714207 -0.030773387190554228 0.21337253680316728 -0.011916197227238788 -0.078691167836896295 0.084479393997186292 0.015689375115279396 -0.065986558285306779 -0.0019748994347679899 0.027951003004203778 -0.10335603675601586 0.0039863260581145411 0.14610213035780895
leaf_weight=84 107 106 5758 761 1233 89 162 69 344 123 95 63 465 28494 2346 126 7444 77
leaf_count=84 107 106 5758 761 1233 89 162 69 344 123 95 63 465 28494 2346 126 7444 77
internal_value=-4.25023e-05 -4.6814e-06 -0.000257832 -0.000649496 9.50472e-06 5.25571e-06 0.000671852 0.000188997 -0.000301157 -0.000233225 0.000969663 -0.00076999 -0.000935099 1.7366e-06 0.000119541 -0.00025213 0.000170858 0.000471727
internal_weight=47946 40783 7163 868 39915 39809 315 231 6848 5976 218 872 809 39720 11226 1359 9867 2423
internal_count=47946 40783 7163 868 39915 39809 315 231 6848 5976 218 872 809 39720 11226 1359 9867 2423
cat_boundaries=0 1 2 3 4 5
cat_threshold=6450 132176 4317184 65600 9185426
is_linear=0
shrinkage=0.023


Tree=193
num_leaves=19
num_cat=4
split_feature=5 3 3 3 3 1 2 3 1 6 2 3 1 2 2 3 3 1
split_gain=1.33867 1.31585 1.12491 0.896771 0.922018 0.938004 0.914067 0.663657 0.650149 0.590383 0.659165 0.586469 0.519362 0.658421 1.86785 0.583479 0.50994 0.460416
threshold=1.5000000000000002 26.875000000000004 8.3050000000000015 8.7250000000000032 50.855000000000011 0 10.305092294711587 9.2750000000000004 1 1.5000000000000002 1002.2101072277674 63.210000000000008 2 911.24501102037686 674.45785259047409 56.365000000000009 40.385000000000012 3
decision_type=2 2 2 2 2 9 2 2 9 2 2 2 9 2 2 2 2 9
left_child=2 -2 -1 6 5 7 -4 -5 -9 10 17 12 -6 14 15 -14 -12 -3
right_child=1 9 3 4 11 -7 -8 8 -10 -11 16 -13 13 -15 -16 -17 -18 -19
leaf_value=-0.017024534149203057 -0.0537186082784427 0.030667392532034009 0.12623209811280894 -0.032533847391104181 -0.019012649704672736 -0.023852438509168881 0.011443454969896709 0.065418277137808442 0.0013882221564392285 -0.048341917925263801 0.080302191145216015 0.0068426824978520887 0.089457546671118618 0.030786673685311829 0.12515286316660962 -0.013904948134720081 0.013169314929847331 -0.01701837730684147
leaf_weight=2860 1167 299 85 662 174 1875 550 110 35574 450 174 840 74 258 67 109 400 2330
leaf_count=2860 1167 299 85 662 174 1875 550 110 35574 450 174 840 74 258 67 109 400 2330
internal_value=-4.20204e-05 -0.000405584 -1.48997e-06 2.97333e-05 1.60299e-05 -6.07832e-06 0.000887094 1.9864e-05 3.32578e-05 -0.000190764 -8.11377e-05 0.000571139 0.00107209 0.00142912 0.00229798 0.00109213 0.000624847 -0.000235317
internal_weight=48058 4820 43238 40378 39743 38221 635 36346 35684 3653 3203 1522 682 508 250 183 574 2629
internal_count=48058 4820 43238 40378 39743 38221 635 36346 35684 3653 3203 1522 682 508 250 183 574 2629
cat_boundaries=0 1 2 3 4
cat_threshold=2736324 68 20672 278568
is_linear=0
shrinkage=0.023


Tree=194
num_leaves=19
num_cat=4
split_feature=0 5 3 3 4 3 0 0 3 4 4 3 4 4 4 4 0 5
split_gain=0.966222 0.923321 0.809801 0.800582 2.25607 0.677685 0.795193 0.64344 0.608137 0.527439 0.546321 0.478877 0.480488 0.675053 0.545584 0.530283 0.455029 0.453567
threshold=0 1.5000000000000002 20.965000000000003 37.980000000000011 59.050000000000004 27.295000000000005 1 2 16.955000000000002 229.84000000000003 289.92000000000002 29.905000000000005 89.840000000000018 119.92000000000002 209.93000000000004 159.05000000000004 3 2.5000000000000004
decision_type=9 2 2 2 2 2 9 9 2 2 2 2 2 2 2 2 9 2
left_child=3 5 -3 8 -5 7 9 -2 -1 -7 -11 12 -8 -14 15 -15 -13 -4
right_child=1 2 17 4 -6 6 11 -9 -10 10 -12 16 13 14 -16 -17 -18 -19
leaf_value=0.031660935096570746 -0.050890617914535669 -0.074171386232174702 -0.0073786083188535426 0.13739199284365047 0.029350850797456682 -0.046729298301152439 0.16896629597571344 -0.0053463507029049345 -0.0056440476289805431 0.096535365998973249 -0.023338382278396314 -0.0023801311133132687 -0.033887629002491051 0.026184561211211065 -0.0054086820527608562 0.1166631918001076 0.032643905067050297 -0.039940436834664937
leaf_weight=1247 697 538 2739 82 1025 590 67 32918 3504 66 206 1202 70 102 136 86 1682 976
leaf_count=1247 697 538 2739 82 1025 590 67 32918 3504 66 206 1202 70 102 136 86 1682 976
internal_value=-7.9797e-05 -0.00011832 -0.000439644 0.000196754 0.00075405 -8.22168e-05 0.000192977 -0.000116659 6.72874e-05 -0.000427186 0.000405554 0.000353031 0.00104224 0.000735122 0.00117759 0.0019796 0.000244017 -0.000318824
internal_weight=47933 42075 4253 5858 1107 37822 4207 33615 4751 862 272 3345 461 394 324 188 2884 3715
internal_count=47933 42075 4253 5858 1107 37822 4207 33615 4751 862 272 3345 461 394 324 188 2884 3715
cat_boundaries=0 1 2 3 4
cat_threshold=9498646 4718761 84478464 33620032
is_linear=0
shrinkage=0.023


Tree=195
num_leaves=19
num_cat=12
split_feature=7 1 1 0 2 0 0 0 7 0 0 2 2 7 2 0 2 2
split_gain=1.89789 1.6288 1.49362 0.930185 1.34236 0.834024 0.801175 0.796252 0.746701 1.2486 0.722249 0.924003 0.593767 0.586601 0.62409 0.551852 0.572667 1.05929
threshold=0 1 2 3 574.01579037995214 4 5 6 7 8 9 258.74452600182218 297.05995327865264 10 1713.5368147557442 11 545.30265367431014 667.20850802710322
decision_type=1 9 9 9 2 9 9 9 1 9 9 2 2 1 2 9 2 2
left_child=1 6 5 4 -3 -2 -1 -4 10 -10 11 -9 -11 -8 -15 -7 -17 -18
right_child=2 3 7 -5 -6 15 13 8 9 12 -12 -13 -14 14 -16 16 17 -19
leaf_value=-0.062570203018487716 0.085295774654124398 0.11264418414893401 0.12076274238330606 0.0069824098438657283 0.037287998476452991 -0.040400330810457102 0.0021885716462915492 -0.043762726943011317 0.0060529677007688486 -0.018645487873713111 -0.014985911261971858 0.0085881219423415665 -0.038562789558374951 -0.03866027572339506 0.088923464958872128 -0.0028837778652403439 0.064535569933482542 0.0066942894459977049
leaf_weight=452 175 119 100 19928 1157 244 1351 240 919 1841 8748 4026 2663 1568 105 2439 511 1734
leaf_count=452 175 119 100 19928 1157 244 1351 240 919 1841 8748 4026 2663 1568 105 2439 511 1734
internal_value=-4.04598e-05 0.000100606 -0.000187694 0.000176287 0.000776072 0.000160583 -0.000360219 -0.000283606 -0.000295118 -0.000521956 -0.000200258 4.51795e-05 -0.000679675 -0.000222858 -0.000509678 0.000103397 0.000159728 0.000425125
internal_weight=48320 24680 23640 21204 1276 5103 3476 18537 18437 5423 13014 4266 4504 3024 1673 4928 4684 2245
internal_count=48320 24680 23640 21204 1276 5103 3476 18537 18437 5423 13014 4266 4504 3024 1673 4928 4684 2245
cat_boundaries=0 1 2 3 4 5 6 7 8 9 10 11 12
cat_threshold=1928 529306 606378 83954464 16672 22055106 3 2069 558272 97927216 264 17375296
is_linear=0
shrinkage=0.023


Tree=196
num_leaves=19
num_cat=11
split_feature=7 0 0 2 1 2 2 1 7 7 0 0 7 2 1 2 2 2
split_gain=1.73043 1.51361 1.27594 0.856471 0.873097 0.846082 0.552692 0.511732 0.957119 0.537531 0.628628 0.602916 0.488487 0.846386 0.681378 0.581684 0.473302 0.450302
threshold=0 1 2 178.7298789178214 3 310.86100306969195 393.33804254633486 4 5 6 7 8 9 55.379492833299132 10 76.629709701717559 902.37644379013364 10.305092294711587
decision_type=1 9 9 2 9 2 2 9 1 1 9 9 1 2 9 2 2 2
left_child=1 5 7 -3 -5 -1 -7 9 -9 11 -11 -2 13 -4 -14 -15 -10 -16
right_child=2 3 12 4 -6 6 -8 8 16 10 -12 -13 14 15 17 -17 -18 -19
leaf_value=0.010310549736955664 -0.011622160388916898 -0.015405407692318802 -0.014336397869877998 -0.027434267271526199 0.0024871083395026357 -0.059827688761421596 -0.029906562751195603 0.019152076869834118 -0.04100422352960334 0.013010517997976744 0.057353065729232475 0.02654527334858945 -0.051123695667804649 0.032274035443863924 -0.055003251186369208 0.0043919942331261024 0.011812442957580724 -0.0037937092830416718
leaf_weight=376 1624 2658 2471 360 6431 724 2020 1845 1042 1731 3253 814 234 471 301 12062 529 9238
leaf_count=376 1624 2658 2471 360 6431 724 2020 1845 1042 1731 3253 814 234 471 301 12062 529 9238
internal_value=-2.02395e-05 -0.000252139 6.16552e-05 -0.000106743 3.01413e-05 -0.000690687 -0.000833097 0.000269684 3.62493e-05 0.000376926 0.000513954 9.58242e-05 -2.94149e-05 5.30025e-05 -0.000155869 0.000129743 -0.000379644 -0.000125006
internal_weight=48184 12569 35615 9449 6791 3120 2744 10838 3416 7422 4984 2438 24777 15004 9773 12533 1571 9539
internal_count=48184 12569 35615 9449 6791 3120 2744 10838 3416 7422 4984 2438 24777 15004 9773 12533 1571 9539
cat_boundaries=0 1 2 3 4 5 6 7 8 9 10 11
cat_threshold=3170 85401700 21432374 262666 2097192 29 257 133168 4456484 904 332304
is_linear=0
shrinkage=0.023


Tree=197
num_leaves=19
num_cat=13
split_feature=0 7 7 1 7 0 0 1 1 3 1 3 0 3 0 3 1 3
split_gain=0.907436 2.58543 1.20829 1.11025 1.05428 1.35155 1.22761 0.996246 0.89141 0.780322 0.775336 0.728099 0.792639 0.72094 0.64012 1.34226 0.630331 0.72499
threshold=0 1 2 3 4 5 6 7 8 15.045000000000002 9 74.685000000000016 10 12.345000000000001 11 14.105000000000002 12 16.795000000000005
decision_type=9 1 1 9 1 9 9 9 9 2 9 2 9 2 9 2 9 2
left_child=2 3 7 -2 6 13 -3 14 -4 -8 -7 -10 -13 -6 15 -1 17 -17
right_child=1 4 8 -5 5 10 9 -9 11 -11 -12 12 -14 -15 -16 16 -18 -19
leaf_value=0.16776547837101918 0.036297232446462789 -0.0040815928847523358 0.015784363259984741 -0.051217792178478744 0.0079019491845508851 -0.036813872410136825 -0.011343290569112572 -0.02042169443654869 -0.014335570131618586 0.062489227259454209 0.00061532547763549432 0.14514173084588838 -0.003442801971294701 0.024070936142065978 0.0019412412920667798 0.094525737683511843 0.012838467815441778 0.037535449123915939
leaf_weight=63 230 1602 1451 1873 65 1220 499 1269 16119 3761 3370 103 144 1465 13878 77 787 136
leaf_count=63 230 1602 1451 1873 65 1220 499 1269 16119 3761 3370 103 144 1465 13878 77 787 136
internal_value=-3.69059e-05 0.000118302 -0.000101157 -0.000623646 0.000248944 3.75185e-05 0.000469226 4.25389e-05 -0.000231843 0.000673267 -0.000159993 -0.000280334 0.000958255 0.000627183 9.52225e-05 0.000636495 0.000436903 0.00151465
internal_weight=48112 14085 34027 2103 11982 6120 5862 16210 17817 4260 4590 16366 247 1530 14941 1063 1000 213
internal_count=48112 14085 34027 2103 11982 6120 5862 16210 17817 4260 4590 16366 247 1530 14941 1063 1000 213
cat_boundaries=0 1 2 3 4 5 6 7 8 9 10 11 12 13
cat_threshold=113870658 98 1896 130 141 17981444 147588 2642116 557064 577712 33652736 8913408 16512
is_linear=0
shrinkage=0.023


Tree=198
num_leaves=19
num_cat=6
split_feature=7 1 7 3 6 7 2 2 3 2 2 3 3 1 2 3 3 1
split_gain=1.77991 1.18903 0.8742 0.772982 0.882043 0.761462 0.585892 0.904018 0.531478 0.529789 0.523715 0.50188 0.889461 0.645808 0.508724 0.477163 0.476172 2.37826
threshold=0 1 2 16.115000000000006 1.5000000000000002 3 536.81152062115348 1327.1971480490024 15.375000000000002 82.334251080390118 610.61726476764773 21.615000000000006 21.155000000000005 4 819.59457754571997 30.465000000000003 66.285000000000011 5
decision_type=1 9 1 2 2 1 2 2 2 2 2 2 2 9 2 2 2 9
left_child=1 3 -3 8 11 6 -2 -8 -1 -4 -11 12 -5 14 -13 -15 -7 -18
right_child=5 2 9 4 -6 16 7 -9 -10 10 -12 13 -14 15 -16 -17 17 -19
leaf_value=0.005158408271194786 -0.025068161125773831 0.048873873855714532 0.042907742868007054 0.029863094926769602 -0.075513438633518934 -0.0064550434755376506 0.0045969497104398713 -0.059603520909532394 -0.03508805889714578 -0.063008342801651865 -0.011769792346764497 -0.0025678275565615026 0.2028869532766121 -0.010083346029213534 0.14832628687537547 0.02884173216727717 0.049263010578902713 -0.049758197535333691
leaf_weight=6865 2721 479 83 3957 152 23698 1321 511 917 1173 1100 91 201 1791 161 1987 468 304
leaf_count=6865 2721 479 83 3957 152 23698 1321 511 917 1173 1100 91 201 1791 161 1987 468 304
internal_value=-5.89623e-05 0.000114349 -0.000319308 0.000190761 0.000344715 -0.000172145 -0.000445059 -0.000128042 2.60075e-05 -0.00050156 -0.000569633 0.000376956 0.000554227 0.000194034 0.00129815 0.000116571 -0.0001212 0.000440806
internal_weight=47980 18957 2835 16122 8340 29023 4553 1832 7782 2356 2273 8188 4158 4030 252 3778 24470 772
internal_count=47980 18957 2835 16122 8340 29023 4553 1832 7782 2356 2273 8188 4158 4030 252 3778 24470 772
cat_boundaries=0 1 2 3 4 5 6
cat_threshold=652 2211944 4 66 32808 2097168
is_linear=0
shrinkage=0.023


Tree=199
num_leaves=19
num_cat=8
split_feature=7 0 0 2 4 0 5 2 7 4 4 0 4 0 7 4 2 4
split_gain=1.03859 1.20311 1.16157 1.00558 0.787191 0.955323 0.719227 0.717722 0.653911 0.59942 0.66984 0.544555 0.542895 1.03273 0.919817 0.751771 0.567592 0.532546
threshold=0 1 2 354.94586273159592 149.15000000000003 3 1.5000000000000002 1582.1470756108076 4 159.90500000000003 190.94500000000002 5 58.930000000000007 6 7 49.045000000000009 302.12754109599058 399.10000000000008
decision_type=1 9 9 2 2 9 2 2 1 2 2 9 2 9 1 2 2 2
left_child=1 3 6 8 -5 -6 -2 -8 -1 -7 -11 -3 13 15 16 -4 -15 -14
right_child=2 11 12 4 5 9 7 -9 -10 10 -12 -13 17 14 -16 -17 -18 -19
leaf_value=0.060707306748020766 -0.010348299282263372 -0.075377444912857916 0.033159341199515323 0.030201186644253065 -0.0041964627638066574 0.19806285622123848 -0.031422523863628316 0.020294020463535307 -0.037899366579076631 -0.021483975116771366 0.1576616077484515 -0.00035658091629196895 -0.0049954305412910375 0.048566528404730074 -0.013850579158829888 0.16652293817899164 0.013146551159538011 0.022488003041633214
leaf_weight=261 21231 343 559 2350 242 68 2336 77 721 121 402 8586 6974 186 1265 171 1396 629
leaf_count=261 21231 343 559 2350 242 68 2336 77 721 121 402 8586 6974 186 1265 171 1396 629
internal_value=-6.99823e-05 0.000104607 -0.00013562 0.000426923 0.000626441 0.00123389 -0.000226945 -0.000603302 -0.000215431 0.00171767 0.0014814 -4.6056e-05 5.75497e-05 0.000291259 9.0962e-05 0.00105644 0.000459358 -5.23336e-05
internal_weight=47918 13094 34824 4165 3183 833 23644 2413 982 591 523 8929 11180 3577 2847 730 1582 7603
internal_count=47918 13094 34824 4165 3183 833 23644 2413 982 591 523 8929 11180 3577 2847 730 1582 7603
cat_boundaries=0 1 2 3 4 5 6 7 8
cat_threshold=524 12982816 115083808 8523776 4 68231175 49350 449
is_linear=0
shrinkage=0.023


end of trees

feature_importances:
freight_value=717
distance_km=630
customer_state=589
seller_state=531
order_purchase_month=486
price=421
n_items=152
n_sellers=74

parameters:
[boosting: gbdt]
[objective: quantile]
[metric: quantile]
[tree_learner: serial]
[device_type: cpu]
[data_sample_strategy: bagging]
[data: ]
[valid: ]
[num_iterations: 200]
[learning_rate: 0.023]
[num_leaves: 19]
[num_threads: 4]
[seed: 0]
[deterministic: 0]
[force_col_wise: 0]
[force_row_wise: 0]
[histogram_pool_size: -1]
[max_depth: -1]
[min_data_in_leaf: 61]
[min_sum_hessian_in_leaf: 0.001]
[bagging_fraction: 0.63]
[pos_bagging_fraction: 1]
[neg_bagging_fraction: 1]
[bagging_freq: 1]
[bagging_seed: 3]
[bagging_by_query: 0]
[feature_fraction: 0.63]
[feature_fraction_bynode: 1]
[feature_fraction_seed: 2]
[extra_trees: 0]
[extra_seed: 6]
[early_stopping_round: 0]
[early_stopping_min_delta: 0]
[first_metric_only: 0]
[max_delta_step: 0]
[lambda_l1: 0]
[lambda_l2: 0.22]
[linear_lambda: 0]
[min_gain_to_split: 0]
[drop_rate: 0.1]
[max_drop: 50]
[skip_drop: 0.5]
[xgboost_dart_mode: 0]
[uniform_drop: 0]
[drop_seed: 4]
[top_rate: 0.2]
[other_rate: 0.1]
[min_data_per_group: 100]
[max_cat_threshold: 32]
[cat_l2: 10]
[cat_smooth: 10]
[max_cat_to_onehot: 4]
[top_k: 20]
[monotone_constraints: ]
[monotone_constraints_method: basic]
[monotone_penalty: 0]
[feature_contri: ]
[forcedsplits_filename: ]
[refit_decay_rate: 0.9]
[cegb_tradeoff: 1]
[cegb_penalty_split: 0]
[cegb_penalty_feature_lazy: ]
[cegb_penalty_feature_coupled: ]
[path_smooth: 0]
[interaction_constraints: ]
[verbosity: -1]
[saved_feature_importance_type: 0]
[use_quantized_grad: 0]
[num_grad_quant_bins: 4]
[quant_train_renew_leaf: 0]
[stochastic_rounding: 1]
[linear_tree: 0]
[max_bin: 255]
[max_bin_by_feature: ]
[min_data_in_bin: 3]
[bin_construct_sample_cnt: 200000]
[data_random_seed: 1]
[is_enable_sparse: 1]
[enable_bundle: 1]
[use_missing: 1]
[zero_as_missing: 0]
[feature_pre_filter: 1]
[pre_partition: 0]
[two_round: 0]
[header: 0]
[label_column: ]
[weight_column: ]
[group_column: ]
[ignore_column: ]
[categorical_feature: 0,1,7]
[forcedbins_filename: ]
[precise_float_parser: 0]
[parser_config_file: ]
[objective_seed: 5]
[num_class: 1]
[is_unbalance: 0]
[scale_pos_weight: 1]
[sigmoid: 1]
[boost_from_average: 1]
[reg_sqrt: 0]
[alpha: 0.9]
[fair_c: 1]
[poisson_max_delta_step: 0.7]
[tweedie_variance_power: 1.5]
[lambdarank_truncation_level: 30]
[lambdarank_norm: 1]
[label_gain: ]
[lambdarank_position_bias_regularization: 0]
[eval_at: ]
[multi_error_top_k: 1]
[auc_mu_weights: ]
[num_machines: 1]
[local_listen_port: 12400]
[time_out: 120]
[machine_list_filename: ]
[machines: ]
[gpu_platform_id: -1]
[gpu_device_id: -1]
[gpu_device_id_list: ]
[gpu_use_dp: 0]
[num_gpu: 1]

end of parameters

pandas_categorical:[["AC", "AL", "AM", "AP", "BA", "CE", "DF", "ES", "GO", "MA", "MG", "MS", "MT", "PA", "PB", "PE", "PI", "PR", "RJ", "RN", "RO", "RR", "RS", "SC", "SE", "SP", "TO"], ["AM", "BA", "CE", "DF", "ES", "GO", "MA", "MG", "MS", "MT", "PA", "PB", "PE", "PI", "PR", "RJ", "RN", "RO", "RS", "SC", "SE", "SP"], ["April", "August", "December", "February", "January", "July", "June", "March", "May", "November", "October", "September"]]
