tree
version=v4
num_class=1
num_tree_per_iteration=1
label_index=0
max_feature_idx=7
objective=quantile
feature_names=customer_state seller_state distance_km freight_value price n_items n_sellers order_purchase_month
feature_infos=-1:25:18:10:22:17:23:4:7:8:6:15:5:13:12:9:11:14:19:16:1:24:26:20:2:0:3 -1:21:7:14:15:19:18:3:1:5:12:4:6:9:2:16:8:11:17:13:10:20 [0:8032.9297169789415] [0:1002.2900000000001] [0.84999999999999998:13440] [1:21] [1:5] -1:8:7:0:3:4:9:2:10:1:11:5:6
tree_sizes=1621 1820 1826 1815 1804 1811 1767 1817 1800 1824 1797 1834 1820 1768 1812 1814 1811 1797 1779 1858 1730 1771 1840 1796 1864 1852 1829 1785 1788 1829 1833 1808 1820 1828 1829 1839 1815 1793 1756 1776 1893 1774 1835 1844 1771 1848 1786 1885 1836 1811 1814 1828 1843 1785 1830 1795 1857 1834 1786 1774 1860 1806 1814 1861 1856 1824 1806 1861 1855 1778 1848 1844 1863 1796 1839 1794 1905 1850 1873 1870 1801 1859 1830 1838 1890 1864 1804 1783 1855 1835 1841 1880 1814 1826 1866 1803 1812 1849 1889 1830 1835 1866 1850 1834 1838 1845 1842 1870 1865 1830 1874 1854 1840 1798 1838 1818 1886 1851 1844 1826 1869 1834 1871 1863 1871 1878 1849 1799 1881 1853 1884 1874 1874 1873 1840 1866 1861 1799 1853 1829 1854 1836 1868 1841 1829 1849 1828 1865 1856 1863 1881 1810 1797 1805 1843 1853 1852 1869 1875 1837 1845 1810 1852 1820 1831 1858 1866 1852 1893 1841 1852 1858 1816 1849 1857 1845 1870 1809 1825 1839 1847 1837 1818 1809 1842 1873 1791 1822 1791 1803 1872 1801 1840 1875 1860 1823 1834 1823 1833 1837

Tree=0
num_leaves=19
num_cat=8
split_feature=0 0 0 2 2 0 2 1 1 0 2 2 1 2 5 4 2 4
split_gain=196.277 60.4581 19.0104 9.96619 6.99112 6.04892 4.49021 4.4341 3.52691 3.22642 2.96644 2.72315 2.2235 1.97627 1.93415 1.9089 1.87406 1.82092
threshold=0 1 2 203.72011375862544 164.94920167760708 3 1109.3290322368391 4 5 6 2553.3564811473275 393.33804254633486 7 808.30114985138573 1.5000000000000002 319.99500000000006 1582.1470756108076 109.99500000000002
decision_type=9 9 9 2 2 9 2 9 9 9 2 2 9 2 2 2 2 2
left_child=4 3 -3 -2 -1 8 -4 11 -5 -6 -8 -7 13 -11 17 -9 -10 -13
right_child=1 2 6 5 9 7 10 15 16 12 -12 14 -14 -15 -16 -17 -18 -19
leaf_value=24.747 24.747 25.390999999999998 25.141220213532449 24.931000000000001 25 25.138000000000002 25.23 25.023 25.091999999999999 24.977 25.390999999999998 25.184000000000001 24.885000000000002 25.184000000000001 25.045999999999999 25.23 25.298770114004611 25.298999999999999
leaf_weight=10245 726 764 355 842 2255 2171 3014 1128 4472 897 194 2115 16752 106 437 120 64 1435
leaf_count=10245 726 764 355 842 2255 2171 3014 1128 4472 897 194 2115 16752 106 437 120 64 1435
internal_value=24.9999 25.0018 25.0041 25.001 24.9987 25.0012 25.0034 25.0016 25.0006 24.999 25.0037 25.0019 24.9989 24.9999 25.0022 25.0003 25.0008 25.0024
internal_weight=48092 17837 4327 13510 30255 12784 3563 7406 5378 20010 3208 6158 17755 1003 3987 1248 4536 3550
internal_count=48092 17837 4327 13510 30255 12784 3563 7406 5378 20010 3208 6158 17755 1003 3987 1248 4536 3550
cat_boundaries=0 1 2 3 4 5 6 7 8
cat_threshold=33688896 80056448 8198 12583040 2408512 802816 2368 32832
is_linear=0
shrinkage=1


Tree=1
num_leaves=19
num_cat=4
split_feature=2 7 2 7 2 2 7 2 2 4 2 2 7 4 2 5 2 2
split_gain=147.248 57.8088 49.7576 23.1397 10.1125 7.52276 6.97344 4.70582 4.08507 3.17372 2.63705 2.6283 2.43217 2.31026 2.0152 1.91546 1.80904 1.7315
threshold=1187.7516038783717 0 297.05995327865264 1 2167.7732156647398 1645.1738329028296 2 558.20079738369066 138.21470020969994 102.05500000000002 246.63292377064883 558.20079738369066 3 791.85000000000014 380.92746284175115 1.5000000000000002 397.81401263850779 1452.0497828618309
decision_type=2 1 2 1 2 2 1 2 2 2 2 2 1 2 2 2 2 2
left_child=1 2 8 4 12 -5 9 -8 -1 11 -3 -4 -2 -7 -11 16 -16 -14
right_child=3 10 6 5 -6 13 7 -9 -10 14 -12 -13 17 -15 15 -17 -18 -19
leaf_value=-0.22418099999999999 0.26700700000000005 -0.25288881661695239 0.068375889629006398 0.020672460488796257 0.38200700000000004 0.15570999999999999 -0.020355000000000036 0.13112300000000002 -0.043355000000000032 0.11182599999999995 -0.11817400000000004 0.15676799999999996 0.15570999999999999 0.2790077469441295 0.33770334664756058 0.067942000000000016 0.20424932042264937 0.24770999999999999
leaf_weight=4909 824 6732 2635 1091 998 1893 2853 2407 2415 763 14353 2061 422 74 86 410 2171 987
leaf_count=4909 824 6732 2635 1091 998 1893 2853 2407 2415 763 14353 2061 422 74 86 410 2171 987
internal_value=-5.19266e-05 -0.000545652 0.000317579 0.00322914 0.00458557 0.00177495 0.00115163 0.000495767 -0.00120636 0.0015736 -0.00139301 0.00118697 0.00373886 0.00263027 0.00210742 0.00240562 0.00266833 0.00306603
internal_weight=48084 41795 20710 6289 3231 3058 13386 5260 7324 8126 21085 4696 2233 1967 3430 2667 2257 1409
internal_count=48084 41795 20710 6289 3231 3058 13386 5260 7324 8126 21085 4696 2233 1967 3430 2667 2257 1409
cat_boundaries=0 1 2 3 4
cat_threshold=668 653 140 132
is_linear=0
shrinkage=0.023


Tree=2
num_leaves=19
num_cat=6
split_feature=0 0 2 2 0 0 3 2 2 2 0 2 3 2 0 2 3 3
split_gain=197.087 54.4852 16.1859 9.14443 7.70778 6.96298 6.20042 5.65342 2.93286 2.43807 2.34996 2.2376 1.95153 1.88313 1.71994 1.56745 2.18149 1.53402
threshold=0 1 1187.7516038783717 203.72011375862544 2 3 16.075000000000003 171.07014940022728 2708.4056416768913 430.00060936378378 4 849.84417946220049 43.475000000000001 1784.3110219537514 5 674.45785259047409 33.925000000000004 22.065000000000001
decision_type=9 9 2 2 9 9 2 2 2 2 9 2 2 2 9 2 2 2
left_child=7 4 3 -3 12 6 -5 -1 10 -8 -4 -7 -2 -6 -9 16 -11 -12
right_child=1 2 8 5 13 11 9 14 -10 15 17 -13 -14 -15 -16 -17 -18 -19
leaf_value=-0.24202483699999996 0.24501882747583228 -0.22318383500000002 0.124950131380929 0.066294164999999933 0.24040007766494739 0.023486534756764432 0.18074323732402434 -0.13692764546146718 0.29410096929098511 0.31410325264386746 0.12978465724770546 0.09187755456200361 0.30562800017107866 0.39622083899999999 -0.06886681234085143 0.22319245972867013 0.19110048562090706 0.21856883899999999
leaf_weight=10575 856 800 1168 1771 90 4381 1704 9844 109 1036 983 2497 219 678 8567 1009 198 1770
leaf_count=10575 856 800 1168 1771 90 4381 1704 9844 109 1036 983 2497 219 678 8567 1009 198 1770
internal_value=-4.28725e-05 0.00175942 0.00135954 0.000975819 0.00551202 0.00112727 0.00172004 -0.00124116 0.00263829 0.00223036 0.00253455 0.000631011 0.0041381 0.00735556 -0.000998128 0.00272866 0.00327869 0.00290686
internal_weight=48255 19269 17426 13396 1843 12596 5718 28986 4030 3947 3921 6878 1075 768 18411 2243 1234 2753
internal_count=48255 19269 17426 13396 1843 12596 5718 28986 4030 3947 3921 6878 1075 768 18411 2243 1234 2753
cat_boundaries=0 1 2 3 4 5 6
cat_threshold=33686592 16801838 16793632 262144 71637376 33554432
is_linear=0
shrinkage=0.023


Tree=3
num_leaves=19
num_cat=6
split_feature=2 7 2 7 3 1 2 1 7 2 2 5 1 3 3 2 2 3
split_gain=149.029 52.38 48.2669 25.9625 14.6125 13.792 11.973 11.345 6.15105 5.561 5.22059 4.12141 3.83363 3.38873 3.20062 2.21069 2.15934 2.00176
threshold=1158.2162411397833 0 297.05995327865264 1 15.045000000000002 2 2134.9260008375018 3 4 618.52111970165925 1519.3943877340305 1.5000000000000002 5 11.815000000000003 15.405000000000003 2553.3564811473275 470.91480201231047 84.070000000000007
decision_type=2 1 2 1 2 9 2 9 1 2 2 2 9 2 2 2 2 2
left_child=1 2 13 6 -4 8 7 17 -6 -7 -5 16 -11 -1 -3 -8 -10 -2
right_child=3 14 4 10 5 9 15 -9 11 12 -12 -13 -14 -15 -16 -17 -18 -19
leaf_value=-0.29220849915438629 0.28489005458394867 -0.20693818829940552 -0.050181530610760847 0.040534680386996369 0.06293502210644529 -0.042777662154386338 0.37085629397125702 0.027921708104026523 0.16950969571587496 0.15909008609464603 0.13948979781231774 0.059096907541547415 -0.058434122415910054 -0.086773898316160433 -0.10805306131616048 0.43355724294525155 0.21120089081947008 0.30458040622566912
leaf_weight=2927 1660 9564 2628 1037 1338 1946 860 461 1550 1522 2067 730 479 4404 11341 222 3185 65
leaf_count=2927 1660 9564 2628 1037 1338 1946 860 461 1550 1522 2067 730 479 4404 11341 222 3185 65
internal_value=-5.40362e-05 -0.000555602 0.000264411 0.00322148 0.00108651 0.00146234 0.00465077 0.00368489 0.0020887 0.000376454 0.001696 0.00243286 0.00122872 -0.00123542 -0.00136739 0.00664399 0.00268531 0.00452983
internal_weight=47986 41614 20709 6372 13378 10750 3268 2186 6803 3947 3104 5465 2001 7331 20905 1082 4735 1725
internal_count=47986 41614 20709 6372 13378 10750 3268 2186 6803 3947 3104 5465 2001 7331 20905 1082 4735 1725
cat_boundaries=0 1 2 3 4 5 6
cat_threshold=668 653 2097152 2113736 16 573568
is_linear=0
shrinkage=0.023


Tree=4
num_leaves=19
num_cat=7
split_feature=2 7 3 7 2 1 2 1 7 2 2 2 3 3 1 1 2 4
split_gain=139.715 48.4175 46.3153 23.5087 12.3892 11.5029 10.4691 8.66746 6.0327 4.89982 3.66015 3.45165 3.32892 3.06908 3.06604 2.90839 2.7579 2.69936
threshold=1158.2162411397833 0 14.785000000000002 1 258.74452600182218 2 2134.9260008375018 3 4 1645.1738329028296 178.7298789178214 618.52111970165925 15.405000000000003 53.320000000000007 5 6 2553.3564811473275 21.995000000000001
decision_type=2 1 2 1 2 9 2 9 1 2 2 2 2 2 9 9 2 2
left_child=1 2 10 6 -4 8 7 -2 13 -5 -1 -7 -3 -6 -11 -13 17 -8
right_child=3 12 4 9 5 11 16 -9 -10 14 -12 15 -14 -15 -16 -17 -18 -19
leaf_value=-0.25273747026844906 0.028370066116049836 -0.20527918546411364 -0.076987918368307512 0.054671290498540824 0.03311398552418357 -0.029646199203096357 0.1904462488297719 0.26767031712785622 0.17705914677028931 0.19218068094094395 -0.063703995810470801 0.14270524051930877 -0.10600815811474525 0.4900248048000177 0.12072300723180562 -0.051564781571956958 0.42562368780375226 0.36275872397040226
leaf_weight=4167 443 9638 1888 1214 1361 2114 67 1746 5694 416 3313 1610 11321 64 1493 406 189 801
leaf_count=4167 443 9638 1888 1214 1361 2114 67 1746 5694 416 3313 1610 11321 64 1493 406 189 801
internal_value=-8.54125e-05 -0.000571367 0.000220186 0.00308675 0.00104287 0.00133223 0.00445602 0.00356144 0.00189147 0.0016438 -0.00122438 0.000362759 -0.00134946 0.000540858 0.00237551 0.00104447 0.00634968 0.00579835
internal_weight=47945 41576 20617 6369 13137 11249 3246 2189 7119 3123 7480 4130 20959 1425 1909 2016 1057 868
internal_count=47945 41576 20617 6369 13137 11249 3246 2189 7119 3123 7480 4130 20959 1425 1909 2016 1057 868
cat_boundaries=0 1 2 3 4 5 6 7
cat_threshold=668 653 2097152 823842 16 573664 573600
is_linear=0
shrinkage=0.023


Tree=5
num_leaves=19
num_cat=5
split_feature=0 2 0 2 0 2 2 0 4 2 4 2 4 2 2 4 2 0
split_gain=186.488 47.5483 12.4574 11.1802 11.9969 4.59967 4.58618 4.15004 2.93035 2.9283 1.89556 1.76432 1.74841 1.67008 1.3226 1.51461 0.96209 1.55555
threshold=0 1645.1738329028296 1 203.72011375862544 2 178.7298789178214 384.77925818767739 3 139.90500000000003 2553.3564811473275 189.92000000000004 438.59450006655169 21.025000000000002 325.6381307556158 1519.3943877340305 89.840000000000018 855.95601151484618 4
decision_type=9 2 9 2 9 2 2 9 2 2 2 2 2 2 2 2 2 9
left_child=5 3 10 -2 6 -1 8 -4 -5 12 -3 -6 -9 -10 -8 -16 17 -13
right_child=1 2 7 4 11 -7 14 9 13 -11 -12 16 -14 -15 15 -17 -18 -19
leaf_value=-0.22864950427155395 -0.22845301872954663 0.15660663083444779 0.32571237675392473 0.054757505366351072 -0.04809366559339618 -0.10114072836082987 0.20460277731660373 0.21683056456013911 0.38586166912613001 0.3450854898124584 0.26498921280700077 0.053808164836030008 0.28402124958340697 0.16547725047648559 0.086372593230810216 0.41152075388626963 0.07241222629198471 0.00031541353986196433
leaf_weight=10643 798 1515 254 1890 654 18131 4585 70 217 224 463 1826 1324 483 67 72 2841 1964
leaf_count=10643 798 1515 254 1890 654 18131 4585 70 217 224 463 1826 1324 483 67 72 2841 1964
internal_value=-8.1369e-05 0.00167063 0.00395757 0.00109982 0.00124473 -0.00125344 0.00190219 0.00530967 0.00112682 0.00479403 0.0026373 0.00058121 0.00443002 0.00239782 0.00233125 0.00454152 0.000694417 0.000454512
internal_weight=48021 19247 3850 15397 14599 28774 7314 1872 2590 1618 1978 7285 1394 700 4724 139 6631 3790
internal_count=48021 19247 3850 15397 14599 28774 7314 1872 2590 1618 1978 7285 1394 700 4724 139 6631 3790
cat_boundaries=0 1 2 3 4 5
cat_threshold=33686592 69046800 286770 6 8388864
is_linear=0
shrinkage=0.023


Tree=6
num_leaves=19
num_cat=12
split_feature=0 7 0 0 1 7 7 0 0 3 3 3 4 3 0 0 3 7
split_gain=170.157 81.4317 38.5256 24.5483 17.4274 8.82292 8.11225 7.70453 7.13743 5.35196 5.0235 4.62969 3.59116 3.33537 2.92954 2.35779 2.34222 2.28389
threshold=0 1 2 3 4 5 6 7 8 16.245000000000001 30.205000000000005 20.805000000000003 139.90500000000003 68.485000000000014 9 10 10.965000000000002 11
decision_type=9 1 9 9 9 1 1 9 9 2 2 2 2 2 9 9 2 1
left_child=5 3 11 10 6 7 8 16 12 -6 -2 -3 -5 -8 -4 -11 -1 -13
right_child=1 2 14 4 9 -7 13 -9 -10 15 -12 17 -14 -15 -16 -17 -18 -19
leaf_value=-0.26466556985402895 0.30736371137161728 0.064728550206382268 -0.074591788255825284 0.31817690421552947 -0.070560362115206401 -0.16980341651695066 0.1769876976738475 0.01158143089944861 0.21247850667508031 0.22838175303583771 0.45616463248074951 0.33361114781476958 0.40370160568460056 0.44404763002468073 0.051005644740708969 0.091479586342232383 -0.090872486521834828 0.18157429750245643
leaf_weight=1963 462 573 6488 1202 595 17999 2109 4104 1558 1184 415 513 480 74 731 777 5695 905
leaf_count=1963 462 573 6488 1202 595 17999 2109 4104 1558 1184 415 513 480 74 731 777 5695 905
internal_value=-0.000117545 0.00164273 0.00012747 0.0032166 0.00280659 -0.00118625 0.00354714 -0.000694715 0.00429116 0.00122752 0.00687159 0.00295152 0.00536352 0.00242802 -0.000654472 0.001812 -0.00112543 0.00367132
internal_weight=47827 18066 9210 8856 7979 29761 5423 11762 3240 2556 877 1991 1682 2183 7219 1961 7658 1418
internal_count=47827 18066 9210 8856 7979 29761 5423 11762 3240 2556 877 1991 1682 2183 7219 1961 7658 1418
cat_boundaries=0 1 2 3 4 5 6 7 8 9 10 11 12
cat_threshold=33686848 668 17358870 8750 2097152 652 140 33554432 84672528 12916864 88363008 33
is_linear=0
shrinkage=0.023


Tree=7
num_leaves=19
num_cat=6
split_feature=0 0 0 3 3 0 3 0 3 5 3 4 5 3 3 3 0 3
split_gain=168.598 41.0417 14.8404 8.56081 4.71466 4.58749 3.49664 2.94884 3.207 2.74193 2.70929 2.33619 1.84182 1.72039 1.70254 1.65124 1.55381 1.54912
threshold=0 1 2 14.015000000000002 10.075000000000001 3 16.075000000000003 4 33.925000000000004 1.5000000000000002 21.925000000000004 112.94000000000001 1.5000000000000002 53.320000000000007 25.475000000000005 70.690000000000012 5 21.075000000000003
decision_type=9 9 9 2 2 9 2 9 2 2 2 2 2 2 2 2 9 2
left_child=4 7 3 -3 -1 6 -5 -2 14 11 -4 -8 13 -12 17 -15 -6 -9
right_child=1 2 10 5 16 -7 9 8 -10 -11 12 -13 -14 15 -16 -17 -18 -19
leaf_value=-0.28157826174738632 0.26548643502474295 -0.18412171098699229 0.12140737798109137 0.057864310910926205 -0.13942838709392702 0.047665056024085363 0.14685375058357925 0.27193525261223539 0.44007460921039132 0.046263816573170004 0.20747830877236975 0.22909500531455759 0.11596083365434939 0.36976300376811438 0.21741373475935638 0.19254194959127977 -0.07106299984951929 0.34469658154947502
leaf_weight=4789 418 648 1406 1724 15084 6767 2058 95 326 726 2154 1916 379 141 238 132 8985 147
leaf_count=4789 418 648 1406 1724 15084 6767 2058 95 326 726 2154 1916 379 141 238 132 8985 147
internal_value=-0.000120401 0.00154475 0.00126633 0.000900937 -0.00123271 0.00102838 0.0014686 0.00560623 0.00652224 0.00179587 0.00246178 0.00203331 0.00288059 0.00311348 0.00540252 0.00483453 -0.00110198 0.0067627
internal_weight=48133 19275 18051 13839 28858 13191 6424 1224 806 4700 4212 3974 2806 2427 480 273 24069 242
internal_count=48133 19275 18051 13839 28858 13191 6424 1224 806 4700 4212 3974 2806 2427 480 273 24069 242
cat_boundaries=0 1 2 3 4 5 6
cat_threshold=33686592 16801806 79960448 67375104 16793600 33554432
is_linear=0
shrinkage=0.023


Tree=8
num_leaves=19
num_cat=5
split_feature=2 7 3 7 2 2 7 2 2 5 2 7 2 3 7 3 2 3
split_gain=103.239 42.4079 39.5797 17.5245 12.2769 9.67147 4.73885 4.02122 3.70875 3.44787 2.76544 2.70285 2.58415 2.35133 1.644 1.4165 1.37582 1.25157
threshold=1002.2101072277674 0 14.685 1 203.72011375862544 2134.9260008375018 2 1645.1738329028296 178.7298789178214 1.5000000000000002 319.41067482338093 3 563.49756974832383 17.585000000000004 4 78.620000000000019 2361.7284817799168 25.475000000000005
decision_type=2 1 2 1 2 2 1 2 2 2 2 1 2 2 1 2 2 2
left_child=1 2 8 5 -4 11 9 -5 -1 13 -3 17 -11 -6 -7 -13 -16 -2
right_child=3 10 4 7 6 14 -8 -9 -10 12 -12 15 -14 -15 16 -17 -18 -19
leaf_value=-0.22910196172719641 0.18796281018646277 -0.21067626917192353 -0.10713588527384899 0.0030727587350992563 0.11362573516183327 0.39759462519645833 0.05232766633464566 0.11397655035465637 -0.056078987863781064 -0.056315265053112552 -0.10940271992258159 0.12083945896925316 0.19499412489583243 0.18080822162157187 0.28394118490445824 0.21821851033115125 0.27076809602333424 0.29813009945705587
leaf_weight=4197 946 8340 1556 1496 2730 263 4386 1566 3359 540 11853 1737 271 3176 525 75 474 779
leaf_count=4197 946 8340 1556 1496 2730 263 4386 1566 3359 540 11853 1737 271 3176 525 75 474 779
internal_value=-0.000139712 -0.000608875 0.000136066 0.00227188 0.000922401 0.00313774 0.00119054 0.000901518 -0.00118113 0.00157432 -0.00135402 0.00252724 0.000170398 0.00176976 0.00487289 0.00186704 0.00426376 0.00319109
internal_weight=48269 40408 20215 7861 12659 4799 11103 3062 7556 6717 20193 3537 811 5906 1262 1812 999 1725
internal_count=48269 40408 20215 7861 12659 4799 11103 3062 7556 6717 20193 3537 811 5906 1262 1812 999 1725
cat_boundaries=0 1 2 3 4 5
cat_threshold=668 669 140 140 128
is_linear=0
shrinkage=0.023


Tree=9
num_leaves=19
num_cat=5
split_feature=2 2 2 3 1 2 1 3 2 3 3 3 1 1 3 2 2 1
split_gain=97.042 28.8115 14.2554 5.53834 7.07428 5.07165 4.36291 2.87277 2.55204 2.35575 2.17638 2.20577 2.13365 1.99381 1.82025 1.5259 1.45178 1.18257
threshold=1002.2101072277674 310.86100306969195 1645.1738329028296 14.095000000000001 0 2387.0539802209737 1 14.175000000000002 627.20003777922909 37.980000000000011 61.245000000000012 24.185000000000006 2 3 47.565000000000005 1187.7516038783717 336.17005909186361 4
decision_type=2 2 2 2 9 2 9 2 2 2 2 2 9 9 2 2 2 9
left_child=1 7 6 -3 14 9 15 -1 -6 17 11 -7 -10 -11 -5 -2 -16 -4
right_child=2 3 5 4 8 10 -8 -9 12 13 -12 -13 -14 -15 16 -17 -18 -19
leaf_value=-0.21632877719223023 0.11391898390148027 -0.14163702503544265 0.21893688984558754 0.017611354928976145 -0.09071968023625776 0.28525283684707575 0.013679106782965078 -0.10467175991255047 -0.11124617015193064 0.28404537455721629 0.34133156072505866 0.2896334129438275 0.017677537749252657 0.094132672076508397 0.31341423526124679 0.13961902244608038 0.10437259339609076 0.17702478112115078
leaf_weight=10246 969 2251 298 13284 4578 119 1425 5711 720 778 100 509 2519 187 61 1462 824 1901
leaf_count=10246 969 2251 298 13284 4578 119 1425 5711 720 778 100 509 2519 187 61 1462 824 1901
internal_value=-0.000190832 -0.000645156 0.002166 -0.000145502 -3.4249e-05 0.00314796 0.00117475 -0.00140407 -0.000589249 0.00274934 0.00487908 0.00437433 -9.59268e-05 0.00369703 0.000272171 0.0017638 0.00128222 0.00233313
internal_weight=47942 40194 7748 24237 21986 3892 3856 15957 7817 3164 728 628 3239 965 14169 2431 885 2199
internal_count=47942 40194 7748 24237 21986 3892 3856 15957 7817 3164 728 628 3239 965 14169 2431 885 2199
cat_boundaries=0 1 2 3 4 5
cat_threshold=2097152 2113632 262456 2113664 819392
is_linear=0
shrinkage=0.023


Tree=10
num_leaves=19
num_cat=7
split_feature=2 7 2 7 3 1 2 1 2 7 3 2 4 1 2 4 2 1
split_gain=94.6701 45.154 39.7223 16.6322 12.5708 10.4795 6.85298 6.6067 4.77549 4.20668 3.21356 3.15795 2.96783 2.574 2.48035 2.02527 2.14602 2.01684
threshold=1187.7516038783717 0 283.93299475599378 1 14.685 2 2134.9260008375018 3 627.20003777922909 4 15.405000000000003 146.82801526480685 164.99500000000003 5 1645.1738329028296 46.920000000000009 310.86100306969195 6
decision_type=2 1 2 1 2 9 2 9 2 1 2 2 2 9 2 2 2 9
left_child=1 2 11 6 -4 9 7 -2 -7 -6 -3 -1 -8 -10 -5 -11 -17 -16
right_child=3 10 4 14 5 8 12 -9 13 15 -12 -13 -14 -15 17 16 -18 -19
leaf_value=-0.19585705473204959 0.2262512317012898 -0.19312145017398941 -0.050573785440988978 0.043458992395843728 0.058863162772128039 -0.033023240284683612 0.28029252381950781 0.018192281702627398 0.14653149935869805 0.09550990529560438 -0.10381504032020047 -0.050948797073570924 0.384913164395501 -0.068633640445277311 0.19627375640721945 0.015729563020802927 0.18180116974618307 0.09084781619527868
leaf_weight=5108 1694 9600 2651 1087 1368 2070 762 415 1729 1148 11370 1900 333 394 150 231 4227 1821
leaf_count=5108 1694 9600 2651 1087 1368 2070 762 415 1729 1148 11370 1900 333 394 150 231 4227 1821
internal_value=-0.000189625 -0.000584758 0.000174033 0.00244764 0.00088946 0.00122746 0.0036039 0.00284815 0.000315352 0.00177283 -0.00133778 -0.00123634 0.00509153 0.0010825 0.00122023 0.00205362 0.00227915 0.00171063
internal_weight=48058 41796 20826 6262 13818 11167 3204 2109 4193 6974 20970 7008 1095 2123 3058 5606 4458 1971
internal_count=48058 41796 20826 6262 13818 11167 3204 2109 4193 6974 20970 7008 1095 2123 3058 5606 4458 1971
cat_boundaries=0 1 2 3 4 5 6 7
cat_threshold=668 653 2097152 2113736 16 573602 224
is_linear=0
shrinkage=0.023


Tree=11
num_leaves=19
num_cat=0
split_feature=2 2 3 2 3 5 3 2 2 3 3 2 4 3 3 5 4 3
split_gain=79.6943 29.701 7.44396 5.27207 2.79568 2.68071 3.37151 2.37934 1.55154 1.32322 1.32004 1.12107 1.11591 0.985457 0.97949 1.11118 1.49362 0.926975
threshold=1158.2162411397833 297.05995327865264 14.685 1645.1738329028296 10.075000000000001 1.5000000000000002 27.135000000000002 2470.7197511026416 76.629709701717559 17.015000000000004 129.79500000000004 558.20079738369066 22.995000000000001 17.465000000000003 37.980000000000011 1.5000000000000002 74.895000000000024 59.430000000000007
decision_type=2 2 2 2 2 2 2 2 2 2 2 2 2 2 2 2 2 2
left_child=1 4 -3 9 -1 6 13 14 -6 12 -8 -7 -2 -4 -5 16 -16 -9
right_child=3 2 5 7 8 11 10 17 -10 -11 -12 -13 -14 -15 15 -17 -18 -19
leaf_value=-0.26541335975154617 0.01703816952331948 -0.097999033528476914 -0.0090415826566257254 0.15638666995896219 -0.19926784121292507 -0.090764541618304315 0.078305336829031694 0.19340255344780713 -0.097841815966127163 0.086996643618054162 0.23906852236379547 -0.004778459319242939 0.18386478472020087 0.022993636532092188 0.4284220646735547 0.16117508915609588 0.23230646085217632 0.3121744229240363
leaf_weight=4976 87 4864 8448 2332 3330 1494 2352 478 6680 2042 61 1257 297 8035 129 253 668 88
leaf_count=4976 87 4864 8448 2332 3330 1494 2352 478 6680 2042 61 1257 297 8035 129 253 668 88
internal_value=-0.000188525 -0.000556321 -9.36869e-05 0.00220589 -0.00137473 8.90056e-05 0.000186667 0.00272443 -0.00115319 0.00136186 0.000989587 -0.000581767 0.00260039 6.91127e-05 0.00249311 0.00307697 0.00349867 0.00410508
internal_weight=47871 41497 26511 6374 14986 21647 18896 3948 10010 2426 2413 2751 384 16483 3382 1050 797 566
internal_count=47871 41497 26511 6374 14986 21647 18896 3948 10010 2426 2413 2751 384 16483 3382 1050 797 566
is_linear=0
shrinkage=0.023


Tree=12
num_leaves=19
num_cat=5
split_feature=2 7 2 7 3 2 7 3 2 2 2 7 7 3 2 2 4 2
split_gain=72.4471 41.8954 37.0329 12.8006 12.7806 5.30101 4.53691 3.1125 2.49443 2.3363 2.26813 2.09854 1.96792 1.73172 1.66365 1.64749 1.53392 1.22129
threshold=1158.2162411397833 0 195.15571628594887 1 15.045000000000002 2134.9260008375018 2 15.405000000000003 558.20079738369066 487.11065936420709 1713.5368147557442 3 4 10.605000000000002 2553.3564811473275 911.24501102037686 18.925000000000001 727.5208094788245
decision_type=2 1 2 1 2 2 1 2 2 2 2 1 1 2 2 2 2 2
left_child=1 2 13 5 -4 12 9 -3 -8 16 -5 -7 -2 -1 -13 -9 -6 -10
right_child=3 7 4 10 6 11 8 15 17 -11 -12 14 -14 -15 -16 -17 -18 -19
leaf_value=-0.25424783519892691 0.098789182641110196 -0.17814401831143425 -0.046571142529723705 -0.0032357464692519037 0.36772450628198505 0.4425065083516333 0.0061687897105465505 -0.10682320689431962 0.16629569586294465 0.15789448784204449 0.082393845617373382 0.27116121749458189 0.20855801043505198 -0.1166028664918398 0.22413835324032763 -0.019854675278190546 0.093838149318025227 0.06844209670308142
leaf_weight=2454 930 9625 3381 1045 62 258 2354 10168 817 4128 1467 792 1683 3325 195 1201 2850 1369
leaf_count=2454 930 9625 3381 1045 62 258 2354 10168 817 4128 1467 792 1683 3325 195 1201 2850 1369
internal_value=-0.00020242 -0.000551139 0.000182225 0.0020822 0.000786349 0.00291218 0.00114958 -0.0012751 0.000578258 0.00151502 0.00079262 0.00415497 0.00233088 -0.00138142 0.00353273 -0.001018 0.00101818 0.00113894
internal_weight=48104 41734 20740 6370 14961 3858 11580 20994 4540 7040 2512 1245 2613 5779 987 11369 2912 2186
internal_count=48104 41734 20740 6370 14961 3858 11580 20994 4540 7040 2512 1245 2613 5779 987 11369 2912 2186
cat_boundaries=0 1 2 3 4 5
cat_threshold=668 669 140 128 17
is_linear=0
shrinkage=0.023


Tree=13
num_leaves=19
num_cat=11
split_feature=0 7 0 0 1 7 7 2 2 1 2 0 7 2 1 2 2 2
split_gain=129.959 75.4798 23.0781 19.0031 16.8911 7.85016 7.83239 7.04672 6.42916 4.43784 3.55063 2.7813 2.68011 2.49087 2.34523 2.20584 2.1253 2.12362
threshold=0 1 2 3 4 5 6 1946.2208764284899 146.82801526480685 7 388.79686210529559 8 9 138.21470020969994 10 1519.3943877340305 653.00925092344517 2002.5078124158092
decision_type=9 1 9 9 9 1 1 2 2 9 2 9 1 2 9 2 2 2
left_child=6 3 11 9 5 -5 8 13 -1 -2 -7 -3 15 -6 -13 -4 -12 -18
right_child=1 2 12 4 7 10 -8 -9 -10 -11 16 14 -14 -15 -16 -17 17 -19
leaf_value=-0.17940013498935159 0.1622913836511822 0.33483572387078753 -0.0211607954682058 0.18133871126148612 -0.26490881856935072 0.31381984210541614 -0.16614124934157262 0.36171226871027917 -0.035948597516166941 0.041944603279789688 0.38467698360219427 0.25757321788378729 -0.069891913420916857 0.11032369996551245 0.1103027703715706 0.097383782345076567 0.30067407277310049 0.39211202550833552
leaf_weight=4755 3043 110 1506 784 212 845 14368 108 9631 1374 693 144 5946 728 1682 211 1126 557
leaf_count=4755 3043 110 1506 784 212 845 14368 108 9631 1374 693 144 5946 728 1682 211 1126 557
internal_value=-0.000182309 0.00128963 -0.000148183 0.00274562 0.00371232 0.00439668 -0.00115851 0.00107978 -0.000777635 0.00163371 0.00491224 0.00208891 -0.000715398 0.000450108 0.00184955 8.61564e-05 0.00538321 0.00494005
internal_weight=47823 19069 9599 9470 5053 4005 28754 1048 14386 4417 3221 1936 7663 940 1826 1717 2376 1683
internal_count=47823 19069 9599 9470 5053 4005 28754 1048 14386 4417 3221 1936 7663 940 1826 1717 2376 1683
cat_boundaries=0 1 2 3 4 5 6 7 8 9 10 11
cat_threshold=33686592 668 17358870 14211456 2637824 16 668 2097216 2 1 540672
is_linear=0
shrinkage=0.023


Tree=14
num_leaves=19
num_cat=7
split_feature=2 7 3 7 2 2 1 1 7 5 3 7 3 3 1 3 2 3
split_gain=75.2652 42.0667 34.1229 15.2338 11.0104 10.0799 11.662 4.57751 3.85761 3.77218 4.46323 3.21673 3.03673 2.90703 2.58882 2.52001 2.38338 2.11516
threshold=1002.2101072277674 0 14.095000000000001 1 2361.7284817799168 246.63292377064883 2 3 4 1.5000000000000002 17.605000000000004 5 50.855000000000011 15.155000000000003 6 68.485000000000014 578.62996211279039 10.965000000000002
decision_type=2 1 2 1 2 2 9 9 1 2 2 1 2 2 9 2 2 2
left_child=1 2 17 4 7 -4 8 -2 12 10 -10 15 -7 -3 -5 -9 -8 -1
right_child=3 13 5 14 -6 6 16 11 9 -11 -12 -13 -14 -15 -16 -17 -18 -19
leaf_value=-0.24427393188459653 -0.014953470536483037 -0.18308797933466744 -0.086368367793760017 -0.052703502071009968 0.33345559015064979 0.02380829430271135 -0.049630390923230634 0.10936421629011117 0.12274396423379985 0.019406557217969994 0.21015746357798498 0.24541699422521057 0.44164500631533682 -0.096956391015172394 0.072729193947992529 0.37267650158694376 0.070163318091283455 -0.10668157439448024
leaf_weight=2662 370 8796 2070 535 564 1589 1987 1266 3444 802 2529 2399 74 11457 2474 73 1709 3266
leaf_count=2662 370 8796 2070 535 564 1589 1987 1266 3444 802 2529 2399 74 11457 2474 73 1709 3266
internal_value=-0.000168405 -0.000565329 0.000179413 0.00191849 0.00273865 0.000791225 0.00104429 0.00233056 0.00151527 0.00176011 0.00196157 0.00256851 0.000513137 -0.00130506 0.000633731 0.00162781 -3.5e-05 -0.00128621
internal_weight=48066 40385 20132 7681 4672 14204 12134 4108 8438 6775 5973 3738 1663 20253 3009 1339 3696 5928
internal_count=48066 40385 20132 7681 4672 14204 12134 4108 8438 6775 5973 3738 1663 20253 3009 1339 3696 5928
cat_boundaries=0 1 2 3 4 5 6 7
cat_threshold=668 669 2129920 266754 16 17 819226
is_linear=0
shrinkage=0.023


Tree=15
num_leaves=19
num_cat=4
split_feature=0 0 2 0 0 2 3 3 5 4 2 3 3 4 4 4 2 2
split_gain=122.426 23.6025 8.10916 8.83085 6.25082 4.47207 3.42231 1.97855 1.94891 1.61462 1.51967 1.40175 1.34997 1.25737 1.21793 1.29825 1.20442 1.14537
threshold=0 1 203.72011375862544 2 3 87.705537434866685 16.075000000000003 35.675000000000004 1.5000000000000002 48.020000000000003 1849.8037329334722 25.045000000000005 12.485000000000001 49.045000000000009 159.90500000000003 326.41000000000008 415.01887107378502 322.7797924025482
decision_type=9 9 2 9 9 2 2 2 2 2 2 2 2 2 2 2 2 2
left_child=5 4 -3 16 10 -1 -5 -6 9 -8 -2 -12 -7 -9 -15 -16 -4 -10
right_child=1 2 3 6 7 12 8 13 17 -11 11 -13 -14 14 15 -17 -18 -19
leaf_value=-0.21554168430553147 0.12920165956538954 -0.18216393125901856 -0.079452634848325501 0.063194078211969887 0.2180862117676452 -0.15531461994319823 0.072864304367273425 0.35743324593858655 0.45118358904529282 0.18408168466686034 0.34851439147126595 0.31343309410238468 -0.084260829272438706 0.14926479732429249 0.33548552598001374 0.17842262203947595 0.036481189819270621 0.038364248430690619
leaf_weight=7335 66 787 464 1867 1214 3339 1132 73 69 4976 69 144 18655 325 201 161 6353 839
leaf_count=7335 66 787 464 1867 1214 3339 1132 73 69 4976 69 144 18655 325 201 161 6353 839
internal_value=-0.000239338 0.00121242 0.000909239 0.001024 0.00341694 -0.00116697 0.00150139 0.00292499 0.00173596 0.00188376 0.00667129 0.00785616 -0.00100333 0.00386046 0.00355332 0.00447148 0.00039911 0.000741495
internal_weight=48069 18740 16487 15700 2253 29329 8883 1974 7016 6108 279 213 21994 760 687 362 6817 908
internal_count=48069 18740 16487 15700 2253 29329 8883 1974 7016 6108 279 213 21994 760 687 362 6817 908
cat_boundaries=0 1 2 3 4
cat_threshold=33688640 16802350 12587393 6
is_linear=0
shrinkage=0.023


Tree=16
num_leaves=19
num_cat=7
split_feature=2 7 2 7 3 1 7 1 7 5 3 2 2 2 2 3 1 2
split_gain=66.4386 39.681 32.2767 13.0075 9.19116 11.2952 5.25358 5.06815 3.6921 3.59831 2.94289 2.78694 2.49866 2.36602 2.33668 2.29676 2.12164 1.90416
threshold=1109.3290322368391 0 203.72011375862544 1 15.045000000000002 2 3 4 5 1.5000000000000002 52.025000000000013 1645.1738329028296 2258.9717258190844 578.62996211279039 178.7298789178214 17.635000000000002 6 1849.8037329334722
decision_type=2 1 2 1 2 9 1 9 1 2 2 2 2 2 2 2 9 2
left_child=1 2 -1 7 -4 6 10 12 -9 15 -6 -5 -2 -7 -3 -8 -15 -10
right_child=3 14 4 11 5 13 9 8 17 -11 -12 -13 -14 16 -16 -17 -18 -19
leaf_value=-0.14852048576770818 -0.031743626350699612 -0.21163685272630309 -0.036450345315613121 0.010155659070291376 0.0032242913033902892 -0.034678171161502375 0.12704318671842552 0.32515900267101716 0.17854561390812312 0.029955981157869082 0.32548714864411182 0.092896616576780208 0.22484493932857383 0.082329088165647019 -0.10384721669850193 0.19393670609578903 -0.067732274229290471 0.2301318780521904
leaf_weight=5772 340 5803 3298 1436 1315 2073 2537 691 1093 816 74 2022 109 1603 14923 2454 460 1086
leaf_count=5772 340 5803 3298 1436 1315 2073 2537 691 1093 816 74 2022 109 1603 14923 2454 460 1086
internal_value=-0.000233071 -0.000580768 0.000139518 0.00187697 0.0007142 0.0010252 0.00157465 0.00290358 0.00326367 0.00187951 0.000295715 0.00088055 0.000580485 6.52359e-05 -0.00128923 0.00211424 0.000616799 0.00276193
internal_weight=47905 41128 20402 6777 14630 11332 7196 3319 2870 5807 1389 3458 449 4136 20726 4991 2063 2179
internal_count=47905 41128 20402 6777 14630 11332 7196 3319 2870 5807 1389 3458 449 4136 20726 4991 2063 2179
cat_boundaries=0 1 2 3 4 5 6 7
cat_threshold=668 668 2097152 16 791046 128 573568
is_linear=0
shrinkage=0.023


Tree=17
num_leaves=19
num_cat=10
split_feature=0 0 0 2 2 0 1 1 1 2 0 1 2 0 2 4 4 4
split_gain=109.472 18.9894 8.0416 6.95618 5.11297 5.0432 3.52986 2.82864 2.4375 2.24335 1.91809 1.81616 1.56152 1.53648 1.46679 1.09534 1.5359 1.06347
threshold=0 1 2 233.50883225270439 164.94920167760708 3 4 5 6 438.59450006655169 7 8 545.30265367431014 9 934.14266348463354 89.995000000000019 220.48000000000005 132.00500000000002
decision_type=9 9 9 2 2 9 9 9 9 2 9 9 2 9 2 2 2 2
left_child=4 3 11 -2 -1 6 9 14 -7 17 -4 -3 -11 -9 -6 -12 -17 -5
right_child=1 2 10 5 7 8 -8 13 -10 12 15 -13 -14 -15 -16 16 -18 -19
leaf_value=-0.18484371188244964 -0.17478064484671144 0.15144946327364858 0.24034780673838749 0.057631790460133593 -0.004575441943549619 0.045996745573854823 -0.009488332693013312 -0.024884761676153739 -0.048786915930783756 0.25261320185827835 0.29264902443549817 0.07938439933484287 0.15572165545646935 -0.097785831827088623 0.18111027645791178 0.14897897895588463 0.31815529088765471 0.19787314618169638
leaf_weight=10296 811 2564 691 1748 1020 5439 855 1759 1099 720 135 666 2641 16667 103 97 63 700
leaf_count=10296 811 2564 691 1748 1020 5439 855 1759 1099 720 135 666 2641 16667 103 97 63 700
internal_value=-0.000261058 0.00114298 0.00249558 0.000734503 -0.00111864 0.000862042 0.0013069 -0.000900518 0.000405964 0.00151058 0.00432332 0.00192576 0.00189893 -0.000968518 0.000221837 0.00606235 0.00496692 0.000983425
internal_weight=48074 18229 4216 14013 29845 13202 6664 19549 6538 5809 986 3230 3361 18426 1123 295 160 2448
internal_count=48074 18229 4216 14013 29845 13202 6664 19549 6538 5809 986 3230 3361 18426 1123 295 160 2448
cat_boundaries=0 1 2 3 4 5 6 7 8 9 10
cat_threshold=33686848 81107072 541233 1343488 2900544 32832 2134224 16785416 2637824 320
is_linear=0
shrinkage=0.023


Tree=18
num_leaves=19
num_cat=8
split_feature=0 7 0 0 2 7 7 2 0 2 2 3 2 5 2 0 3 2
split_gain=105.908 60.8453 19.059 14.2374 11.8935 7.78621 6.21155 5.68596 5.45186 3.8549 3.07872 2.58112 4.16643 2.33443 2.08812 2.20341 2.06782 2.09613
threshold=0 1 2 3 203.72011375862544 4 5 146.82801526480685 6 376.96155112431251 438.59450006655169 37.045000000000009 574.01579037995214 1.5000000000000002 775.06522834224268 7 16.115000000000006 322.7797924025482
decision_type=9 1 9 9 2 1 1 2 9 2 2 2 2 2 2 9 2 2
left_child=5 3 -3 4 -2 7 14 -1 -4 13 -5 12 -11 16 -6 -16 -8 -18
right_child=1 2 8 10 6 -7 9 -9 -10 11 -12 -13 -14 -15 15 -17 17 -19
leaf_value=-0.15841601864660362 -0.19838323820500123 -0.065004952589634957 0.064437719767775292 -0.02565125915466758 0.09126791068355368 -0.14890991703484546 0.15968368995464324 -0.033615019096077468 0.20222937019162723 0.37324389327077778 0.13795107393637712 0.41143322477676525 0.31490042852287997 -0.026702424050436806 0.029585681383282249 0.1675581278822483 0.44384466113028964 0.29085275109839742
leaf_weight=4835 238 7404 1717 466 483 14583 458 9683 597 570 4867 402 1165 103 128 170 136 293
leaf_count=4835 238 7404 1717 466 483 14583 458 9683 597 570 4867 402 1165 103 128 170 136 293
internal_value=-0.000253733 0.00107206 -0.000207155 0.00238233 0.00339702 -0.0011283 0.00370922 -0.000749799 0.00161044 0.00416838 0.0015885 0.00473157 0.00434559 0.00299398 0.00179385 0.00333023 0.00337448 0.00452209
internal_weight=48298 19197 9718 9479 4146 29101 3908 14518 2314 3127 5333 2137 1735 990 781 298 887 429
internal_count=48298 19197 9718 9479 4146 29101 3908 14518 2314 3127 5333 2137 1735 990 781 298 887 429
cat_boundaries=0 1 2 3 4 5 6 7 8
cat_threshold=33686592 668 80550784 336430 668 16 1081401 66080
is_linear=0
shrinkage=0.023


Tree=19
num_leaves=19
num_cat=3
split_feature=3 5 3 1 1 3 3 3 3 4 3 4 3 4 4 3 6 1
split_gain=46.423 9.51098 15.9107 6.44577 5.54147 3.58125 3.2159 2.76308 2.69224 1.88825 3.16289 1.87148 1.71219 1.45909 1.4872 1.38706 1.21914 1.15474
threshold=14.785000000000002 1.5000000000000002 20.195000000000004 0 1 37.980000000000011 13.445000000000002 28.895000000000003 27.135000000000002 240.09500000000003 110.02000000000002 199.92000000000004 164.90000000000003 469.40000000000003 598.99500000000012 18.175000000000004 1.5000000000000002 2
decision_type=2 2 2 9 9 2 2 2 2 2 2 2 2 2 2 2 2 9
left_child=6 2 3 15 5 11 -1 -3 -6 -7 -11 -4 16 17 -15 -2 -9 -10
right_child=1 7 4 -5 8 9 -8 12 13 10 -12 -13 -14 14 -16 -17 -18 -19
leaf_value=-0.17082088026956949 0.013376378656718766 -0.17101053519780626 0.11506565613664238 -0.066832151469493853 -0.02611954288590124 0.20269440728615737 -0.074411889493867497 -0.018408622459986406 0.092699857777921252 0.083538961195839589 0.22636682692067611 0.047337126053706914 0.19274580483217665 0.50710480833353966 0.15720874138368165 0.063801418769388954 -0.13400797240446274 -0.0016481716632367953
leaf_weight=11227 9618 1415 4106 4519 1732 987 4119 2858 1208 621 78 1309 82 68 290 2730 467 759
leaf_count=11227 9618 1415 4106 4519 1732 987 4119 2858 1208 621 78 1309 82 68 290 2730 467 759
internal_value=-0.000207301 0.000280624 0.000442968 -2.76749e-06 0.00111675 0.00150367 -0.00125166 -0.000662877 0.000434698 0.00243146 0.00151608 0.00121749 -0.000308019 0.000947115 0.0022973 0.000269266 -0.000389071 0.000701147
internal_weight=48193 32847 28025 16867 11158 7101 15346 4822 4057 1686 699 5415 3407 2325 358 12348 3325 1967
internal_count=48193 32847 28025 16867 11158 7101 15346 4822 4057 1686 699 5415 3407 2325 358 12348 3325 1967
cat_boundaries=0 1 2 3
cat_threshold=2134080 2263112 16514
is_linear=0
shrinkage=0.023


Tree=20
num_leaves=19
num_cat=18
split_feature=0 7 0 0 1 7 7 1 0 0 7 0 0 7 1 1 0 7
split_gain=98.6504 54.9674 15.6869 13.5474 9.37712 8.05092 5.84663 5.22464 4.21563 3.99397 2.61894 2.19935 1.80384 2.90864 1.77088 1.73683 1.3868 1.62325
threshold=0 1 2 3 4 5 6 7 8 9 10 11 12 13 14 15 16 17
decision_type=9 1 9 9 9 1 1 9 9 9 1 9 9 1 9 9 9 1
left_child=5 3 10 7 9 8 -6 16 14 15 -3 -8 13 -4 -1 -5 -2 -18
right_child=1 2 12 4 6 -7 11 -9 -10 -11 -12 -13 -14 -15 -16 -17 17 -19
leaf_value=0.069522860062884051 0.15759666939272368 0.016026501819760473 0.32626300014724835 -0.22350942036036672 0.3265004909009484 -0.14389200002336935 0.19625869645681945 0.029392750162290461 -0.012931699434270076 0.28494001082844345 -0.072856691418722419 0.20780124360875757 0.073253879276051384 0.12974275014391695 -0.10422366069358635 0.13536121402804049 0.19876567407184814 0.018425064096002589
leaf_weight=335 2310 1564 172 238 2114 14826 1197 1442 5186 188 5588 162 1393 532 9439 365 406 515
leaf_count=335 2310 1564 172 238 2114 14826 1197 1442 5186 188 5588 162 1393 532 9439 365 406 515
internal_value=-0.000261047 0.00107346 -0.000169931 0.00235899 0.00329991 -0.00107584 0.00381942 0.0014951 -0.000698132 0.000999264 -0.000682978 0.00258167 0.00157469 0.00253244 -0.000979452 6.48876e-05 0.00200969 0.00121296
internal_weight=47972 18186 9249 8937 4264 29786 3473 4673 14960 791 7152 1359 2097 704 9774 603 3231 921
internal_count=47972 18186 9249 8937 4264 29786 3473 4673 14960 791 7152 1359 2097 704 9774 603 3231 921
cat_boundaries=0 1 2 3 4 5 6 7 8 9 10 11 12 13 14 15 16 17 18
cat_threshold=33686848 668 80026280 80320657 37018 668 140 2097216 33554432 262144 1 18096160 17326082 1 32768 32768 12650513 640
is_linear=0
shrinkage=0.023


Tree=21
num_leaves=19
num_cat=10
split_feature=0 7 0 0 2 7 7 2 7 2 4 0 2 2 7 2 2 0
split_gain=96.2286 49.7672 18.737 11.0213 9.16732 7.36258 6.89621 4.83279 3.87048 3.1704 2.86752 2.51412 2.32298 1.97624 1.86838 1.67874 1.61612 1.51837
threshold=0 1 2 3 203.72011375862544 4 5 100.34139778802019 6 489.92624419931332 149.90500000000003 7 393.33804254633486 1645.1738329028296 8 2553.3564811473275 376.96155112431251 9
decision_type=9 1 9 9 2 1 1 2 1 2 2 9 2 2 1 2 2 9
left_child=6 3 14 4 -2 10 7 -1 11 -5 16 -4 -7 -8 -3 17 -6 -11
right_child=1 2 8 9 5 12 13 -9 -10 15 -12 -13 -14 -15 -16 -17 -18 -19
leaf_value=-0.16690469257711868 -0.16447958999032261 -0.004614586266235135 0.10584794277421589 -0.01989502229777242 0.28619012262109988 0.10979020834487625 -0.14956155327193746 -0.04020683703721932 0.090791457617475133 0.14697572112058277 0.4043945999932384 0.31688760151141171 0.27469509526515384 0.12216254558759036 -0.070978390697380295 0.25347767118556008 0.29229699598879499 0.087484778847618086
leaf_weight=3909 245 1621 284 627 579 507 14331 10603 1904 2897 635 271 967 65 5681 86 1177 1622
leaf_count=3909 245 1621 284 627 579 507 14331 10603 1904 2897 635 271 967 65 5681 86 1177 1622
internal_value=-0.000278804 0.000987631 -0.000161215 0.00218687 0.00308195 0.00336293 -0.00111565 -0.00076034 0.00157129 0.0014791 0.00415523 0.0032574 0.00203529 -0.00147302 -0.00074603 0.00169083 0.00369264 0.00163008
internal_weight=48011 19103 9761 9342 4110 3865 28908 14512 2459 5232 2391 555 1474 14396 7302 4605 1756 4519
internal_count=48011 19103 9761 9342 4110 3865 28908 14512 2459 5232 2391 555 1474 14396 7302 4605 1756 4519
cat_boundaries=0 1 2 3 4 5 6 7 8 9 10
cat_threshold=33686592 668 80026496 287270 140 668 1 32788 1 13176848
is_linear=0
shrinkage=0.023


Tree=22
num_leaves=19
num_cat=4
split_feature=2 2 1 3 1 3 3 2 2 2 4 3 1 1 2 2 4 2
split_gain=53.6679 23.6802 4.44579 5.0383 4.27751 4.77283 3.15144 2.64346 1.61951 1.40691 1.40448 1.3812 1.23588 1.07678 3.12064 1.05159 0.986314 0.981562
threshold=1187.7516038783717 310.86100306969195 0 14.885000000000003 1 34.695000000000007 10.605000000000002 2361.7284817799168 2553.3564811473275 886.20356641599085 159.90500000000003 48.765000000000008 2 3 2002.5078124158092 79.426060095022237 240.09500000000003 2211.6728059599359
decision_type=2 2 9 2 9 2 2 2 2 2 2 2 9 9 2 2 2 2
left_child=1 6 3 -3 5 7 -1 13 -6 -4 -7 -5 16 14 -2 -8 -11 -12
right_child=4 2 9 11 8 10 15 -9 -10 12 17 -13 -14 -15 -16 -17 -18 -19
leaf_value=-0.23522239536597164 -0.027025004394432849 -0.069984465685825739 -0.070898886192255539 0.018370074377245381 -0.030221061398915665 0.1526197017873461 -0.15286135743366766 0.19824649361807406 0.13739001222583175 0.016224624224321388 0.19661362568992757 0.10379694760979585 -0.10211577438306062 0.096240358395045009 0.15169768453221588 -0.082042842647059383 0.15791290852054735 0.27890043282428106
leaf_weight=5091 467 3350 6730 13421 571 966 3374 530 89 865 586 959 425 2696 76 7354 164 275
leaf_count=5091 467 3350 6730 13421 571 966 3374 530 89 865 586 959 425 2696 76 7354 164 275
internal_value=-0.000269836 -0.000567636 -0.000139575 6.5214e-05 0.0017167 0.00192149 -0.00126886 0.00145711 -4.80433e-05 -0.000582591 0.0028897 0.000252389 6.5479e-05 0.00121056 0.000254854 -0.00104518 0.000495536 0.00356556
internal_weight=47989 41733 25914 17730 6256 5596 15819 3769 660 8184 1827 14380 1454 3239 543 10728 1029 861
internal_count=47989 41733 25914 17730 6256 5596 15819 3769 660 8184 1827 14380 1454 3239 543 10728 1029 861
cat_boundaries=0 1 2 3 4
cat_threshold=2129920 2670808 540832 557184
is_linear=0
shrinkage=0.023


Tree=23
num_leaves=19
num_cat=8
split_feature=0 7 0 0 2 7 3 7 3 2 0 0 2 2 3 3 3 4
split_gain=90.9026 51.1632 12.7961 10.2665 9.84532 7.29814 6.26664 5.89714 4.93718 3.41823 3.16526 3.02399 2.15926 2.33487 3.0546 2.48457 2.27076 1.9787
threshold=0 1 2 3 240.32878198510898 4 11.815000000000003 5 16.145000000000003 463.89483640660933 6 7 2050.4041081798655 902.37644379013364 25.635000000000002 25.985000000000003 31.025000000000002 189.92000000000004
decision_type=9 1 9 9 2 1 2 1 2 2 9 9 2 2 2 2 2 2
left_child=5 3 7 4 -2 6 -1 -3 -6 -5 -4 -8 13 14 -10 -15 -14 -12
right_child=1 2 10 9 8 -7 11 -9 12 -11 17 -13 16 15 -16 -17 -18 -19
leaf_value=-0.20681228027255424 -0.08713578371242231 0.096366576464475828 0.17971237869792392 -0.04016953536143697 0.20940445193906432 -0.1282744988301654 -0.058651284119111871 -0.049653720186844094 0.37122968656796423 0.15835797747259772 0.041661171596837271 0.013801955157208211 0.26005408680494274 0.12164971109556837 0.25477267142069421 0.34137072991168654 0.49311868883580279 0.13281365180397856
leaf_weight=2355 244 1374 622 406 761 17895 5505 6932 894 3423 1634 4137 306 207 482 215 222 428
leaf_count=2355 244 1374 622 406 761 17895 5505 6932 894 3423 1634 4137 306 207 482 215 222 428
internal_value=-0.000236873 0.00104677 6.04267e-05 0.00255847 0.00349837 -0.00101629 -0.000576052 -0.000385922 0.0038604 0.00173368 0.00143794 -0.000316725 0.00438659 0.00400571 0.0044649 0.00250689 0.00568142 0.000992492
internal_weight=48042 18150 10990 7160 3331 29892 11997 8306 3087 3829 2684 9642 2326 1798 1376 422 528 2062
internal_count=48042 18150 10990 7160 3331 29892 11997 8306 3087 3829 2684 9642 2326 1798 1376 422 528 2062
cat_boundaries=0 1 2 3 4 5 6 7 8
cat_threshold=33686848 652 80550529 17048110 652 16 24582 33554432
is_linear=0
shrinkage=0.023


Tree=24
num_leaves=19
num_cat=3
split_feature=3 5 3 1 1 3 3 3 4 3 6 1 3 3 4 3 4 4
split_gain=38.2612 8.94437 14.0038 5.84616 5.3447 3.57659 2.70688 2.34339 2.14979 2.99768 1.87674 1.43306 1.47544 1.09589 1.06349 1.06138 1.01127 1.24005
threshold=14.785000000000002 1.5000000000000002 21.925000000000004 0 1 10.075000000000001 28.895000000000003 50.855000000000011 240.09500000000003 110.02000000000002 1.5000000000000002 2 47.565000000000005 14.095000000000001 19.920000000000005 18.665000000000003 86.995000000000019 79.920000000000016
decision_type=2 2 2 9 9 2 2 2 2 2 2 9 2 2 2 2 2 2
left_child=5 2 4 7 15 -1 -3 16 -9 -10 -8 -5 -13 -7 -15 -2 17 -4
right_child=1 6 3 11 -6 13 10 8 9 -11 -12 12 -14 14 -16 -17 -18 -19
leaf_value=-0.20814351143517751 0.0044460687601062679 -0.16830559172335283 0.10958186980137898 -0.038997195463999268 -0.064985633769491305 -0.11277845269892754 -0.014476992345065958 0.21642966843612585 0.036681218124770203 0.29211454560866074 -0.15210618025787559 0.027296918340558404 0.13037907422869663 0.034334697885839378 -0.073957707098914069 0.04990096426679666 0.076295545114510865 0.30694114039760356
leaf_weight=5323 11299 1404 1356 751 4449 7262 2930 425 352 83 425 2523 606 312 2539 2932 3184 111
leaf_count=5323 11299 1404 1356 751 4449 7262 2930 425 352 83 425 2523 606 312 2539 2932 3184 111
internal_value=-0.00030161 0.000142427 0.000298742 0.00102326 -6.55018e-05 -0.001246 -0.000779566 0.00150388 0.00260957 0.00147178 -0.000424666 0.000335817 0.000552358 -0.000991959 -0.000609763 0.000152153 0.00130255 0.00180226
internal_weight=48266 32830 28071 9391 18680 15436 4759 5511 860 435 3355 3880 3129 10113 2851 14231 4651 1467
internal_count=48266 32830 28071 9391 18680 15436 4759 5511 860 435 3355 3880 3129 10113 2851 14231 4651 1467
cat_boundaries=0 1 2 3
cat_threshold=2164808 2113600 266774
is_linear=0
shrinkage=0.023


Tree=25
num_leaves=19
num_cat=5
split_feature=2 2 2 3 1 1 5 3 1 4 2 1 1 2 3 3 4 3
split_gain=47.3022 21.235 7.00134 5.00994 4.42637 3.31486 2.87693 3.35142 1.79092 1.9249 1.67724 1.36764 1.19899 1.18847 1.1305 1.09715 1.08231 1.08029
threshold=1002.2101072277674 171.07014940022728 1645.1738329028296 14.095000000000001 0 1 1.5000000000000002 28.205000000000005 2 791.85000000000014 331.19630486038267 3 4 627.20003777922909 15.405000000000003 28.205000000000005 499.01000000000005 98.040000000000006
decision_type=2 2 2 2 9 9 2 2 9 2 2 9 9 2 2 2 2 2
left_child=1 -1 5 -3 6 16 7 10 -4 11 -5 -10 -6 -14 -12 -8 -2 -9
right_child=2 3 8 4 12 -7 15 17 9 -11 14 -13 13 -15 -16 -17 -18 -19
leaf_value=-0.15765687075982796 0.08999441668463945 -0.097013521380821838 0.027520636543842018 -0.042530621878282097 -0.12803926788234923 -0.0099467539377650106 -0.14170375311683001 0.10030333490358184 0.23135116499008476 0.29887407196329729 -0.01323116321357746 0.14993733034049772 -0.066049269040292527 -0.0037757051888194062 0.027855597584569288 -0.027836035880299422 0.28886136570347132 0.18562222095927572
leaf_weight=11152 2004 4323 328 1927 1020 1671 478 1158 113 87 3871 3404 4362 2266 7969 1751 76 66
leaf_count=11152 2004 4323 328 1927 1020 1671 478 1158 113 87 3871 3404 4362 2266 7969 1751 76 66
internal_value=-0.000278406 -0.000593408 0.00137562 -0.00026725 -0.000141616 0.000664699 6.30062e-05 0.00017768 0.00205374 0.00219957 7.51291e-05 0.00212179 -0.000601622 -0.000486871 0.000177548 -0.000707884 0.00127422 0.00133091
internal_weight=48026 40343 7683 29191 24868 3751 17220 14991 3932 3604 13767 3517 7648 6628 11840 2229 2080 1224
internal_count=48026 40343 7683 29191 24868 3751 17220 14991 3932 3604 13767 3517 7648 6628 11840 2229 2080 1224
cat_boundaries=0 1 2 3 4 5
cat_threshold=2129920 2097272 38918 104 262968
is_linear=0
shrinkage=0.023


Tree=26
num_leaves=19
num_cat=5
split_feature=0 0 3 3 0 0 3 3 3 5 6 5 3 0 4 5 4 3
split_gain=80.7778 11.2445 4.77934 4.29444 4.01833 2.69807 3.14245 2.61526 1.89956 1.61438 1.5162 1.42339 1.69949 1.67145 1.34725 1.3258 1.29806 0.997712
threshold=0 1 14.015000000000002 10.075000000000001 2 3 16.075000000000003 37.980000000000011 63.210000000000008 1.5000000000000002 1.5000000000000002 1.5000000000000002 36.605000000000011 4 102.05500000000002 2.5000000000000004 572.40000000000009 25.985000000000003
decision_type=9 9 2 2 9 9 2 2 2 2 2 2 2 9 2 2 2 2
left_child=3 2 -2 -1 17 6 -4 -6 -7 -9 14 12 -5 -14 -8 -16 -10 -3
right_child=1 4 5 11 7 8 10 9 16 -11 -12 -13 13 -15 15 -17 -18 -19
leaf_value=-0.2022256786507256 -0.1392539022584775 0.27251726975814833 0.024942409569878487 -0.081391736954122218 0.10665865688945196 0.020681005984016579 0.1056581961990998 0.21474345663048877 0.14601887237668165 0.089480749242314334 -0.18705771062512061 -0.12136019704054381 0.081819055076057912 -0.037139053205660084 0.18853755003775036 -0.029662540545317979 -0.052040693087124015 0.15946404364616967
leaf_weight=4818 639 102 1730 19936 3510 7184 2021 854 251 322 81 2881 427 763 2213 105 84 174
leaf_count=4818 639 102 1730 19936 3510 7184 2021 854 251 322 81 2881 427 763 2213 105 84 174
internal_value=-0.00026663 0.000885992 0.000557852 -0.00103713 0.0018291 0.000649136 0.00100621 0.00166155 0.000355239 0.00260383 0.0013331 -0.000911704 -0.000846285 -1.93181e-06 0.00139133 0.00176978 0.00204806 0.00451289
internal_weight=48095 19270 14308 28825 4962 13669 6150 4686 7519 1176 4420 24007 21126 1190 4339 2318 335 276
internal_count=48095 19270 14308 28825 4962 13669 6150 4686 7519 1176 4420 24007 21126 1190 4339 2318 335 276
cat_boundaries=0 1 2 3 4 5
cat_threshold=33686592 81074561 6 68419584 132096
is_linear=0
shrinkage=0.023


Tree=27
num_leaves=19
num_cat=13
split_feature=0 7 0 0 3 7 3 1 7 1 0 3 0 3 7 0 3 7
split_gain=79.4539 44.2723 14.4583 10.1734 8.60079 7.87098 6.89569 5.47535 3.75032 3.38763 2.52709 2.52575 2.09929 1.81131 1.70706 2.27766 1.66873 1.44203
threshold=0 1 2 3 14.785000000000002 4 11.815000000000003 5 6 7 8 37.980000000000011 9 14.095000000000001 10 11 27.295000000000005 12
decision_type=9 1 9 9 2 1 2 9 1 9 9 2 9 2 1 9 2 1
left_child=5 3 14 4 13 6 -1 11 9 -6 -8 -5 -4 -2 15 -3 -11 -12
right_child=1 2 12 7 8 -7 10 -9 -10 16 17 -13 -14 -15 -16 -17 -18 -19
leaf_value=-0.1720789120357257 -0.23479709338203228 0.12583835473397287 0.15518711733266707 0.12406235965685354 0.31269305102056227 -0.12532753606376493 -0.060102609265514702 0.0060561113392030514 0.23427721377707109 0.0057814689213744677 0.024905647196279176 0.20877544303469553 0.066839304516737669 0.12086092011386185 -0.074153908681796277 -0.030713539969349633 0.43451569599985179 -0.024118300273143864
leaf_weight=2930 177 242 545 2990 1833 15205 6969 1266 1398 171 2457 481 1535 355 4460 2168 92 2893
leaf_count=2930 177 242 545 2990 1833 15205 6969 1266 1398 171 2457 481 1535 355 4460 2168 92 2893
internal_value=-0.000300841 0.000923766 -0.000214336 0.00208505 0.00293844 -0.00101308 -0.000642721 0.00135499 0.00336053 0.00398975 -0.000404597 0.00182753 0.00146128 0.000221262 -0.000723072 -0.000227128 0.00137468 -2.789e-05
internal_weight=48167 17713 8950 8763 4026 30454 15249 4737 3494 2096 12319 3471 2080 532 6870 2410 263 5350
internal_count=48167 17713 8950 8763 4026 30454 15249 4737 3494 2096 12319 3471 2080 532 6870 2410 263 5350
cat_boundaries=0 1 2 3 4 5 6 7 8 9 10 11 12 13
cat_threshold=33690944 668 80022184 270894 668 2130496 140 2113664 33554432 16801794 1025 67109408 136
is_linear=0
shrinkage=0.023


Tree=28
num_leaves=19
num_cat=9
split_feature=0 7 0 0 7 2 2 7 7 2 2 4 2 0 7 4 2 2
split_gain=76.8238 40.0361 13.3226 11.67 9.24317 7.96528 6.11226 5.28165 4.45642 2.40207 2.29051 2.05609 1.83395 1.54784 1.3837 1.41318 1.38045 2.11478
threshold=0 1 2 3 4 138.21470020969994 93.757345162677424 5 6 393.33804254633486 2553.3564811473275 148.90500000000003 443.01261283457728 7 8 156.35000000000002 380.92746284175115 688.20522748815858
decision_type=9 1 9 9 1 2 2 1 1 2 2 2 2 9 1 2 2 2
left_child=4 3 -3 5 6 -2 -1 10 -4 -9 11 16 -5 -8 -15 -16 -7 -18
right_child=1 2 8 12 -6 7 13 9 -10 -11 -12 -13 -14 14 15 -17 17 -19
leaf_value=-0.14302138194993966 -0.22719708103835423 -0.04821292187643024 0.24687637684047392 -0.01884595951972385 -0.13100878527726867 0.23001326461863719 -0.054155338409047439 0.093097686068999125 0.06863855330034839 0.25658723237343678 0.46905591849763817 0.36886949735629748 0.1083542608365632 0.035013234478455189 -0.052668274636138983 0.059212462639842721 0.27697457367034839 0.26700160648970472
leaf_weight=3694 193 7245 525 481 14618 575 6163 545 1822 987 75 675 4634 2287 1939 569 488 599
leaf_count=3694 193 7245 525 481 14618 575 6163 545 1822 987 75 675 4634 2287 1939 569 488 599
internal_value=-0.000291243 0.00085397 -0.000187502 0.00193273 -0.00102847 0.00284321 -0.000619117 0.00307334 0.00131499 0.00197038 0.00374993 0.00363783 0.00119213 -0.000346777 -3.61372e-05 -0.000408447 0.00320214 0.00368454
internal_weight=48114 18844 9592 9252 29270 4137 14652 3944 2347 1532 2412 2337 5115 10958 4795 2508 1662 1087
internal_count=48114 18844 9592 9252 29270 4137 14652 3944 2347 1532 2412 2337 5115 10958 4795 2508 1662 1087
cat_boundaries=0 1 2 3 4 5 6 7 8 9
cat_threshold=33688640 668 81073032 18096678 668 140 1 33554432 136
is_linear=0
shrinkage=0.023


Tree=29
num_leaves=19
num_cat=7
split_feature=0 0 1 3 0 0 1 1 3 5 3 3 5 4 5 3 3 3
split_gain=74.0352 8.5449 5.93649 4.6762 4.4844 4.09882 2.53949 2.14745 1.91927 2.11319 1.56224 1.53999 1.22718 1.03586 0.890397 1.53421 0.853561 1.24487
threshold=0 1 2 10.075000000000001 3 4 5 6 18.225000000000005 1.5000000000000002 16.245000000000001 84.070000000000007 1.5000000000000002 190.94500000000002 1.5000000000000002 21.075000000000003 37.525000000000013 42.835000000000008
decision_type=9 9 9 2 9 9 9 9 2 2 2 2 2 2 2 2 2 2
left_child=3 6 4 -1 -3 -4 -2 -5 13 16 -6 14 -13 -7 15 -9 -10 -18
right_child=1 2 5 7 10 8 -8 11 9 -11 -12 12 -14 -15 -16 -17 17 -19
leaf_value=-0.18756264307040152 -0.057762851050653055 0.26751643575323791 0.18075392110297725 0.015528442558406247 -0.16303828349177299 0.076128521913106276 0.032838012125902954 -0.089840168997857003 0.14903906567534 0.050814779935073065 0.025148559481130307 0.18216661267197523 -0.052468464730311901 0.25999393819870492 -0.11398619706416001 -0.033481404383386433 0.29885896836098036 0.17417575631984036
leaf_weight=4783 1432 162 991 1051 628 3225 6110 16517 3157 845 1303 113 152 221 2721 3377 250 632
leaf_count=4783 1432 162 991 1051 628 3225 6110 16517 3157 845 1303 113 152 221 2721 3377 250 632
internal_value=-0.00029687 0.000818513 0.00121549 -0.00103313 0.000105311 0.00146439 0.000216898 -0.000902259 0.0012942 0.00158902 -0.000210779 -0.000948728 0.000793493 0.000880031 -0.00096957 -0.000916174 0.00180784 0.00244073
internal_weight=47670 18956 11414 28714 2093 9321 7542 23931 8330 4884 1931 22880 265 3446 22615 19894 4039 882
internal_count=47670 18956 11414 28714 2093 9321 7542 23931 8330 4884 1931 22880 265 3446 22615 19894 4039 882
cat_boundaries=0 1 2 3 4 5 6 7
cat_threshold=33686592 12654976 39070 8224 16801806 807464 32832
is_linear=0
shrinkage=0.023


Tree=30
num_leaves=19
num_cat=5
split_feature=2 7 3 7 2 2 2 3 3 7 2 5 3 7 5 2 7 3
split_gain=40.9065 28.9696 22.4302 7.49627 5.85801 4.10234 2.34694 2.26265 2.12324 1.64431 1.40769 1.34274 1.37924 1.32413 1.2621 1.18353 1.1075 1.08924
threshold=1220.2284672072674 0 14.095000000000001 1 325.6381307556158 2002.5078124158092 438.59450006655169 90.250000000000014 11.155000000000003 2 2361.7284817799168 1.5000000000000002 14.885000000000003 3 1.5000000000000002 489.92624419931332 4 37.045000000000009
decision_type=2 1 2 1 2 2 2 2 2 1 2 2 2 1 2 2 1 2
left_child=1 2 8 5 14 -2 -3 9 -1 11 -7 12 15 -10 17 -6 -5 -4
right_child=3 6 4 16 7 10 -8 -9 13 -11 -12 -13 -14 -15 -16 -17 -18 -19
leaf_value=-0.17742975087454416 0.10701154419722174 -0.1380707843139786 -0.012124611386269826 -0.030615322672075587 0.044181858507668988 0.22142225896737189 -0.067030485074086071 0.27634131214245916 -0.031842449245346606 0.030380627328143135 0.26002485972068046 -0.00078130243980203268 0.11943769476748124 -0.12030879218164954 -0.10080546457123903 -0.065316949047090983 0.054016985684584531 0.13438907559786117
leaf_weight=2783 1664 11997 2146 552 416 959 9075 135 1814 4575 488 684 5515 1363 813 311 2370 231
leaf_count=2783 1664 11997 2146 552 416 959 9075 135 1814 4575 488 684 5515 1363 813 311 2370 231
internal_value=-0.000314177 -0.000569375 4.01031e-05 0.00145639 0.000519161 0.00224022 -0.00117004 0.000758536 -0.0011515 0.000723744 0.00314307 0.000947228 0.0010546 -0.000745113 -0.000353988 0.00011291 0.000611981 -8.63986e-05
internal_weight=47891 41858 20786 6033 14826 3111 21072 11636 5960 11501 1447 6926 6242 3177 3190 727 2922 2377
internal_count=47891 41858 20786 6033 14826 3111 21072 11636 5960 11501 1447 6926 6242 3177 3190 727 2922 2377
cat_boundaries=0 1 2 3 4 5
cat_threshold=668 653 140 140 66
is_linear=0
shrinkage=0.023


Tree=31
num_leaves=19
num_cat=11
split_feature=0 0 1 3 0 3 5 1 1 1 3 0 0 3 1 3 0 3
split_gain=67.4152 7.76508 7.32207 4.96539 4.5833 2.22408 2.72696 2.10364 2.10336 1.62476 1.50849 1.44569 1.44026 1.17343 1.15778 1.22524 1.12608 0.979574
threshold=0 1 2 10.075000000000001 3 16.075000000000003 1.5000000000000002 4 5 6 50.855000000000011 7 8 19.875000000000004 9 34.385000000000012 10 31.025000000000002
decision_type=9 9 9 2 9 2 2 9 9 9 2 9 9 2 9 2 9 2
left_child=3 7 12 -1 17 -6 9 10 -5 -7 -2 -10 -3 -11 15 -13 -12 -4
right_child=1 2 4 8 5 6 -8 -9 11 13 16 14 -14 -15 -16 -17 -18 -19
leaf_value=-0.18083369877172623 0.034365413247968206 -0.17120594356253413 0.17529344466573799 0.0095503301290151745 0.046355589276261509 0.15173933196666967 0.025562829381504778 -0.02438534293982637 -0.092957182404280858 -0.015951707410695168 0.22668689568622127 -0.045697792457491969 0.080576776346349341 0.14326614130994006 -0.10262829611767339 0.01367742969150375 0.07965086738834172 0.26445268914367587
leaf_weight=4817 5048 720 457 1102 1859 4706 875 2362 14609 428 122 7078 151 668 1486 955 239 407
leaf_count=4817 5048 720 457 1102 1859 4706 875 2362 14609 428 122 7078 151 668 1486 955 239 407
internal_value=-0.000305624 0.0008055 0.00122058 -0.000972754 0.00140783 0.00124271 0.00144006 0.000256005 -0.000843872 0.00162056 0.000505861 -0.000888547 -0.000793184 0.000797563 -0.000665461 -0.000554667 0.00194267 0.00300556
internal_weight=48089 18042 10271 30047 9400 8536 6677 7771 25230 5802 5409 24128 871 1096 9519 8033 361 864
internal_count=48089 18042 10271 30047 9400 8536 6677 7771 25230 5802 5409 24128 871 1096 9519 8033 361 864
cat_boundaries=0 1 2 3 4 5 6 7 8 9 10 11
cat_threshold=33686848 14260352 37426 16785414 2097728 32832 2113600 33554432 84148240 2637824 1644544
is_linear=0
shrinkage=0.023


Tree=32
num_leaves=19
num_cat=6
split_feature=2 7 3 7 2 2 2 3 7 3 7 5 3 3 7 7 2 3
split_gain=35.2018 26.8295 23.6073 7.09519 5.33605 3.60842 2.96726 2.57262 2.52858 2.26428 1.86244 1.75924 2.43972 1.72257 1.65237 1.43656 1.13379 1.09243
threshold=1002.2101072277674 0 13.575000000000001 1 138.21470020969994 1645.1738329028296 2553.3564811473275 11.815000000000003 2 15.225000000000003 3 1.5000000000000002 19.115000000000006 28.205000000000005 4 5 2092.5687050952351 35.125000000000007
decision_type=2 1 2 1 2 2 2 2 1 2 1 2 2 2 1 1 2 2
left_child=1 2 7 6 -4 -5 10 -1 -7 -3 -2 12 -6 -13 -9 -11 -10 -8
right_child=3 9 4 5 11 8 17 14 16 15 -12 13 -14 -15 -16 -17 -18 -19
leaf_value=-0.16982518914219313 0.23371236128366862 -0.13403000874932472 -0.06576949011078799 -0.0059676711217397076 0.042252950271661795 0.11560493014790983 0.26504662685525116 0.041575478366278708 0.083292562111815724 -0.05964277026979329 0.1356052420043645 -0.11681176039474359 0.12928143477031767 0.028675933838899693 -0.08237564575738128 -0.10912770404913391 -0.011745642751046314 0.31134593105968572
leaf_weight=2997 868 8951 1425 2296 8233 1343 80 548 383 7009 1968 323 3248 1192 1952 4253 713 82
leaf_count=2997 868 8951 1425 2296 8233 1343 80 548 383 7009 1968 323 3248 1192 1952 4253 713 82
internal_value=-0.000305499 -0.000579303 2.00596e-05 0.00111541 0.00050894 0.000556677 0.00198926 -0.00126242 0.00117385 -0.00116934 0.00182267 0.000655443 0.00075265 -8.12087e-05 -0.000717536 -0.000952861 0.00034015 0.00502195
internal_weight=47864 40131 19918 7733 14421 4735 2998 5497 2439 20213 2836 12996 11481 1515 2500 11262 1096 162
internal_count=47864 40131 19918 7733 14421 4735 2998 5497 2439 20213 2836 12996 11481 1515 2500 11262 1096 162
cat_boundaries=0 1 2 3 4 5 6
cat_threshold=668 652 1073 128 8 1281
is_linear=0
shrinkage=0.023


Tree=33
num_leaves=19
num_cat=7
split_feature=7 3 3 1 5 3 7 3 1 3 5 3 7 1 4 3 1 3
split_gain=32.5269 31.0236 6.97204 6.63973 5.69073 7.98714 3.41392 3.14847 3.10602 2.52807 2.40316 1.85157 1.6346 1.45035 1.4297 1.46318 1.384 1.36773
threshold=0 14.095000000000001 18.665000000000003 1 1.5000000000000002 36.605000000000011 2 29.905000000000005 3 15.045000000000002 1.5000000000000002 10.965000000000002 4 5 64.930000000000021 17.835000000000004 6 33.155000000000008
decision_type=1 2 2 9 2 2 1 2 9 2 2 2 1 9 2 2 9 2
left_child=1 11 -2 4 5 6 16 -6 -8 -10 13 -1 14 -4 -11 -16 -3 -15
right_child=2 3 10 -5 7 -7 8 -9 9 12 -12 -13 -14 17 15 -17 -18 -19
leaf_value=-0.16528371218240948 -0.10794731854809025 0.19590397766449308 -0.068765611175940447 1.849931915276397e-05 -0.13106823236923609 0.2377664998213127 -0.039296941943470484 0.050250769617559636 0.026674103688556067 0.19327557245574259 -0.093449472969426267 -0.061942870649519817 0.11578862073474522 -0.016831711976046125 0.04095330869357218 0.1648531151932279 0.0085674047606697067 0.033872230745836944
leaf_weight=2673 15069 127 1006 4457 680 1025 505 1215 1026 843 2149 3377 4787 4134 399 968 2014 1759
leaf_count=2673 15069 127 1006 4457 680 1025 505 1215 1026 843 2149 3377 4787 4134 399 968 2014 1759
internal_value=-0.000299666 0.000298027 -0.000896588 0.000775996 0.00102828 0.0012185 0.00103214 -0.000140168 0.00123773 0.00134833 -0.000392271 -0.00112715 0.00150634 -0.000183053 0.00203147 0.00158081 0.000206456 -4.42989e-05
internal_weight=48213 24096 24117 18046 13589 11694 10669 1895 8528 8023 9048 6050 6997 6899 2210 1367 2141 5893
internal_count=48213 24096 24117 18046 13589 11694 10669 1895 8528 8023 9048 6050 6997 6899 2210 1367 2141 5893
cat_boundaries=0 1 2 3 4 5 6 7
cat_threshold=668 2654272 16 524288 128 791082 524288
is_linear=0
shrinkage=0.023


Tree=34
num_leaves=19
num_cat=6
split_feature=7 3 3 1 5 3 3 7 5 3 3 1 7 4 3 7 3 4
split_gain=30.5929 29.7656 6.82376 4.70641 4.03428 5.90959 3.67957 3.48536 3.11131 2.60161 2.44529 1.86945 1.70338 1.45911 1.24761 1.13831 1.13065 1.08021
threshold=0 14.095000000000001 18.585000000000004 1 1.5000000000000002 16.075000000000003 28.895000000000003 2 1.5000000000000002 10.965000000000002 37.045000000000009 3 4 449.30500000000006 36.32500000000001 5 15.315000000000003 84.995000000000019
decision_type=1 2 2 9 2 2 2 1 2 2 2 9 1 2 2 1 2 2
left_child=1 9 16 4 5 -3 -6 14 11 -1 -9 -4 13 -5 -7 -11 -2 -12
right_child=2 3 8 12 6 7 -8 10 -10 15 17 -13 -14 -15 -16 -17 -18 -19
leaf_value=-0.1614821868022141 -0.12719135224870823 0.02642866540467571 0.0031233389472496435 0.041410053322960008 -0.14244911042595354 0.024360229339823087 0.058194076580086608 0.13357236525458926 -0.096949661171907411 0.016716655351260674 0.31101330045086167 -0.063180038335192965 -0.031131717479681693 0.40474344325779016 0.13535454563750668 -0.078154027809604829 -0.081691847165739392 0.19569571863046398
leaf_weight=2736 9538 3770 5032 1095 681 1473 1385 6013 2228 669 88 2013 2252 86 216 2608 5393 695
leaf_count=2736 9538 3770 5032 1095 681 1473 1385 6013 2228 669 88 2013 2252 86 216 2608 5393 695
internal_value=-0.000347311 0.000238898 -0.000922651 0.000712689 0.000895705 0.00105483 -4.38573e-05 0.00139148 -0.000432978 -0.0011596 0.00162326 -0.00019604 -5.32374e-05 0.000650871 0.000446541 -0.000722377 -0.00122737 0.0028347
internal_weight=47971 23767 24204 17754 14321 12255 2066 8485 9273 6013 6796 7045 3433 1181 1689 3277 14931 783
internal_count=47971 23767 24204 17754 14321 12255 2066 8485 9273 6013 6796 7045 3433 1181 1689 3277 14931 783
cat_boundaries=0 1 2 3 4 5 6
cat_threshold=668 2146372 16 2097380 20 8
is_linear=0
shrinkage=0.023


Tree=35
num_leaves=19
num_cat=7
split_feature=0 0 2 3 0 1 1 1 4 2 3 4 3 2 0 2 3 3
split_gain=66.7997 8.19946 5.73699 4.78544 3.42008 2.49175 2.20432 1.84956 1.40296 1.61628 1.08843 1.06386 0.936034 0.929304 0.885539 0.847486 0.844062 0.796765
threshold=0 1 240.32878198510898 10.075000000000001 2 3 4 5 135.90500000000003 380.92746284175115 17.195000000000004 81.930000000000021 30.465000000000003 1946.2208764284899 6 73.307966824152189 33.155000000000008 68.485000000000014
decision_type=9 9 2 2 9 9 9 9 2 2 2 2 2 2 9 2 2 2
left_child=3 12 -3 -1 7 10 -5 11 9 -7 -6 -4 13 -2 -11 -8 -17 -14
right_child=1 2 4 6 5 8 15 -9 -10 14 -12 -13 17 -15 -16 16 -18 -19
leaf_value=-0.16742301953925037 0.25938572452024838 -0.12780306221954704 0.01879695536591218 0.020775147181593956 -0.12303282665463952 0.042144805468126191 -0.12021165866854695 -0.031529491277075154 0.15146003690521612 0.014980477637796967 0.090340517024017922 0.065027632837058244 0.3069905373324992 0.10871215596323804 0.10916157337574935 -0.075758082234527221 -0.037301675485745332 0.12836421605809248
leaf_weight=4848 101 930 2792 1064 329 1494 3042 1325 2784 482 892 2783 270 329 4167 18060 2432 80
leaf_count=4848 101 930 2792 1064 329 1494 3042 1325 2784 482 892 2783 270 329 4167 18060 2432 80
internal_value=-0.000317944 0.000754624 0.000653347 -0.00100112 0.000749677 0.00101816 -0.000871276 0.000352811 0.00115183 0.000958942 3.94168e-05 0.000536372 0.00305029 0.00236832 0.00117043 -0.000917353 -0.000864544 0.00397322
internal_weight=48204 18758 17978 29446 17048 10148 24598 6900 8927 6143 1221 5575 780 430 4649 23534 20492 350
internal_count=48204 18758 17978 29446 17048 10148 24598 6900 8927 6143 1221 5575 780 430 4649 23534 20492 350
cat_boundaries=0 1 2 3 4 5 6 7
cat_threshold=100797504 8198 13635968 4250 32832 2097354 16777256
is_linear=0
shrinkage=0.023


Tree=36
num_leaves=19
num_cat=7
split_feature=0 0 1 3 0 3 3 5 3 4 4 1 0 4 3 4 4 0
split_gain=64.3575 8.9617 4.96497 4.30525 4.12117 3.10952 2.21737 1.95838 1.97784 1.93911 1.75317 1.57323 1.56033 1.34325 1.32406 1.06319 1.12858 1.00493
threshold=0 1 2 10.075000000000001 3 15.795000000000002 24.845000000000002 1.5000000000000002 37.980000000000011 239.65000000000003 159.90500000000003 4 5 99.995000000000019 48.765000000000008 49.910000000000004 19.920000000000005 6
decision_type=9 9 9 2 9 2 2 2 2 2 2 9 9 2 2 2 2 9
left_child=3 -2 4 -1 14 -6 -4 8 15 10 13 -5 -8 -10 -3 16 17 -7
right_child=1 2 6 11 5 7 12 -9 9 -11 -12 -13 -14 -15 -16 -17 -18 -19
leaf_value=-0.16000528066525246 0.22989140277806275 0.02081491216429018 -0.074539351379391119 -0.00060161255734918315 0.033088978342826425 0.37137524527619536 0.14104427432032934 0.023017000971262934 0.26898513416608089 0.074399837585053918 0.29036783364652696 -0.073912786802233718 0.003910428036791383 0.14526969977599644 0.10282702388551677 0.14763591106462545 0.044943471020091316 0.0050237094297791163
leaf_weight=4868 683 6291 1586 1077 1736 115 220 890 201 294 212 23122 720 215 519 4081 1139 143
leaf_count=4868 683 6291 1586 1077 1736 115 220 890 201 294 212 23122 720 215 519 4081 1139 143
internal_value=-0.000306467 0.0007326 0.000635235 -0.000987188 0.000786338 0.00110889 -0.000311416 0.00131844 0.00145901 0.0024446 0.00316615 -0.000861966 0.00057242 0.00229657 0.000357804 0.00129304 0.000745202 0.00211812
internal_weight=48112 19045 18362 29067 15836 9026 2526 7290 6400 922 628 24199 940 416 6810 5478 1397 258
internal_count=48112 19045 18362 29067 15836 9026 2526 7290 6400 922 628 24199 940 416 6810 5478 1397 258
cat_boundaries=0 1 2 3 4 5 6 7
cat_threshold=34735168 8194 2179276 79763841 32832 17351200 262176
is_linear=0
shrinkage=0.023


Tree=37
num_leaves=19
num_cat=10
split_feature=0 7 0 0 7 3 3 3 7 5 7 3 7 3 3 5 0 0
split_gain=56.0602 29.7166 11.0806 7.9785 7.15646 7.12908 5.96558 2.71205 2.60921 1.9678 1.73716 1.47357 1.40028 1.2897 1.16862 2.19396 1.09994 1.07148
threshold=0 1 2 3 4 11.815000000000003 14.785000000000002 20.805000000000003 5 1.5000000000000002 6 14.095000000000001 7 50.855000000000011 27.295000000000005 1.5000000000000002 8 9
decision_type=9 1 9 9 1 2 2 2 1 2 1 2 1 2 2 2 9 9
left_child=4 3 7 6 5 -1 11 -3 9 -8 -7 -2 16 -5 -12 -16 -4 -15
right_child=1 2 12 13 -6 10 8 -9 -10 -11 14 -13 -14 17 15 -17 -18 -19
leaf_value=-0.15023724560105964 -0.20458515342634057 -0.0017299088526343178 0.09236630620566133 0.084454042077818536 -0.11081720243407557 -0.0018374197074545442 0.29092092119995683 0.12592736114502273 0.18380431194411689 0.10739781920947997 -0.057010129098129469 0.12327066842335885 -0.06735736878504503 0.22089714635560923 0.10488177570801753 -0.073133295996294409 -0.022470693029563091 0.069194640957303849
leaf_weight=2948 172 557 133 4462 15029 5429 1457 1349 1881 193 5432 326 4745 221 574 507 2399 170
leaf_count=2948 172 557 133 4462 15029 5429 1457 1349 1881 193 5432 326 4745 221 574 507 2399 170
internal_value=-0.000312787 0.000698772 -0.000218836 0.00164664 -0.000923489 -0.000565112 0.00240516 0.00133783 0.00274348 0.00342876 -0.00031543 5.44745e-05 -0.000627864 0.00101318 -0.000568263 0.000121465 -0.000188905 0.00228166
internal_weight=47984 18065 9183 8882 29919 14890 4029 1906 3531 1650 11942 498 7277 4853 6513 1081 2532 391
internal_count=47984 18065 9183 8882 29919 14890 4029 1906 3531 1650 11942 498 7277 4853 6513 1081 2532 391
cat_boundaries=0 1 2 3 4 5 6 7 8 9 10
cat_threshold=34741313 668 17358866 270894 668 136 136 1025 32 25264272
is_linear=0
shrinkage=0.023


Tree=38
num_leaves=19
num_cat=17
split_feature=0 7 0 0 1 7 1 0 7 0 1 0 0 7 7 4 7 0
split_gain=50.9804 32.2744 10.0608 6.85626 6.97571 6.77834 2.81263 2.68008 2.39123 2.73354 2.03584 2.03364 1.88906 2.66464 1.47748 1.30396 1.26821 1.43793
threshold=0 1 2 3 4 5 6 7 8 9 10 11 12 13 14 74.895000000000024 15 16
decision_type=9 1 9 9 9 1 9 9 1 9 9 9 9 1 1 2 1 9
left_child=5 3 16 4 -2 7 11 10 -6 -10 -1 -5 -4 -14 -13 -12 17 -3
right_child=1 2 12 6 8 -7 -8 -9 9 -11 15 14 13 -15 -16 -17 -18 -19
leaf_value=0.022584557631601238 -0.043478130075430069 0.15208390808798514 0.040485425075397208 0.054442509087346221 0.26905158039591359 -0.11056128510742443 0.019135008050129677 -0.01454445482514184 0.27480350482450183 0.15438134327950592 -0.10078178895223529 0.18973954780025465 0.01924326911233604 0.22124602380695499 0.087417144524020898 -0.059649661296835778 -0.065851663612661815 -0.026534144141201595
leaf_weight=750 425 200 1340 1351 2188 12866 1657 5374 122 1249 4898 975 273 418 1391 5162 5902 1482
leaf_count=750 425 200 1340 1351 2188 12866 1657 5374 122 1249 4898 975 273 418 1391 5162 5902 1482
internal_value=-0.000307509 0.000619647 -0.000316257 0.00158055 0.00230586 -0.000912948 0.00103949 -0.000598724 0.00264004 0.00184187 -0.000807534 0.00139134 0.00111788 0.00209297 0.00180092 -0.000893942 -0.000701306 -0.00014108
internal_weight=48023 18973 9615 9358 3984 29050 5374 16184 3559 1371 10810 3717 2031 691 2366 10060 7584 1682
internal_count=48023 18973 9615 9358 3984 29050 5374 16184 3559 1371 10810 3717 2031 691 2366 10060 7584 1682
cat_boundaries=0 1 2 3 4 5 6 7 8 9 10 11 12 13 14 15 16 17
cat_threshold=33752128 668 79960996 270886 299034 1692 2097216 33554432 140 518 557072 18387329 1081369 2306 520 1 160
is_linear=0
shrinkage=0.023


Tree=39
num_leaves=19
num_cat=12
split_feature=0 7 0 1 0 7 7 3 3 1 3 0 3 7 7 4 7 4
split_gain=56.8845 29.9787 9.94771 7.57222 7.93723 6.68091 4.83613 4.45603 2.24839 2.0416 2.0005 1.937 1.75878 1.61763 1.51399 1.44052 1.4056 1.20527
threshold=0 1 2 3 4 5 6 11.735000000000001 23.285000000000004 7 15.045000000000002 8 20.805000000000003 9 10 69.920000000000016 11 59.895000000000003
decision_type=9 1 9 9 9 1 1 2 2 9 2 9 2 1 1 2 1 2
left_child=5 3 16 4 6 7 10 -1 -5 14 -2 -10 -4 -11 -9 17 -3 -8
right_child=1 2 12 8 -6 -7 15 9 11 13 -12 -13 -14 -15 -16 -17 -18 -19
leaf_value=-0.12953518010014906 0.10379082574676823 -0.012381738595139354 0.010782032289185155 -0.031046221408178112 0.1096215957140944 -0.11291657300160596 0.17412200283916449 0.061475880112188706 0.04638844178631598 0.0018066584205005706 0.28696594577552692 0.16551616748935744 0.12524704530966232 -0.054043673017023466 -0.025718861241669198 0.24297705389630184 -0.062254725485587963 -0.014628831891441438
leaf_weight=3201 67 2746 578 1193 4159 12914 804 683 601 2200 706 291 1466 9553 593 1409 4994 146
leaf_count=3201 67 2746 578 1193 4159 12914 804 683 601 2200 706 291 1466 9553 593 1409 4994 146
internal_value=-0.000318714 0.000654599 -0.000236147 0.00158335 0.0019336 -0.000958491 0.00281163 -0.000646795 0.000355118 -0.000458279 0.00441752 0.00123015 0.00118727 -0.000552885 0.000414144 0.00226862 -0.000613117 0.00158542
internal_weight=48304 19160 9784 9376 7291 29144 3132 16230 2085 13029 773 892 2044 11753 1276 2359 7740 950
internal_count=48304 19160 9784 9376 7291 29144 3132 16230 2085 13029 773 892 2044 11753 1276 2359 7740 950
cat_boundaries=0 1 2 3 4 5 6 7 8 9 10 11 12
cat_threshold=100795456 668 13966240 2113600 287278 1692 128 557392 13453456 8 148 1025
is_linear=0
shrinkage=0.023


Tree=40
num_leaves=19
num_cat=2
split_feature=3 5 3 1 1 3 3 3 6 4 3 3 4 3 4 3 4 4
split_gain=23.8536 6.99289 5.91847 3.89005 3.87337 3.07746 2.12226 1.73401 1.62713 1.22124 1.30152 1.00725 2.00492 0.916416 0.87481 0.672283 0.677759 0.639742
threshold=15.045000000000002 1.5000000000000002 21.245000000000005 0 1 10.605000000000002 28.895000000000003 36.605000000000011 1.5000000000000002 330.49500000000006 15.795000000000002 110.02000000000002 251.95000000000002 66.285000000000011 198.12000000000003 46.545000000000009 93.725000000000009 119.99500000000002
decision_type=2 2 2 9 9 2 2 2 2 2 2 2 2 2 2 2 2 2
left_child=5 2 4 7 9 -1 -3 14 13 10 17 12 -9 -8 -4 -5 -17 -2
right_child=1 6 3 15 -6 -7 8 11 -10 -11 -12 -13 -14 -15 -16 16 -18 -19
leaf_value=-0.14375886460920728 -0.0069811584976763675 -0.134252921428925 0.066242663646322128 -0.0095841100466300365 -0.066205898034443475 -0.072132595628747492 -0.036595395944348283 0.13353553841689467 -0.1454494612555505 -0.050387387315390143 0.021619546321427537 0.17714585255058571 0.019440355667134927 0.041665968404588076 0.0089639122326334794 0.15016793294525974 0.027846429134012012 -0.083855167835435299
leaf_weight=5367 3456 1409 3245 3055 3280 10103 2308 1187 423 659 9727 117 572 580 1120 77 655 478
leaf_count=5367 3456 1409 3245 3055 3280 10103 2308 1187 423 659 9727 117 572 580 1120 77 655 478
internal_value=-0.000320636 3.46127e-05 0.000174389 0.000620354 -7.97143e-05 -0.00106346 -0.000783522 0.000972472 -0.000465317 8.37816e-05 0.000130496 0.00155882 0.00142101 -0.000270117 0.000722633 3.73727e-05 0.000663408 -0.000222503
internal_weight=47818 32348 27628 10028 17600 15470 4720 6241 3311 14320 13661 1876 1759 2888 4365 3787 732 3934
internal_count=47818 32348 27628 10028 17600 15470 4720 6241 3311 14320 13661 1876 1759 2888 4365 3787 732 3934
cat_boundaries=0 1 2
cat_threshold=2129984 2146372
is_linear=0
shrinkage=0.023


Tree=41
num_leaves=19
num_cat=14
split_feature=0 7 0 0 1 7 3 1 3 7 7 1 7 0 3 1 2 1
split_gain=49.4597 27.2669 7.63802 7.05263 5.9111 5.65652 5.47634 3.69558 3.48846 1.88922 1.80795 1.59732 1.58486 1.59131 1.21073 1.14868 1.16516 1.14824
threshold=0 1 2 3 4 5 11.815000000000003 6 16.025000000000002 7 8 9 10 11 16.075000000000003 12 1027.0785781349978 13
decision_type=9 1 9 9 9 1 2 9 2 1 1 9 1 9 2 9 2 9
left_child=5 2 7 12 -4 6 -1 14 -6 -10 -5 -8 13 -3 -2 16 -7 -11
right_child=1 3 4 10 8 15 11 -9 9 17 -12 -13 -14 -15 -16 -17 -18 -19
leaf_value=-0.13817804477801865 0.034501351922475353 0.070102263813960064 -0.065030623408331475 -0.0063758602241447797 0.11774974837901923 -0.078457325066410386 0.050005982201654905 -0.015207395009789831 0.15940748784134029 0.21915991847289393 -0.061984475911576922 -0.035714303617818077 0.036377019776015526 0.23064388018193865 0.11512832379457526 -0.10753043460466294 0.14332407736286867 0.25186374130407907
leaf_weight=2854 871 402 396 2765 913 1648 584 1187 621 429 5090 11004 1298 249 2889 12791 61 2180
leaf_count=2854 871 402 396 2765 913 1648 584 1187 621 429 5090 11004 1298 249 2889 12791 61 2180
internal_value=-0.000317054 0.000585004 0.00146353 -0.000265663 0.00214614 -0.000918165 -0.000594852 0.000834079 0.00240416 0.0027648 -0.000573009 -0.000372978 0.000969555 0.00189261 0.00118715 -0.00123954 -0.000666366 0.00303998
internal_weight=48232 19290 9486 9804 4539 28942 14442 4947 4143 3230 7855 11588 1949 651 3760 14500 1709 2609
internal_count=48232 19290 9486 9804 4539 28942 14442 4947 4143 3230 7855 11588 1949 651 3760 14500 1709 2609
cat_boundaries=0 1 2 3 4 5 6 7 8 9 10 11 12 13 14
cat_threshold=33686600 668 81301905 17358867 37426 668 2130520 16 1025 32768 33 32784 33216 786560
is_linear=0
shrinkage=0.023


Tree=42
num_leaves=19
num_cat=5
split_feature=7 3 3 1 7 3 6 3 3 3 6 3 3 4 3 3 7 7
split_gain=25.3017 24.2884 5.25378 3.62466 3.47095 2.3251 2.13246 2.32355 2.01218 1.9452 1.38869 1.26082 1.16139 1.49064 1.13358 1.48608 1.12158 1.05206
threshold=0 14.095000000000001 18.585000000000004 1 2 53.320000000000007 1.5000000000000002 18.825000000000003 10.965000000000002 25.045000000000005 1.5000000000000002 14.515000000000002 90.250000000000014 429.17000000000007 15.045000000000002 14.105000000000002 3 4
decision_type=1 2 2 9 1 2 2 2 2 2 2 2 2 2 2 2 1 1
left_child=1 8 11 4 6 -6 7 14 -1 16 -4 -2 13 -9 15 -3 -5 -10
right_child=2 3 10 9 5 -7 -8 12 17 -11 -12 -13 -14 -15 -16 -17 -18 -19
leaf_value=-0.13594598868419847 -0.11720717004244309 0.14088967938771596 -0.025638516221405214 0.014351331689331557 0.01744246103819503 0.15518278137413163 -0.10754861505496933 0.1285630911301531 0.005901453307574211 0.063329144869133491 -0.16753336789051723 -0.070562290384498474 0.23995105272962794 -0.0077693364192153455 0.091375599832591206 -0.06086046631432214 -0.055976874103663199 -0.082184285377805186
leaf_weight=2696 7293 246 8892 1923 4146 214 123 3325 677 1943 311 7560 131 288 3581 616 1473 2587
leaf_count=2696 7293 246 8892 1923 4146 214 123 3325 677 1943 311 7560 131 288 3581 616 1473 2587
internal_value=-0.000315245 0.000213693 -0.000842006 0.000634974 0.000846524 0.000318932 0.0011226 0.00116913 -0.00105889 0.000131098 -0.000410531 -0.00110991 0.00159123 0.00151391 0.000813372 6.45549e-05 -0.000200728 -0.000674733
internal_weight=48025 23969 24056 18009 12670 4360 8310 8187 5960 5339 9203 14853 3744 3613 4443 862 3396 3264
internal_count=48025 23969 24056 18009 12670 4360 8310 8187 5960 5339 9203 14853 3744 3613 4443 862 3396 3264
cat_boundaries=0 1 2 3 4 5
cat_threshold=668 2129988 648 28 8
is_linear=0
shrinkage=0.023


Tree=43
num_leaves=19
num_cat=9
split_feature=0 0 2 1 2 1 6 0 4 2 2 0 1 4 1 2 1 4
split_gain=45.4036 7.16747 5.26833 4.34424 3.40651 1.97641 1.66851 1.3829 1.63422 1.32322 1.06877 1.00022 1.39115 0.98443 0.970788 0.919314 0.876086 0.873625
threshold=0 1 90.768138215006061 2 2167.7732156647398 3 1.5000000000000002 4 49.910000000000004 393.33804254633486 2553.3564811473275 5 6 78.045000000000016 7 661.26556187211509 8 102.05500000000002
decision_type=9 9 2 9 2 9 2 9 2 2 2 9 9 2 9 2 9 2
left_child=2 16 13 6 15 -4 7 8 -3 17 14 -7 -13 -1 -9 -5 -2 -10
right_child=1 3 5 4 -6 11 -8 10 9 -11 -12 12 -14 -15 -16 -17 -18 -19
leaf_value=-0.15487319200838762 0.0084087223491663386 0.043691201259430018 0.021856721146897407 -0.12795545938090611 0.12365466726899489 -0.062916502413132611 -0.15511179021629767 -0.022070417946116527 0.0027648507878246932 0.11261988349422643 0.1996245894794286 -0.010669197198624754 -0.086177282284661011 -0.099515636412455866 0.037327893656009171 -0.021935816911647619 0.18971874449104056 0.10375263791994466
leaf_weight=4215 102 2205 1121 1081 184 17254 166 669 827 3825 81 3319 1048 3248 5590 1001 1076 1011
leaf_count=4215 102 2205 1121 1081 184 17254 166 669 827 3825 81 3319 1048 3248 5590 1001 1076 1011
internal_value=-0.000306072 0.000614573 -0.000849086 0.000490937 -0.00044399 -0.000675349 0.000638535 0.000665773 0.000869644 0.00107758 0.000410727 -0.000723975 -0.000410006 -0.00137962 0.000377343 -0.000711135 0.00234177 0.000570302
internal_weight=48023 17818 30205 16640 2266 22742 14374 14208 7868 5663 6340 21621 4367 7463 6259 2082 1178 1838
internal_count=48023 17818 30205 16640 2266 22742 14374 14208 7868 5663 6340 21621 4367 7463 6259 2082 1178 1838
cat_boundaries=0 1 2 3 4 5 6 7 8 9
cat_threshold=33688896 16801798 2179308 32832 786992 33555456 2363426 16384 819200
is_linear=0
shrinkage=0.023


Tree=44
num_leaves=19
num_cat=15
split_feature=0 7 7 1 0 7 0 0 4 7 1 1 4 0 1 4 7 0
split_gain=44.5303 24.1722 6.6261 5.70002 5.19093 5.17982 6.45695 2.91419 1.92522 1.75042 1.58296 1.3275 1.46479 1.25013 1.24158 1.17649 1.17504 1.14016
threshold=0 1 2 3 4 5 6 7 74.895000000000024 8 9 10 139.90500000000003 11 12 59.050000000000004 13 14
decision_type=9 1 1 9 9 1 9 9 2 1 9 9 2 9 9 2 1 9
left_child=2 3 8 13 -3 7 10 15 -1 17 -7 12 -8 -2 16 -5 -10 -4
right_child=1 4 9 5 -6 6 11 -9 14 -11 -12 -13 -14 -15 -16 -17 -18 -19
leaf_value=-0.060066107119463752 -0.087085682146071569 -0.066729051800881276 -0.098467628658282305 0.087936433069759498 0.061652629935460779 0.013592283930130138 0.22195673917741895 0.03909286087269092 -0.087401586997127939 -0.12669355808022456 0.1216585684269967 0.15327612964096948 0.30630685431273985 0.05132430153709111 -0.028954700080161603 0.26189712446950003 0.075422117566877223 -0.048586965939708668
leaf_weight=7133 662 5169 7071 121 1537 697 1673 2975 191 4699 2507 458 710 324 7610 228 598 3864
leaf_count=7133 662 5169 7071 121 1537 697 1673 2975 191 4699 2507 458 710 324 7610 228 598 3864
internal_value=-0.000315918 0.000628528 -0.000832866 0.00132483 -0.00044704 0.00150025 0.0019028 0.000764593 -0.000495568 -0.00116742 0.00118527 0.00270485 0.00293629 -0.000340306 -0.000259896 0.00272694 0.000604052 -0.00100477
internal_weight=48227 17061 31166 10355 6706 9369 6045 3324 15532 15634 3204 2841 2383 986 8399 349 789 10935
internal_count=48227 17061 31166 10355 6706 9369 6045 3324 15532 15634 3204 2841 2383 986 8399 349 789 10935
cat_boundaries=0 1 2 3 4 5 6 7 8 9 10 11 12 13 14 15
cat_threshold=34735552 669 668 295474 80026152 17 80271408 16801826 1345 540800 2113536 12926976 557056 512 33554432
is_linear=0
shrinkage=0.023


Tree=45
num_leaves=19
num_cat=6
split_feature=0 2 2 0 6 3 1 2 1 2 0 3 3 3 2 2 2 0
split_gain=46.4841 4.89765 4.79571 4.31119 1.76413 1.95919 1.44706 1.5057 1.38948 1.8175 1.33161 1.60505 1.16854 1.11311 1.1123 1.02754 1.02284 1.14986
threshold=0 233.50883225270439 85.043627290182187 1 1.5000000000000002 53.320000000000007 2 2002.5078124158092 3 1467.7808565443286 4 15.795000000000002 16.675000000000004 36.32500000000001 574.01579037995214 1645.1738329028296 345.86022056418653 5
decision_type=9 2 2 9 2 2 9 2 9 2 9 2 2 2 2 2 2 9
left_child=2 -2 12 15 5 6 7 -5 9 -4 14 -12 -1 -10 -8 -3 -7 -18
right_child=1 3 8 4 -6 16 10 -9 13 -11 11 -13 -14 -15 -16 -17 17 -19
leaf_value=-0.13965707870570288 -0.13433210395226289 0.0017530860118755477 -0.01092731100942199 -0.034785576598140952 -0.12645126542688293 0.38126517957508382 -0.023544508667155625 0.069011379927642377 -0.057889820538483995 0.21369953916694234 0.037687623120003351 0.091612545047889016 -0.056568367735229656 -0.016838306020165845 0.046841537382656576 0.14119210011555858 0.062497768894106659 0.17077543156550501
leaf_weight=6037 866 106 1054 1196 175 92 902 152 20205 61 1907 5777 1101 2107 4615 845 541 418
leaf_count=6037 866 106 1054 1196 175 92 902 152 20205 61 1907 5777 1101 2107 4615 845 541 418
internal_value=-0.000316234 0.000625522 -0.000858196 0.000713203 0.000621072 0.000647235 0.00057794 -0.00014089 -0.000699437 9.50487e-05 0.000650957 0.000847276 -0.00138041 -0.000738852 0.000376467 0.00221118 0.00160616 0.00138328
internal_weight=48157 17592 30565 16726 15775 15600 14549 1348 23427 1115 13201 7684 7138 22312 5517 951 1051 959
internal_count=48157 17592 30565 16726 15775 15600 14549 1348 23427 1115 13201 7684 7138 22312 5517 951 1051 959
cat_boundaries=0 1 2 3 4 5 6
cat_threshold=101846336 16785414 824112 32832 13209632 4522129
is_linear=0
shrinkage=0.023


Tree=46
num_leaves=19
num_cat=13
split_feature=0 7 0 7 0 2 2 7 1 0 2 2 7 7 1 2 0 0
split_gain=41.5695 24.8908 8.76929 6.33973 6.32725 5.16294 3.69393 2.7614 3.99715 2.02994 1.99153 1.74012 1.64756 1.60394 2.8605 1.58772 2.27664 1.44564
threshold=0 1 2 3 4 164.94920167760708 85.043627290182187 5 6 7 674.45785259047409 376.96155112431251 8 9 10 388.79686210529559 11 12
decision_type=9 1 9 1 9 2 2 1 9 9 2 2 1 1 9 2 9 9
left_child=3 4 9 6 11 -6 -1 -7 15 -3 -10 -2 -5 14 -8 -9 -17 -15
right_child=1 2 -4 12 5 7 13 8 10 -11 -12 -13 -14 17 -16 16 -18 -19
leaf_value=-0.10125689057414804 -0.13590613358965264 0.15269538994728846 -0.046458097375033106 -0.080906627678649229 -0.17169111367248849 0.0631045557074945 0.20070206379267461 0.17755231123059664 -0.0067925448626034741 0.051314832574722913 0.22653144232695568 0.058505115647441847 -0.12845125083102829 0.018606084288119284 -0.011960900569547022 0.16237436497576924 0.25866146513772947 -0.058614692613686785
leaf_weight=3499 221 540 7925 9831 255 1026 230 868 442 1358 789 3839 4229 617 4768 1044 1071 5109
leaf_count=3499 221 540 7925 9831 255 1026 230 868 442 1358 789 3839 4229 617 4768 1044 1071 5109
internal_value=-0.000321147 0.000499404 -0.00031359 -0.000883208 0.00133464 0.00184431 -0.000539836 0.0020032 0.00226362 0.00108695 0.00113423 0.000641932 -0.00122992 -0.000328478 -2.67275e-05 0.00272422 0.00307342 -0.000590775
internal_weight=47661 19378 9823 28283 9555 5495 14223 5240 4214 1898 1231 4060 14060 10724 4998 2983 2115 5726
internal_count=47661 19378 9823 28283 9555 5495 14223 5240 4214 1898 1231 4060 14060 10724 4998 2983 2115 5726
cat_boundaries=0 1 2 3 4 5 6 7 8 9 10 11 12 13
cat_threshold=100797440 668 17358866 668 10015185 16 2097152 16801794 1345 136 32768 21037090 131072
is_linear=0
shrinkage=0.023


Tree=47
num_leaves=19
num_cat=4
split_feature=0 2 2 0 0 4 6 4 4 2 2 2 2 4 2 2 0 2
split_gain=38.7442 5.18739 3.71359 3.24696 2.02952 1.24891 1.22129 1.35252 1.16676 1.10944 1.01499 0.772392 0.771353 0.760074 0.744798 0.720324 0.720746 0.687045
threshold=0 240.32878198510898 93.757345162677424 1 2 1379.5000000000002 1.5000000000000002 129.02500000000003 78.045000000000016 2258.9717258190844 438.59450006655169 578.62996211279039 499.22448476242204 110.13500000000001 2339.3154995388018 741.84444392610214 3 849.84417946220049
decision_type=9 2 2 9 9 2 2 2 2 2 2 2 2 2 2 2 9 2
left_child=2 -2 8 -3 17 9 7 10 -1 11 -6 -4 -12 -11 -9 16 -13 -5
right_child=1 3 5 4 6 -7 -8 14 -10 13 12 15 -14 -15 -16 -17 -18 -19
leaf_value=-0.1384643400004735 -0.13237356319251092 0.14348200084538132 -0.057674372328935415 -0.0080939683291278586 0.014994122831505998 0.15327074637923865 -0.094028328953163556 0.092274518408978781 -0.086567629837350904 -0.015920645255150159 0.11828602698939991 0.0076834999514870522 0.053316682030294341 0.19182718016803743 0.23467097578415433 -0.050218208037274399 -0.056220328087812445 0.037824634538639205
leaf_weight=4245 918 1161 16305 2595 2247 98 114 3378 3299 78 482 1188 4564 73 222 3086 779 2930
leaf_count=4245 918 1161 16305 2595 2247 98 114 3378 3299 78 482 1188 4564 73 222 3086 779 2930
internal_value=-0.000302212 0.000517541 -0.000825465 0.000605288 0.000521561 -0.000672344 0.00070222 0.000727654 -0.00126508 -0.000684154 0.000547563 -0.000698047 0.000728621 0.00127913 0.00109243 -0.000449556 -0.000105575 0.000161015
internal_weight=47762 18611 29151 17693 16532 21607 11007 10893 7544 21509 7293 21358 5046 151 3600 5053 1967 5525
internal_count=47762 18611 29151 17693 16532 21607 11007 10893 7544 21509 7293 21358 5046 151 3600 5053 1967 5525
cat_boundaries=0 1 2 3 4
cat_threshold=34737224 17309702 71373185 33685568
is_linear=0
shrinkage=0.023


Tree=48
num_leaves=19
num_cat=8
split_feature=7 3 3 1 5 3 5 3 3 3 7 7 3 7 1 7 1 3
split_gain=24.7114 17.2347 8.02109 5.09751 5.51043 3.06404 2.51379 2.80526 2.04311 1.78154 1.33985 1.22511 1.1906 1.35433 0.915109 0.852159 0.800496 0.795844
threshold=0 14.885000000000003 17.135000000000002 1 1.5000000000000002 11.815000000000003 1.5000000000000002 26.215000000000003 37.045000000000009 29.905000000000005 2 3 10.075000000000001 4 5 6 7 30.465000000000003
decision_type=1 2 2 9 2 2 2 2 2 2 1 1 2 1 9 1 9 2
left_child=1 5 12 4 8 -1 7 10 11 -6 -4 -3 -2 -14 -12 -9 -17 -5
right_child=2 3 6 17 9 -7 -8 15 -10 -11 14 -13 13 -15 -16 16 -18 -19
leaf_value=-0.11820388701499951 -0.13556534977880069 0.12660124364853215 0.010000045794210629 -0.0108202401210296 -0.098690023475110494 -0.025469259797027886 -0.074333080979665983 0.10615175393711553 0.17017812790832251 0.038018093882182857 -0.085502935475896671 0.065865335685859741 -0.064866237381208794 -0.10012991704288356 -0.029585878182140122 -0.025036242349555964 0.025237342028933168 0.045340171508173099
leaf_weight=2453 3244 3979 1101 2782 506 3530 2720 633 682 953 1084 3031 7501 4375 5132 598 2766 1090
leaf_count=2453 3244 3979 1101 2782 506 3530 2720 633 682 953 1084 3031 7501 4375 5132 598 2766 1090
internal_value=-0.000309657 0.000335587 -0.000730167 0.000805208 0.00110067 -0.000686053 -0.000334423 -0.000183484 0.00134767 -0.000194028 -0.000451153 0.00123068 -0.00109796 -0.000991251 -0.000581591 0.000306516 0.000158414 0.000103797
internal_weight=48160 19006 29154 13023 9151 5983 14034 11314 7692 1459 7317 7010 15120 11876 6216 3997 3364 3872
internal_count=48160 19006 29154 13023 9151 5983 14034 11314 7692 1459 7317 7010 15120 11876 6216 3997 3364 3872
cat_boundaries=0 1 2 3 4 5 6 7 8
cat_threshold=652 2129984 16 136 1297 803090 16 790586
is_linear=0
shrinkage=0.023


Tree=49
num_leaves=19
num_cat=8
split_feature=2 7 2 2 1 3 2 7 3 7 2 7 1 2 7 2 7 3
split_gain=22.2513 21.5185 7.66234 4.15361 3.63915 3.25867 2.32995 2.24964 2.9995 2.02534 1.78301 1.4695 1.43128 1.29778 1.17141 2.31165 1.15469 1.2191
threshold=294.29624598411442 0 1220.2284672072674 2002.5078124158092 1 14.885000000000003 73.307966824152189 2 50.855000000000011 3 2553.3564811473275 4 5 2115.2533550652433 6 333.86502847955052 7 10.965000000000002
decision_type=2 1 2 2 9 2 2 1 2 1 2 1 9 2 1 2 1 2
left_child=6 3 9 4 5 14 -1 -7 -9 -3 13 -6 -4 -5 15 -2 17 -8
right_child=1 2 12 10 11 7 16 8 -10 -11 -12 -13 -14 -15 -16 -17 -18 -19
leaf_value=-0.12889886333336759 0.26128939375779681 -0.045262201533706789 0.14124950700910469 0.18488817736519547 0.042538322072504207 0.10431052565250565 -0.099323365349943432 0.020026677101525042 0.20367341801733244 -0.092457884445811184 0.22158635344162439 -0.038593679968707391 0.026756610617706778 0.10825025495055293 -0.033240043128446223 -0.016335054683283664 -0.083799432687123837 -0.01884437304280024
leaf_weight=6815 121 9220 147 265 1761 5047 771 3237 201 4346 204 3031 2946 908 1492 363 4124 3082
leaf_count=6815 121 9220 147 265 1761 5047 771 3237 201 4346 204 3031 2946 908 1492 363 4124 3082
internal_value=-0.000320159 9.6665e-06 -0.000574419 0.000594758 0.000485884 0.000725965 -0.00106241 0.000922552 0.000464107 -0.000810293 0.0018048 -3.96561e-05 0.000458258 0.00145914 -0.000114521 0.000858161 -0.000795564 -0.000504685
internal_weight=48081 33289 16659 16630 15253 10461 14792 8485 3438 13566 1377 4792 3093 1173 1976 484 7977 3853
internal_count=48081 33289 16659 16630 15253 10461 14792 8485 3438 13566 1377 4792 3093 1173 1976 484 7977 3853
cat_boundaries=0 1 2 3 4 5 6 7 8
cat_threshold=668 2129984 140 1345 12 32832 8 668
is_linear=0
shrinkage=0.023


Tree=50
num_leaves=19
num_cat=8
split_feature=2 7 2 2 7 1 4 1 7 7 1 2 1 4 2 4 2 4
split_gain=20.2009 19.8601 6.86742 3.642 2.13157 1.94681 2.44801 1.94444 1.96935 1.77676 1.74432 1.34444 1.26498 1.12029 1.3398 0.975977 1.1582 0.954172
threshold=178.7298789178214 0 1002.2101072277674 603.15557967331563 1 2 42.035000000000004 3 4 5 6 2002.5078124158092 7 313.99000000000007 2092.5687050952351 190.94500000000002 1519.3943877340305 78.045000000000016
decision_type=2 1 2 2 1 9 2 9 1 1 9 2 9 2 2 2 2 2
left_child=17 3 4 7 -3 6 -5 8 -2 11 15 -8 -11 14 -13 -4 -17 -1
right_child=1 2 10 5 -6 -7 9 -9 -10 12 -12 13 -14 -15 -16 16 -18 -19
leaf_value=-0.11480676899949192 0.075259412746642773 -0.046045477676244721 0.025100781211212442 0.017481783453563063 -0.090998725417523338 0.0079004233199892505 0.11300041985019388 -0.028494508051178747 0.0039566509814540256 0.22043619999802572 -0.061103384712254585 0.30379011348408841 0.035843673289452462 0.081633049900522961 0.22635092561822998 -0.0019851631822776329 0.13019697265249566 -0.074830475113510583
leaf_weight=6010 3398 9965 2627 1474 4536 1439 2943 2541 4091 133 629 76 1674 111 445 242 422 5410
leaf_count=6010 3398 9965 2627 1474 4536 1439 2943 2541 4091 133 629 76 1674 111 445 242 422 5410
internal_value=-0.000294596 -3.20087e-05 -0.000565153 0.000503962 -0.000796351 0.000860779 0.00102154 0.000209358 0.000395611 0.00125046 0.000288658 0.00154767 0.000650175 0.00251457 0.00296138 0.00050031 0.00128951 -0.0011395
internal_weight=48166 36746 18421 18325 14501 8295 6856 10030 7489 5382 3920 3575 1807 632 521 3291 664 11420
internal_count=48166 36746 18421 18325 14501 8295 6856 10030 7489 5382 3920 3575 1807 632 521 3291 664 11420
cat_boundaries=0 1 2 3 4 5 6 7 8
cat_threshold=668 1345 2670656 2129920 136 648 2147012 524288
is_linear=0
shrinkage=0.023


Tree=51
num_leaves=19
num_cat=8
split_feature=7 4 1 6 1 4 4 7 1 4 4 1 4 7 1 4 4 4
split_gain=21.6218 4.28249 3.14266 2.01474 2.02931 1.87918 1.45955 1.33074 1.53893 1.18879 1.09579 1.0733 1.0555 0.886704 0.907246 0.849913 1.04948 0.808889
threshold=0 52.925000000000004 1 1.5000000000000002 2 139.90500000000003 129.99500000000003 3 4 389.94000000000005 1798.5000000000002 5 57.995000000000012 6 7 74.895000000000024 76.845000000000013 143.10000000000002
decision_type=1 2 9 2 9 2 2 1 9 2 2 9 2 1 9 2 2 2
left_child=1 -1 -2 4 6 13 7 11 -9 -6 17 -3 -13 -4 -15 -14 -17 -7
right_child=2 3 5 -5 9 10 -8 8 -10 -11 -12 12 15 14 -16 16 -18 -19
leaf_value=-0.017879968069998781 0.14490117886140516 -0.076753537209847872 -0.057444986482546929 -0.12473473474977541 -0.028317415761212952 0.07408204882889706 0.084880875667394232 0.13035033690790204 -0.016725278981384074 0.13421390459486232 0.11797203020157039 0.19035209198019143 0.0039271668089344994 -0.035771897564684116 -0.098280329888234763 0.16864018758279248 0.068802116853755924 -0.03961259665082259
leaf_weight=7503 115 230 10418 239 2704 111 5648 104 2490 303 73 378 1154 1218 5793 152 2909 6506
leaf_count=7503 115 230 10418 239 2704 111 5648 104 2490 303 73 378 1154 1218 5793 152 2909 6506
internal_value=-0.000289757 0.000202484 -0.00077323 0.000411756 0.000442936 -0.000791833 0.000566679 0.00035496 -6.58848e-05 -9.62768e-05 -0.000464453 0.000580233 0.00065769 -0.000917942 -0.00112028 0.000554645 0.000755167 -0.000495402
internal_weight=48048 23814 24234 16311 16072 24119 13065 7417 2594 3007 6690 4823 4593 17429 7011 4215 3061 6617
internal_count=48048 23814 24234 16311 16072 24119 13065 7417 2594 3007 6690 4823 4593 17429 7011 4215 3061 6617
cat_boundaries=0 1 2 3 4 5 6 7 8
cat_threshold=668 836 2637888 648 524288 524288 1281 16562
is_linear=0
shrinkage=0.023


Tree=52
num_leaves=19
num_cat=6
split_feature=2 7 2 1 2 4 7 2 2 2 7 7 1 6 2 4 4 2
split_gain=19.5488 18.3308 7.71831 4.25461 2.51974 2.64404 2.34267 1.84205 1.61581 1.42071 1.35853 1.28114 1.32714 1.18749 1.0704 1.04973 0.960835 0.958288
threshold=246.63292377064883 0 1002.2101072277674 1 553.29273050228824 40.940000000000005 2 2167.7732156647398 37.77157551604224 2553.3564811473275 3 4 5 1.5000000000000002 1253.4124346971646 78.045000000000016 108.74000000000002 618.52111970165925
decision_type=2 1 2 9 2 2 1 2 2 2 1 1 9 2 2 2 2 2
left_child=8 3 6 4 16 -6 -3 17 -1 13 -10 -4 14 -7 -13 -12 -2 -5
right_child=1 2 11 7 5 9 -8 -9 10 -11 15 12 -14 -15 -16 -17 -18 -19
leaf_value=-0.12914862564325344 0.01588429035544283 -0.041392582720072534 0.060783212703403235 -0.047474073348722348 0.022067111210059411 0.11234262583531469 -0.089553536828018032 0.14498712579247622 -0.11899750337586713 0.26592274382002451 -0.074042509830717015 -0.062197985799363455 -0.0065879153517300563 -0.096737031440182461 0.10345333541011653 -0.029215694656493083 0.074118101197629363 0.011069134584146769
leaf_weight=4809 4009 9276 1406 2026 1399 4957 4384 199 1597 83 3234 79 2301 69 188 3470 2474 2268
leaf_count=4809 4009 9276 1406 2026 1399 4957 4384 199 1597 83 3234 79 2301 69 188 3470 2474 2268
internal_value=-0.000273511 9.41851e-06 -0.000513674 0.000536985 0.000747979 0.00106826 -0.000773501 -7.33935e-05 -0.00103139 0.00131084 -0.000836993 0.000378143 7.02972e-05 0.00126142 0.00157388 -0.000689771 0.000427595 -0.000173856
internal_weight=48228 35118 17634 17484 12991 6508 13660 4493 13110 5109 8301 3974 2568 5026 267 6704 6483 4294
internal_count=48228 35118 17634 17484 12991 6508 13660 4493 13110 5109 8301 3974 2568 5026 267 6704 6483 4294
cat_boundaries=0 1 2 3 4 5 6
cat_threshold=668 2719812 1345 2146 2049 16992
is_linear=0
shrinkage=0.023


Tree=53
num_leaves=19
num_cat=15
split_feature=0 7 0 0 1 7 7 1 7 0 1 7 0 4 0 4 4 1
split_gain=34.7847 17.1544 7.22989 5.04841 4.88327 4.60691 2.50917 2.34508 2.06902 1.98364 1.63852 1.412 1.32943 1.21303 1.19388 1.14911 1.0555 0.999339
threshold=0 1 2 3 4 5 6 7 8 9 10 11 12 69.895000000000024 13 139.90500000000003 159.90500000000003 14
decision_type=9 1 9 9 9 1 1 9 1 9 9 1 9 2 9 2 2 9
left_child=5 3 12 4 -2 -1 15 11 -4 13 14 -7 16 -9 -5 -6 -3 -11
right_child=1 2 8 10 6 7 -8 9 -10 17 -12 -13 -14 -15 -16 -17 -18 -19
leaf_value=-0.098716227030068548 -0.082313577367878699 0.21414406444203829 -0.0044464415096151294 0.048204937305912618 0.1753476418518875 0.054630861738939412 0.12194520396067832 -0.08426399798710385 -0.05559876142908101 -0.010283832166023982 0.0055061051076675483 -0.053057419028256836 0.059046354117337455 -0.049160309352507904 0.085184005473668264 0.29951744004320052 0.017313392448258542 -0.060392962761964125
leaf_weight=8996 347 162 2807 1443 1426 844 1266 5695 4983 4280 1514 607 1751 6984 2762 624 80 1457
leaf_count=8996 347 162 2807 1443 1426 844 1266 5695 4983 4280 1514 607 1751 6984 2762 624 80 1457
internal_value=-0.000323975 0.000435586 -0.000238308 0.00113778 0.00180539 -0.000828186 0.0020783 -0.000631813 -0.000554638 -0.000702049 0.000707718 0.000258298 0.000994644 -0.000862978 0.000941505 0.00258443 0.00257339 -0.000345486
internal_weight=48028 19165 9783 9382 3663 28863 3316 19867 7790 18416 5719 1451 1993 12679 4205 2050 242 5737
internal_count=48028 19165 9783 9382 3663 28863 3316 19867 7790 18416 5719 1451 1993 12679 4205 2050 242 5737
cat_boundaries=0 1 2 3 4 5 6 7 8 9 10 11 12 13 14 15
cat_threshold=33686592 668 17358870 270372 299010 2147 140 557120 1025 33554432 2129984 156 16386 17338754 2359296
is_linear=0
shrinkage=0.023


Tree=54
num_leaves=19
num_cat=7
split_feature=0 0 2 2 0 4 1 2 2 4 1 2 1 1 2 2 5 4
split_gain=31.4636 4.5499 4.10968 3.73555 1.73958 1.34803 1.7343 1.2233 1.20313 0.952053 0.948827 1.24859 0.922463 0.75248 0.93901 1.07015 0.678868 0.89072
threshold=0 1 90.768138215006061 133.94148556889363 2 112.94000000000001 3 438.59450006655169 2339.3154995388018 79.920000000000016 4 1519.3943877340305 5 6 574.01579037995214 443.01261283457728 1.5000000000000002 116.99500000000002
decision_type=9 9 2 2 9 2 9 2 2 2 9 2 9 9 2 2 2 2
left_child=2 -2 9 -3 13 7 8 -6 16 -1 11 -4 -9 14 15 -5 17 -7
right_child=1 3 10 4 5 6 -8 12 -10 -11 -12 -13 -14 -15 -16 -17 -18 -19
leaf_value=-0.1275602384608906 0.13161860337605957 -0.16060146964694258 -0.01399102770727224 -0.060857082400725654 -0.012136239791304961 0.14311857695187877 -0.055714457505429742 0.1430866332464544 0.185066243570258 -0.07620535416466423 -0.051553132205834039 0.1387037000075253 0.037442210262137711 -0.029881694501174245 0.010386838375869231 0.12798134288405058 0.012267245186033891 0.090173535172075797
leaf_weight=4425 1050 616 2044 79 2205 90 384 403 237 3066 19481 70 4406 1361 4139 166 661 3192
leaf_count=4425 1050 616 2044 79 2205 90 384 403 237 3066 19481 70 4406 1361 4139 166 661 3192
internal_value=-0.000316592 0.000411584 -0.000791856 0.000324821 0.000387595 0.000549743 0.000857873 0.000350007 0.000992407 -0.00125632 -0.000631095 -0.000165227 0.000555677 5.97464e-05 0.000206435 0.0015898 0.00089901 0.00103444
internal_weight=48075 18989 29086 17939 17323 11578 4564 7014 4180 7491 21595 2114 4809 5745 4384 245 3943 3282
internal_count=48075 18989 29086 17939 17323 11578 4564 7014 4180 7491 21595 2114 4809 5745 4384 245 3943 3282
cat_boundaries=0 1 2 3 4 5 6 7
cat_threshold=100795464 24583 4266368 2900608 557380 16448 2130000
is_linear=0
shrinkage=0.023


Tree=55
num_leaves=19
num_cat=11
split_feature=0 7 0 0 2 7 2 2 7 7 0 0 2 4 7 2 2 0
split_gain=31.9017 15.6096 6.74259 6.36069 5.26347 4.46791 3.11658 2.01236 1.984 1.96079 1.93197 1.52328 1.33528 1.3047 1.20674 1.11953 0.964618 0.967663
threshold=0 1 2 3 203.72011375862544 4 104.79614203836395 388.79686210529559 5 6 7 8 73.307966824152189 39.995000000000012 9 474.27523956213275 879.03623882356851 10
decision_type=9 1 9 9 2 1 2 2 1 1 9 9 2 2 1 2 2 9
left_child=5 2 15 8 -4 6 -1 -6 11 -5 -11 -3 -7 -9 -14 -2 -15 -18
right_child=1 3 4 9 7 12 -8 13 -10 10 -12 -13 14 16 -16 -17 17 -19
leaf_value=-0.079506964348112857 -0.02311140251279897 0.22398786803275697 -0.12354547486831217 0.044517084913497679 0.15192704014031336 -0.11554034471373557 -0.013081814280992326 0.11346598942403975 0.038046993532228117 -0.049810701714825829 0.008760729263621073 0.13025347759107944 -0.097509569310466421 0.26744623865770772 -0.055367971075472526 0.079413654678661655 0.16460174079674073 0.23045513242075044
leaf_weight=3124 464 243 216 1604 999 3863 8720 335 813 5733 2473 301 3624 949 10407 3451 399 447
leaf_count=3124 464 243 216 1604 999 3863 8720 335 813 5733 2473 301 3624 949 10407 3451 399 447
internal_value=-0.000304587 0.000447308 0.00127683 -9.26602e-05 0.00203559 -0.000770387 -0.000422894 0.00228139 0.00137726 -0.000297213 -0.000441008 0.00245015 -0.00100002 0.0026809 -0.000896299 0.000624921 0.00292686 0.00236083
internal_weight=48165 18427 7260 11167 3345 29738 11844 3129 1357 9810 8206 544 17894 2130 14031 3915 1795 846
internal_count=48165 18427 7260 11167 3345 29738 11844 3129 1357 9810 8206 544 17894 2130 14031 3915 1795 846
cat_boundaries=0 1 2 3 4 5 6 7 8 9 10 11
cat_threshold=101848128 652 13158802 17358854 652 1057 16 12912640 532482 2082 262177
is_linear=0
shrinkage=0.023


Tree=56
num_leaves=19
num_cat=8
split_feature=0 0 2 2 0 4 2 6 2 1 1 2 1 0 1 2 4 2
split_gain=33.2046 5.67235 3.14746 3.01448 1.62124 1.31555 1.72922 1.30543 1.07984 1.06757 0.944496 1.25198 0.921752 0.962073 0.924147 0.88743 0.876216 0.895042
threshold=0 1 46.778728473530883 246.63292377064883 2 40.940000000000005 388.79686210529559 1.5000000000000002 338.41784720901973 3 4 2361.7284817799168 5 6 7 584.39557716220122 499.01000000000005 1327.1971480490024
decision_type=9 9 2 2 9 2 2 2 2 9 9 2 9 9 9 2 2 2
left_child=2 -2 -1 -3 5 -5 8 12 -7 -8 -6 -12 16 14 15 -14 17 -4
right_child=1 3 7 4 10 6 9 -9 -10 -11 11 -13 13 -15 -16 -17 -18 -19
leaf_value=-0.11291189943030573 0.15494584212831219 -0.098692708293956877 -0.022730555598508929 0.0063470157647112484 -0.021236874318945099 0.095793180294956898 -0.050507707989009699 -0.16117830205222811 -0.048646373547156216 0.099245127710415409 0.024310577015027288 0.13503452435897847 -0.045469786346155741 -0.031050963064362311 -0.073647879038075056 0.030681016970730852 0.07169756363107832 0.16760269360855246
leaf_weight=4903 1173 909 1958 1769 1106 838 309 335 1047 4688 6880 149 2377 8383 10716 397 146 61
leaf_count=4903 1173 909 1958 1769 1106 838 309 335 1047 4688 6880 149 2377 8383 10716 397 146 61
internal_value=-0.000265121 0.000487188 -0.000749885 0.000383805 0.000453884 0.000672935 0.000817507 -0.000643169 0.000223874 0.00104142 0.000219829 0.000318213 -0.000623284 -0.000668005 -0.000788972 -0.000410233 -0.000167592 -0.00029285
internal_weight=48144 18868 29276 17695 16786 8651 6882 24373 1885 4997 8135 7029 24038 21873 13490 2774 2165 2019
internal_count=48144 18868 29276 17695 16786 8651 6882 24373 1885 4997 8135 7029 24038 21873 13490 2774 2165 2019
cat_boundaries=0 1 2 3 4 5 6 7 8
cat_threshold=33688640 17309702 279088 37466 802832 557120 33554432 16528
is_linear=0
shrinkage=0.023


Tree=57
num_leaves=19
num_cat=12
split_feature=0 1 0 4 0 6 0 1 1 0 1 4 4 0 4 1 4 1
split_gain=31.8802 3.48979 2.09857 2.03554 1.57704 1.27064 1.20001 1.24682 1.03845 0.820682 0.783723 0.693229 0.908626 1.52438 0.798248 0.939965 0.679811 0.5756
threshold=0 1 2 79.02500000000002 3 1.5000000000000002 4 5 6 7 8 49.910000000000004 59.050000000000004 9 67.905000000000015 10 116.99500000000002 11
decision_type=9 9 9 2 9 2 9 9 9 9 9 2 2 9 2 9 2 9
left_child=3 2 -2 8 -3 9 10 -8 -1 17 16 -11 13 -13 15 -14 -5 -4
right_child=1 4 5 6 -6 -7 7 -9 -10 11 -12 12 14 -15 -16 -17 -18 -19
leaf_value=0.016456916814343543 0.17135454346424198 -0.071072520934939917 -0.023692176506670978 -0.073292029030284006 0.042401010135504132 -0.10787009006339997 -0.0071210473283445652 -0.068718275639724047 -0.071535185786120226 0.034371930729828339 -0.065928162244458785 0.22889211211650543 -0.052609857634972765 0.079361429542936887 0.079426637425342034 0.16895160992627994 -0.00015425068219855799 0.042087950621247941
leaf_weight=362 753 1825 638 556 578 160 4321 1444 13993 2529 8126 135 353 402 5269 116 1247 5082
leaf_count=362 753 1825 638 556 578 160 4321 1444 13993 2529 8126 135 353 402 5269 116 1247 5082
internal_value=-0.000291531 0.000478549 0.000605508 -0.000748636 -0.000336152 0.000543828 -0.000567825 -0.000302074 -0.000946822 0.000566662 -0.000721085 0.000706214 0.000836585 0.00174121 0.000751861 -0.000157346 -0.000282486 0.000350005
internal_weight=47889 17840 15437 30049 2403 14684 15694 5765 14355 14524 9929 8804 6275 537 5738 469 1803 5720
internal_count=47889 17840 15437 30049 2403 14684 15694 5765 14355 14524 9929 8804 6275 537 5738 469 1803 5720
cat_boundaries=0 1 2 3 4 5 6 7 8 9 10 11 12
cat_threshold=101844289 2113772 16785410 29720704 33554432 2916416 32832 12655144 574032 32784 2097152 16384
is_linear=0
shrinkage=0.023


Tree=58
num_leaves=19
num_cat=15
split_feature=0 7 7 0 0 1 1 7 0 0 4 0 7 1 5 7 0 4
split_gain=30.0304 16.4092 5.00155 4.15197 3.39181 3.22371 2.87249 2.20319 2.28484 1.97197 1.91303 1.77619 1.69678 1.66477 1.2849 1.14786 1.62779 1.0855
threshold=0 1 2 3 4 5 6 7 8 9 449.30500000000006 10 11 12 1.5000000000000002 13 14 30.985000000000003
decision_type=9 1 1 9 9 9 9 1 9 9 2 9 1 9 2 1 9 2
left_child=2 3 -1 13 -3 -5 12 9 -9 14 -6 17 -4 15 -7 -2 -17 -8
right_child=1 4 6 5 10 7 11 8 -10 -11 -12 -13 -14 -15 -16 16 -18 -19
leaf_value=-0.089257329068374663 -0.0075472145747776985 -0.057248871024410682 0.16413602683069384 -0.062032140042707871 0.013206751353430161 0.2351550915192801 -0.085999527500860137 0.18487629337779174 0.062089207510948076 0.095163582774859104 0.20767620586407257 -0.016478149954429446 -0.012827133186201496 -0.023557199993033916 0.058850743899869745 0.095983416120891313 0.023775506149064929 -0.050075328551343952
leaf_weight=9074 763 5182 331 507 2209 1851 2238 420 2445 776 131 6113 468 1054 203 2146 1290 10801
leaf_count=9074 763 5182 331 507 2209 1851 2238 420 2445 776 131 6113 468 1054 203 2146 1290 10801
internal_value=-0.000286135 0.000425266 -0.000751147 0.000973043 -0.000409114 0.00137662 -0.000546838 0.00153375 0.00107312 0.00199453 0.000317077 -0.000603355 0.000798387 0.00049481 0.00237485 0.000699909 0.000879364 -0.000755273
internal_weight=48002 18977 29025 11455 7522 6202 19951 5695 2865 2830 2340 19152 799 5253 2054 4199 3436 13039
internal_count=48002 18977 29025 11455 7522 6202 19951 5695 2865 2830 2340 19152 799 5253 2054 4199 3436 13039
cat_boundaries=0 1 2 3 4 5 6 7 8 9 10 11 12 13 14 15
cat_threshold=100795456 669 2147 13212041 13965856 36898 32832 140 16802306 270372 33554432 140 2130064 1 12654592
is_linear=0
shrinkage=0.023


Tree=59
num_leaves=19
num_cat=12
split_feature=0 7 0 7 1 2 0 7 2 7 0 0 2 7 7 2 2 2
split_gain=27.8195 17.656 5.68214 4.43558 4.18837 4.17177 4.0848 3.45403 2.41382 2.02204 1.38088 1.18917 1.58786 1.12998 1.03673 1.02765 1.01082 1.62399
threshold=0 1 2 3 4 90.768138215006061 5 6 644.89890338812654 7 8 9 388.79686210529559 10 11 331.19630486038267 541.18913244519524 563.49756974832383
decision_type=9 1 9 1 9 2 9 1 2 1 9 9 2 1 1 2 2 2
left_child=3 4 13 -1 6 -5 -2 -8 -6 -7 -10 -9 15 -3 -12 -13 -14 -18
right_child=1 2 -4 5 8 9 7 11 10 -11 14 12 16 -15 -16 -17 17 -19
leaf_value=-0.087154567377931549 0.059866123760829865 -0.027782920748653343 0.05850673100010477 -0.087925926482499986 -0.069764963356538784 -0.0045693707174494034 0.04557931529360805 0.1297232903128436 -0.008996560258623219 -0.039300076342591486 -0.049822621080227059 0.28304641661750668 0.32017426663474791 -0.073708166670883674 0.17592256111236632 0.12593187804784145 -0.056264483011555219 0.20003709703775405
leaf_weight=7933 2580 5241 1983 5437 942 6654 823 1175 529 9460 116 276 378 2248 834 554 69 841
leaf_count=7933 2580 5241 1983 5437 942 6654 823 1175 529 9460 116 276 378 2248 834 554 69 841
internal_value=-0.000291162 0.000405597 -0.000289809 -0.000730342 0.0011276 -0.000558529 0.00142454 0.00187602 0.00030377 -0.000372899 0.000884568 0.00221163 0.0025546 -0.00057969 0.00140124 0.00178134 0.00307233 0.00265573
internal_weight=48073 18589 9472 29484 9117 21551 6696 4116 2421 16114 1479 3293 2118 7489 950 830 1288 910
internal_count=48073 18589 9472 29484 9117 21551 6696 4116 2421 16114 1479 3293 2118 7489 950 830 1288 910
cat_boundaries=0 1 2 3 4 5 6 7 8 9 10 11 12
cat_threshold=100799560 668 13962144 2083 2622028 26771859 16 140 16894352 4212768 1283 4
is_linear=0
shrinkage=0.023


Tree=60
num_leaves=19
num_cat=4
split_feature=2 2 2 1 3 1 3 5 3 1 2 4 4 2 1 2 4 4
split_gain=17.6047 6.38651 3.38846 3.13396 1.43662 1.29062 1.47461 1.66499 1.5089 1.14069 1.04953 0.987416 1.31429 1.01214 0.869754 0.73307 0.935562 0.733361
threshold=563.49756974832383 146.82801526480685 1645.1738329028296 0 10.075000000000001 1 15.045000000000002 1.5000000000000002 26.215000000000003 2 25.312129971147446 469.40000000000003 572.40000000000009 879.03623882356851 3 2092.5687050952351 120.05000000000001 50.725000000000009
decision_type=2 2 2 9 2 9 2 2 2 9 2 2 2 2 9 2 2 2
left_child=1 4 3 11 -1 -3 -7 8 -8 -4 -6 14 13 -13 -2 16 -11 -17
right_child=2 5 9 -5 10 6 7 -9 -10 15 -12 12 -14 -15 -16 17 -18 -19
leaf_value=-0.10665067948957913 -0.012394112581374312 -0.070430264535392598 0.049485692875493613 -0.065891115402098618 -0.1231214431607645 -0.047346268620443707 -0.012472925638190772 -0.072997068365859882 0.058343772276575341 0.13156408894761643 -0.049831785032238077 0.05527227538424536 0.035736460674710202 0.37787917653788294 0.019999225621561686 0.21088541546588277 -0.027789548309143753 0.12604843588065953
leaf_weight=4727 1910 1933 3072 1472 1525 6025 8319 1751 1418 242 4116 74 372 62 10340 75 198 374
leaf_count=4727 1910 1933 3072 1472 1525 6025 8319 1751 1418 242 4116 74 372 62 10340 75 198 374
internal_value=-0.00027331 -0.000617355 0.00029056 0.000124939 -0.00107837 -0.000371548 -0.00030867 -0.000155999 -3.8572e-05 0.000885518 -0.00083047 0.000240985 0.00123458 0.00316752 0.000199956 0.00161114 0.000961338 0.002283
internal_weight=48005 29814 18191 14230 10368 19446 17513 11488 9737 3961 5641 12758 508 136 12250 889 440 449
internal_count=48005 29814 18191 14230 10368 19446 17513 11488 9737 3961 5641 12758 508 136 12250 889 440 449
cat_boundaries=0 1 2 3 4
cat_threshold=2671040 278586 2887680 524416
is_linear=0
shrinkage=0.023


Tree=61
num_leaves=19
num_cat=12
split_feature=0 7 7 0 0 1 3 1 7 4 1 0 7 3 1 3 3 3
split_gain=27.7608 14.788 6.01721 4.97124 3.81281 4.18934 3.26562 1.97188 1.70257 2.15797 1.63451 1.39472 1.37532 1.53032 1.09471 1.05625 1.04629 0.98659
threshold=0 1 2 3 4 5 11.815000000000003 6 7 32.930000000000007 8 9 10 9.6650000000000009 11 78.620000000000019 20.805000000000003 10.965000000000002
decision_type=9 1 1 9 9 9 2 9 1 2 9 9 1 2 9 2 2 2
left_child=2 4 6 16 5 -2 -1 15 9 -7 -10 -11 -4 -14 -8 -6 -3 -15
right_child=1 3 12 -5 7 8 14 -9 10 11 -12 -13 13 17 -16 -17 -18 -19
leaf_value=-0.08910215876642813 -0.07934053327623633 -0.0017053505124004255 -0.093805500335545508 -0.049731186448890304 0.06404837704760559 -0.070797663514116635 -0.076799706054247352 -0.020432861954844724 0.19609785892553336 0.09856701322393327 0.095899759715397742 0.18709196404538969 -0.10876558696030966 0.016619348513146823 -0.0017621468979067746 0.20393087797024048 0.090132284001394683 -0.050354797723382007
leaf_weight=2340 431 504 4511 5812 4619 236 624 1033 2487 1191 531 202 2276 402 8859 144 984 10847
leaf_count=2340 431 504 4511 5812 4619 236 624 1033 2487 1191 531 202 2276 402 8859 144 984 10847
internal_value=-0.000260471 0.000448181 -0.000691719 -0.000352383 0.000985447 0.00144639 -0.0002878 0.000579772 0.00164835 0.00102974 0.00197764 0.00138061 -0.000956184 -0.000838165 -9.81528e-05 0.000777377 0.000830212 -0.00072871
internal_weight=48033 18174 29859 7300 10874 5078 11823 5796 4647 1629 3018 1393 18036 13525 9483 4763 1488 11249
internal_count=48033 18174 29859 7300 10874 5078 11823 5796 4647 1629 3018 1393 18036 13525 9483 4763 1488 11249
cat_boundaries=0 1 2 3 4 5 6 7 8 9 10 11 12
cat_threshold=33686848 669 652 17358866 17064486 32810 2130136 17 2113536 262692 2082 528910
is_linear=0
shrinkage=0.023


Tree=62
num_leaves=19
num_cat=8
split_feature=7 2 2 1 7 2 2 2 4 2 1 7 7 2 2 1 7 4
split_gain=16.9466 11.878 6.72145 3.15789 2.5375 2.02802 1.96093 1.95445 1.7244 1.63217 1.25808 1.35385 1.10008 1.93224 1.04259 2.34 1.27669 1.27216
threshold=0 178.7298789178214 610.61726476764773 1 2 527.2532870420572 2211.6728059599359 37.77157551604224 40.940000000000005 1645.1738329028296 3 4 5 2167.7732156647398 825.1855265553869 6 7 48.925000000000004
decision_type=1 2 2 9 1 2 2 2 2 2 9 1 1 2 2 9 1 2
left_child=1 -1 4 5 7 -3 14 -2 -7 -4 -11 -12 13 -10 16 17 -5 -16
right_child=2 3 9 6 -6 8 -8 -9 12 10 11 -13 -14 -15 15 -17 -18 -19
leaf_value=-0.064670433099510274 -0.10838023292925064 0.040533259111620513 -0.020974336473949095 0.009233390378441609 -0.097039835953172809 0.0261052836923872 0.16662697045608005 -0.043721995309781693 0.12256113357426338 0.14493347942070078 0.044661937837884705 -0.031880368326022854 0.067995533371020836 0.23240838889896798 -0.043572368050314197 -0.0091560989211665594 -0.068666400876755296 0.2361220606186005
leaf_weight=4345 1993 5155 7709 1324 6089 1151 209 10998 1965 138 1301 1020 1759 222 73 957 1482 334
leaf_count=4345 1993 5155 7709 1324 6089 1151 209 10998 1965 138 1301 1020 1759 222 73 957 1482 334
internal_value=-0.000284331 0.000250955 -0.000631492 0.000564672 -0.000886237 0.000785148 4.65852e-05 -0.000702654 0.00111124 -0.000154083 0.000361851 0.000228006 0.00133971 0.00168709 -6.23222e-05 0.000459252 -0.000315876 0.00189471
internal_weight=48224 18976 29248 14631 19080 10252 4379 12991 5097 10168 2459 2321 3946 2187 4170 1364 2806 407
internal_count=48224 18976 29248 14631 19080 10252 4379 12991 5097 10168 2459 2321 3946 2187 4170 1364 2806 407
cat_boundaries=0 1 2 3 4 5 6 7 8
cat_threshold=652 2129984 1297 32832 1073 136 16384 12
is_linear=0
shrinkage=0.023


Tree=63
num_leaves=19
num_cat=5
split_feature=0 3 2 0 3 5 3 0 2 2 2 1 2 2 5 3 1 3
split_gain=27.1777 3.93345 3.57816 2.4797 2.229 1.59217 1.57403 1.26873 1.13412 1.1161 1.16299 1.02513 2.36595 0.842023 0.829726 1.3815 1.16107 0.923011
threshold=0 9.6650000000000009 109.87277948764624 1 17.745000000000001 1.5000000000000002 36.605000000000011 2 837.86063702770855 388.79686210529559 522.05960707064207 3 1902.4841271627406 1784.3110219537514 1.5000000000000002 26.215000000000003 4 31.025000000000002
decision_type=9 2 2 9 2 2 2 9 2 2 2 9 2 2 2 2 9 2
left_child=1 -1 -2 8 9 6 -6 -8 -4 -5 -11 12 -3 -9 15 -13 -17 -16
right_child=2 11 3 4 5 -7 7 13 -10 10 -12 14 -14 -15 17 16 -18 -19
leaf_value=-0.10367898437679382 -0.14128223227937337 -0.0085713214665766209 -0.0049458704381692463 -0.016886816589181116 0.090717323857697457 0.0088393388302768598 0.08716124190368929 0.044750613060794364 0.041875850087982967 0.13738067515825167 0.033508927830220171 -0.044244836438073233 0.1707439925448275 0.23368600404109341 -0.11055497966904818 0.018036847331352756 -0.065998181032489195 -0.033386104252977486
leaf_weight=4507 571 1095 3563 1597 3645 838 614 89 4880 465 1081 18886 64 452 1571 1851 590 1433
leaf_count=4507 571 1095 3563 1597 3645 838 614 89 4880 465 1081 18886 64 452 1571 1851 590 1433
internal_value=-0.000265784 -0.000688093 0.000446238 0.000505877 0.000776267 0.00105075 0.00121224 0.00195214 0.000223465 0.000286328 0.000726792 -0.000577566 9.22587e-05 0.00276683 -0.000609261 -0.000559092 -4.41863e-05 -0.000967399
internal_weight=47792 29997 17795 17224 8781 5638 4800 1155 8443 3143 1546 25490 1159 541 24331 21327 2441 3004
internal_count=47792 29997 17795 17224 8781 5638 4800 1155 8443 3143 1546 25490 1159 541 24331 21327 2441 3004
cat_boundaries=0 1 2 3 4 5
cat_threshold=101844296 12655248 802821 32836 2621568
is_linear=0
shrinkage=0.023


Tree=64
num_leaves=19
num_cat=6
split_feature=7 3 3 1 1 3 7 7 6 3 3 4 6 4 4 3 3 7
split_gain=16.5764 9.08154 5.82536 3.70341 2.73328 3.15648 1.98114 1.56743 1.466 1.46219 1.27635 1.0737 1.04151 1.00775 0.999425 0.873974 0.868788 0.933377
threshold=0 10.965000000000002 14.515000000000002 1 2 15.045000000000002 3 4 1.5000000000000002 36.32500000000001 38.595000000000006 1198.5000000000002 1.5000000000000002 29.995000000000001 34.910000000000004 1.0000000180025095e-35 10.075000000000001 5
decision_type=1 2 2 9 9 2 1 1 2 2 2 2 2 2 2 2 2 1
left_child=1 -1 15 -4 5 -3 10 9 13 -6 -5 -8 -12 -7 -15 -2 -17 -18
right_child=2 4 3 6 7 8 11 -9 -10 -11 12 -13 -14 14 -16 16 17 -19
leaf_value=-0.092360451359306234 0.021790836054681764 -0.00032831355007288551 0.17625866993134376 -0.024305577086469441 0.0037199415853069796 0.029153129509164297 -0.056644954463235198 -0.035020550351678961 -0.09587933005446217 0.33404665332399003 0.026180924162325862 0.1341707750270133 -0.072744502742307024 0.16261389101949261 0.07151187190140125 -0.11705509905340433 -0.052774385034112352 -0.099805153636500055
leaf_weight=2148 205 3490 104 11457 377 1122 6571 2407 163 135 1799 81 127 170 8819 3120 3627 1955
leaf_count=2148 205 3490 104 11457 377 1122 6571 2407 163 135 1799 81 127 170 8819 3120 3627 1955
internal_value=-0.000251693 0.000279804 -0.000596162 -0.000379743 0.000461194 0.000596515 -0.000402911 -0.000178316 0.000799946 0.000965417 -0.000241227 -0.000727331 0.000306393 0.000834839 0.000915961 -0.00108614 -0.00112111 -0.000949217
internal_weight=47877 18831 29046 20139 16683 13764 20035 2919 10274 512 13383 6652 1926 10111 8989 8907 8702 5582
internal_count=47877 18831 29046 20139 16683 13764 20035 2919 10274 512 13383 6652 1926 10111 8989 8907 8702 5582
cat_boundaries=0 1 2 3 4 5 6
cat_threshold=652 65604 2146384 1297 4 1297
is_linear=0
shrinkage=0.023


Tree=65
num_leaves=19
num_cat=10
split_feature=0 7 7 0 3 0 3 7 3 3 1 3 1 0 4 3 3 7
split_gain=22.8312 13.0017 5.11231 4.96503 3.59874 4.15258 3.53268 2.7703 2.28624 2.16916 1.75712 1.49325 1.37504 1.06926 1.1761 1.05135 1.03191 1.00376
threshold=0 1 2 3 14.095000000000001 4 11.815000000000003 5 15.045000000000002 20.805000000000003 6 14.515000000000002 7 8 78.045000000000016 15.405000000000003 84.070000000000007 9
decision_type=9 1 1 9 2 9 2 1 2 2 9 2 9 9 2 2 2 1
left_child=2 4 6 15 -2 7 -1 8 -6 -5 -10 -4 -7 -14 -15 -3 -8 -17
right_child=1 3 11 9 5 12 16 -9 10 -11 -12 -13 13 14 -16 17 -18 -19
leaf_value=-0.084031119606140556 -0.15802170499017998 -0.068520647793385597 -0.081790254359732695 -0.023752364248445207 -0.00049869643489707958 -0.0044401520002675171 -0.0086845791250093392 0.092106268270336286 0.23711880881855946 0.099926893222265029 0.090426977073409451 -0.045060345588604257 0.11759322133307222 -0.012608806477524397 0.087575880481719104 -0.0066563852064875908 0.157785162154787 -0.051105615787913908
leaf_weight=2336 262 1619 7965 576 236 1082 9694 1423 1647 1384 329 10473 1726 860 1015 3179 125 2173
leaf_count=2336 262 1619 7965 576 236 1082 9694 1423 1647 1384 329 10473 1726 860 1015 3179 125 2173
internal_value=-0.00027892 0.00038332 -0.000657888 -0.000230971 0.00102226 0.00110706 -0.000291063 0.00169004 0.00220372 0.000789151 0.0024692 -0.000899417 0.000649489 0.000865617 0.000478857 -0.000518529 -0.000100041 -0.000363893
internal_weight=48104 17511 30593 8931 8580 8318 12155 3635 2212 1960 1976 18438 4683 3601 1875 6971 9819 5352
internal_count=48104 17511 30593 8931 8580 8318 12155 3635 2212 1960 1976 18438 4683 3601 1875 6971 9819 5352
cat_boundaries=0 1 2 3 4 5 6 7 8 9 10
cat_threshold=34803016 668 652 79958692 794660 140 2637864 802978 12583424 3075
is_linear=0
shrinkage=0.023


Tree=66
num_leaves=19
num_cat=11
split_feature=0 7 7 0 0 3 2 7 3 0 2 7 7 0 4 3 2 0
split_gain=21.6776 12.5542 4.58117 4.40346 4.24641 3.39231 3.0883 2.88321 1.8881 1.38951 1.27417 1.10208 1.01854 1.01374 0.997351 2.77157 0.980808 0.898958
threshold=0 1 2 3 4 10.605000000000002 124.99049769762219 5 20.805000000000003 6 438.59450006655169 7 8 9 114.92000000000002 8.3050000000000015 43.592192813392941 10
decision_type=9 1 1 9 9 2 2 1 2 9 2 1 1 9 2 2 2 9
left_child=2 4 -1 8 6 14 -2 9 -3 -8 -6 16 -5 -9 -4 -16 -7 -14
right_child=1 3 5 12 10 11 7 13 -10 -11 -12 -13 17 -15 15 -17 -18 -19
leaf_value=-0.079686566337216366 -0.1320701209274216 -0.023372378053210234 -0.090567370396824096 -0.0066227913763154929 -0.04920131619097351 -0.08787613907221864 0.20421477832368257 0.1084019311474891 0.091020349482898041 0.25411134702976274 0.05889182313523092 -0.038154694149731959 -0.0716614266907942 -0.0069197559161970987 0.086651619472931901 -0.074023766424984358 -0.0081188735001552961 -0.019828556504470591
leaf_weight=9095 201 581 2944 2708 455 814 1473 1710 1373 302 4746 6928 3436 323 92 422 8910 1517
leaf_count=9095 201 581 2944 2708 455 814 1473 1710 1373 302 4746 6928 3436 323 92 422 8910 1517
internal_value=-0.000271851 0.000336724 -0.000664015 -0.00024457 0.000943178 -0.000469711 0.00150611 0.00165653 0.000727628 0.00233515 0.000507162 -0.000333807 -0.000493176 0.00104722 -0.00112545 -0.00019054 -0.000175225 -0.000689413
internal_weight=48030 18825 29205 9615 9210 20110 4009 3808 1954 1775 5201 16652 7661 2033 3458 514 9724 4953
internal_count=48030 18825 29205 9615 9210 20110 4009 3808 1954 1775 5201 16652 7661 2033 3458 514 9724 4953
cat_boundaries=0 1 2 3 4 5 6 7 8 9 10 11
cat_threshold=33752136 668 2147 17358867 67379750 136 262658 652 1025 262662 4462624
is_linear=0
shrinkage=0.023


Tree=67
num_leaves=19
num_cat=5
split_feature=2 3 2 1 2 1 3 6 4 3 6 1 3 3 1 4 1 2
split_gain=14.3164 5.19871 3.15947 2.23975 1.51769 1.30722 1.2148 1.31897 0.759885 0.780961 0.814408 0.748356 1.42282 0.685404 0.671557 0.678794 0.926311 0.585868
threshold=426.31449396009759 10.075000000000001 1519.3943877340305 0 46.778728473530883 1 14.685 1.5000000000000002 11.995000000000003 35.935000000000009 1.5000000000000002 2 25.475000000000005 19.035000000000004 3 217.90500000000003 4 1158.2162411397833
decision_type=2 2 2 9 2 9 2 2 2 2 2 9 2 2 9 2 9 2
left_child=1 -1 3 6 -3 -4 -2 17 -6 -10 -11 12 -7 -13 -5 -16 -17 -8
right_child=2 4 5 14 8 11 7 -9 9 10 -12 13 -14 -15 15 16 -18 -19
leaf_value=-0.10004071686151304 -0.023971198419165649 -0.090672073038160467 -0.049747383289309582 -0.079124600182421581 0.13540966458169673 0.24759654481593504 0.015955667097407349 -0.10564258459737665 -0.03731675986838532 0.015279224447669994 -0.16976965278797934 -0.026062438373509102 0.097840681503430157 0.054236100482512865 -0.026775285353522263 -0.055702231382085007 0.056498358350017791 0.046398967965685142
leaf_weight=5053 1820 2364 201 1162 146 62 11729 220 14407 1320 87 331 327 3434 3480 179 491 1252
leaf_count=5053 1820 2364 201 1162 146 62 11729 220 14407 1320 87 331 327 3434 3480 179 491 1252
internal_value=-0.00026694 -0.000674861 0.000119322 -1.09662e-06 -0.000494737 0.000681516 0.000142473 0.000219369 -0.000414167 -0.000429422 8.77694e-05 0.000768505 0.00172779 0.000664982 -0.000406567 -0.000268134 0.000401511 0.000249309
internal_weight=48065 23377 24688 20333 18324 4355 15021 13201 15960 15814 1407 4154 389 3765 5312 4150 670 12981
internal_count=48065 23377 24688 20333 18324 4355 15021 13201 15960 15814 1407 4154 389 3765 5312 4150 670 12981
cat_boundaries=0 1 2 3 4 5
cat_threshold=2113604 137236 16448 262922 32768
is_linear=0
shrinkage=0.023


Tree=68
num_leaves=19
num_cat=11
split_feature=0 0 1 6 0 1 0 1 1 0 4 4 5 1 4 5 4 1
split_gain=21.6886 3.44809 2.78172 1.94552 1.89631 2.30419 1.65796 1.11066 1.06246 0.990073 0.984058 0.895431 0.850722 0.719806 0.601251 0.541985 0.536089 0.516806
threshold=0 1 2 1.5000000000000002 3 4 5 6 7 8 102.05500000000002 119.82000000000002 1.5000000000000002 9 21.025000000000002 1.5000000000000002 198.12000000000003 10
decision_type=9 9 9 2 9 9 9 9 9 9 2 2 2 9 2 2 2 9
left_child=4 7 9 6 5 11 10 -2 -6 -3 17 -1 -12 14 -8 -7 -13 -4
right_child=1 2 3 -5 8 15 13 -9 -10 -11 12 16 -14 -15 -16 -17 -18 -19
leaf_value=-0.074739780373698259 0.0073422218895766427 -0.087651702958747094 -0.014170556901003165 -0.13853362470420005 -0.016489284685255654 -0.015545374477331656 -0.027356556101447532 0.13129898034699139 -0.054279196500900621 0.026994054579292062 0.085465013001345722 -0.032300448420408433 -0.0036214897299333463 -0.020066135397654592 0.025555194488493631 -0.0634547651147888 -0.079002084735041306 0.045577195142488564
leaf_weight=11026 275 1271 717 192 6553 3697 470 1136 2153 323 2970 2545 495 1323 6161 399 2162 4079
leaf_count=11026 275 1271 717 192 6553 3697 470 1136 2153 323 2970 2545 495 1323 6161 399 2162 4079
internal_value=-0.000243794 0.000349248 0.000262944 0.000352162 -0.000647129 -0.000771654 0.000379641 0.00144047 -0.000362934 -0.000651768 0.000607617 -0.000898438 0.000903681 0.000141913 0.00023969 -0.000283647 -0.000633386 0.000394953
internal_weight=47947 19412 18001 16407 28535 19829 16215 1411 8706 1594 8261 15733 3465 7954 6631 4096 4707 4796
internal_count=47947 19412 18001 16407 28535 19829 16215 1411 8706 1594 8261 15733 3465 7954 6631 4096 4707 4796
cat_boundaries=0 1 2 3 4 5 6 7 8 9 10 11
cat_threshold=100797440 17326086 299522 33554432 2363694 294960 884864 2658368 12845456 2097344 524440
is_linear=0
shrinkage=0.023


Tree=69
num_leaves=19
num_cat=17
split_feature=0 7 7 0 1 0 7 4 0 0 1 0 1 0 7 1 7 1
split_gain=19.5937 12.3534 5.58414 3.33494 3.2155 4.25073 2.67569 2.62716 2.31438 1.23843 1.15019 1.04395 1.29611 0.9833 0.893725 1.02774 0.877677 0.803126
threshold=0 1 2 3 4 5 6 69.920000000000016 7 8 9 10 11 12 13 14 15 16
decision_type=9 1 1 9 9 9 1 2 9 9 9 9 9 9 1 9 1 9
left_child=2 4 -1 -3 5 -2 9 10 -8 -7 16 -9 -13 -6 -5 -16 -4 -11
right_child=1 3 7 14 13 6 8 11 -10 17 -12 12 -14 -15 15 -17 -18 -19
leaf_value=-0.073165780776918696 0.057588173227339258 -0.046181405072764116 -0.02710743662912863 -0.014873020945956732 0.14700884376188161 0.033836154192569086 0.041816936399960467 -0.022912337832567967 0.16403756833117178 0.078999422897044369 0.030856612490326382 0.018744267996022957 -0.070577459098762771 -0.079831336938258793 0.041625213463942344 0.067336913105070423 -0.057508654008921849 0.19824461703889035
leaf_weight=10042 4953 5483 3153 391 267 224 1769 7161 563 220 407 3536 667 768 948 132 5447 1800
leaf_count=10042 4953 5483 3153 391 267 224 1769 7161 563 220 407 3536 667 768 948 132 5447 1800
internal_value=-0.000246064 0.000366595 -0.000598881 -0.000385941 0.000861863 0.000994314 0.00150029 -0.000379612 0.000943874 0.00207164 -0.00067318 -0.000147258 0.000140461 -0.000355379 0.000583999 0.000924034 -0.000729249 0.0022567
internal_weight=47931 17518 30413 6954 10564 9529 4576 20371 2332 2244 9007 11364 4203 1035 1471 1080 8600 2020
internal_count=47931 17518 30413 6954 10564 9529 4576 20371 2332 2244 9007 11364 4203 1035 1471 1080 8600 2020
cat_boundaries=0 1 2 3 4 5 6 7 8 9 10 11 12 13 14 15 16 17
cat_threshold=33754432 669 3107 14430368 2638040 80777873 140 262152 17317890 2637960 33554432 2670656 1094192 1088 2625666 584 152
is_linear=0
shrinkage=0.023


Tree=70
num_leaves=19
num_cat=9
split_feature=0 0 1 0 4 6 4 0 1 1 6 1 4 0 5 4 5 4
split_gain=17.5437 3.82635 2.41076 1.85504 1.807 1.21232 1.18267 1.07564 1.6213 1.03334 1.00725 0.981102 0.895484 0.891258 0.646045 0.574727 0.566424 0.462648
threshold=0 1 2 3 119.82000000000002 1.5000000000000002 29.895000000000003 4 5 6 1.5000000000000002 7 102.05500000000002 8 1.5000000000000002 89.905000000000015 1.5000000000000002 34.910000000000004
decision_type=9 9 9 9 2 2 2 9 9 9 2 9 2 9 2 2 2 2
left_child=4 -2 5 15 7 6 -3 11 12 -6 -11 -1 -9 -8 -13 -4 -14 -15
right_child=1 2 3 -5 9 -7 13 8 -10 10 -12 14 16 17 -16 -17 -18 -19
leaf_value=-0.033570843610819169 0.14956335634554868 -0.016461549055282788 0.043820563747687571 -0.035353235886840112 -0.074416701713566721 -0.091244568302025778 0.018413128823366286 -0.01998179991058938 -0.074567652934058454 -0.020632032839328733 -0.15657996536906302 -0.062310158805855879 0.050446978663944424 0.1243352191647636 -0.12378997936016715 0.16622451720912812 -0.086945185328436023 0.052432992766636891
leaf_weight=1740 673 1840 143 3545 471 176 5846 3993 1603 8872 217 10796 294 279 875 211 101 6282
leaf_count=1740 673 1840 143 3545 471 176 5846 3993 1603 8872 217 10796 294 279 875 211 101 6282
internal_value=-0.000266716 0.000276469 0.000213311 -0.000293646 -0.000622849 0.000350469 0.000374159 -0.000750591 -0.000491295 -0.000364238 -0.000308403 -0.000865403 -0.00026105 0.000454858 -0.000941936 0.00127181 0.000782729 0.000638806
internal_weight=47957 18995 18322 3899 28962 14423 14247 19402 5991 9560 9089 13411 4388 12407 11671 354 395 6561
internal_count=47957 18995 18322 3899 28962 14423 14247 19402 5991 9560 9089 13411 4388 12407 11671 354 395 6561
cat_boundaries=0 1 2 3 4 5 6 7 8 9
cat_threshold=100795465 8194 2114150 1069604 33554440 2130016 266274 835600 13702048
is_linear=0
shrinkage=0.023


Tree=71
num_leaves=19
num_cat=11
split_feature=0 1 0 1 0 6 4 0 1 4 0 1 5 4 4 1 6 0
split_gain=18.6074 2.5751 1.74598 1.64128 2.10297 1.34365 1.05404 0.942647 0.861585 0.823295 1.01256 0.534655 0.552816 0.47001 0.730752 0.463923 0.458396 0.478318
threshold=0 1 2 3 4 1.5000000000000002 69.920000000000016 5 6 99.995000000000019 7 8 1.5000000000000002 40.940000000000005 49.895000000000003 9 1.5000000000000002 10
decision_type=9 9 9 9 9 2 2 9 9 2 9 9 2 2 2 9 2 9
left_child=3 7 13 16 6 9 -5 -2 -6 15 -11 12 -8 -3 -15 -4 17 -1
right_child=1 2 5 4 8 -7 11 -9 -10 10 -12 -13 -14 14 -16 -17 -18 -19
leaf_value=-0.013151418616728399 -0.087211856002128316 0.017526559969472718 0.023607323991188492 -0.07110322455816076 -0.018031378530487727 -0.10161057434320603 -0.046106879513989452 0.027284731536586827 -0.079348958775195377 0.015468218857913919 0.060045727046189538 -0.084607277375759196 -0.10141038597747705 0.20206349357098524 0.11702620501919234 -0.030745507782466215 -0.15532292619240481 -0.054470898949233293
leaf_weight=5690 1398 258 8710 7569 6080 191 6515 386 413 2639 4003 460 1152 62 975 385 77 1024
leaf_count=5690 1398 258 8710 7569 6080 191 6515 386 413 2639 4003 460 1152 62 975 385 77 1024
internal_value=-0.000249151 0.000310062 0.000396293 -0.000615814 -0.000711792 0.000329714 -0.000856139 -0.000519936 -0.000362052 0.000353202 0.000547869 -0.000674755 -0.000626227 0.0012062 0.00143404 0.000211029 -0.000301617 -0.000281786
internal_weight=47987 19007 17223 28980 22189 15928 15696 1784 6493 15737 6642 8127 7667 1295 1037 9095 6791 6714
internal_count=47987 19007 17223 28980 22189 15928 15696 1784 6493 15737 6642 8127 7667 1295 1037 9095 6791 6714
cat_boundaries=0 1 2 3 4 5 6 7 8 9 10 11
cat_threshold=100795456 299064 17326086 573636 33554432 29622672 2101248 13731968 2097680 2113728 33555456
is_linear=0
shrinkage=0.023


Tree=72
num_leaves=19
num_cat=0
split_feature=3 5 3 2 3 3 6 3 3 4 4 4 2 3 2 4 3 2
split_gain=11.524 4.3738 3.60181 2.84713 1.32096 1.3015 1.27674 1.1296 1.06988 0.900581 0.804542 0.734776 0.667225 0.638683 0.633133 1.05608 0.608539 1.38932
threshold=15.045000000000002 1.5000000000000002 38.595000000000006 164.94920167760708 31.025000000000002 18.665000000000003 1.5000000000000002 7.8750000000000009 110.02000000000002 251.95000000000002 154.04000000000005 449.30500000000006 618.52111970165925 43.475000000000001 618.52111970165925 49.910000000000004 16.465000000000003 1050.3171693524312
decision_type=2 2 2 2 2 2 2 2 2 2 2 2 2 2 2 2 2 2
left_child=3 2 5 7 -3 14 -6 -1 9 10 -4 -11 -13 -14 -2 -16 17 -17
right_child=1 4 8 -5 6 -7 -8 -9 -10 11 -12 12 13 -15 15 16 -18 -19
leaf_value=-0.11532878656526084 -0.022955124797527711 -0.094118765510808472 0.040384297715446327 -0.030196586675396129 -0.0086852743966242384 0.01359231756566481 -0.096493996445497152 -0.068618735807644549 0.15334790621419303 -0.022569737870064235 0.10859693549496194 -0.015713210166648769 0.17248196978439498 0.098507689500609855 -0.025181148760325033 0.02897144222275231 0.004524236188519444 0.21412724956152732
leaf_weight=1973 8399 1858 967 7122 2471 10581 383 6481 183 479 664 189 66 237 2433 1075 2264 109
leaf_count=1973 8399 1858 967 7122 2471 10581 383 6481 183 479 664 189 66 237 2433 1075 2264 109
internal_value=-0.000263932 -1.6504e-05 9.38934e-05 -0.000777937 -0.000664196 6.02324e-06 -0.000353434 -0.00106335 0.000878226 0.00075853 0.00108865 0.000203899 0.000828004 0.00149657 -0.000137224 4.57955e-05 0.000304691 0.000727163
internal_weight=47934 32358 27646 15576 4712 24861 2854 8454 2785 2602 1631 971 492 303 14280 5881 3448 1184
internal_count=47934 32358 27646 15576 4712 24861 2854 8454 2785 2602 1631 971 492 303 14280 5881 3448 1184
is_linear=0
shrinkage=0.023


Tree=73
num_leaves=19
num_cat=13
split_feature=0 7 7 0 1 2 0 7 1 2 7 7 1 0 2 2 0 2
split_gain=16.2616 10.658 4.93563 3.74088 4.34232 2.79678 2.48259 1.86537 1.61768 1.39615 1.28401 1.12206 1.05435 0.898648 1.15809 0.816334 0.771153 1.15572
threshold=0 1 2 3 4 85.043627290182187 5 6 7 1713.5368147557442 8 9 10 11 2211.6728059599359 79.426060095022237 12 388.79686210529559
decision_type=9 1 1 9 9 2 9 1 9 2 1 1 9 9 2 2 9 2
left_child=2 3 5 -2 15 -1 11 -8 10 -10 -4 13 -7 14 -3 -5 -6 -18
right_child=1 6 8 4 16 12 7 -9 9 -11 -12 -13 -14 -15 -16 -17 17 -19
leaf_value=-0.060271687262492456 0.025486728208055854 0.25192764764462466 -0.053394984840390222 -0.13241634441916861 0.12022269103815204 -0.0029152716207174198 0.044440251905179896 -0.031720793903225054 -0.02586967180879933 0.14438857907063499 -0.085378628147072116 -0.0040114358889511842 -0.046065297249456905 0.040223493203938081 0.019148335614678401 0.0068866476816199567 0.17255764526698958 0.20170047997402898
leaf_weight=3479 3124 88 7658 151 1393 9130 1562 8132 1778 83 4668 994 1608 1131 65 619 849 1578
leaf_count=3479 3124 88 7658 151 1393 9130 1562 8132 1778 83 4668 994 1608 1131 65 619 849 1578
internal_value=-0.000257834 0.0002502 -0.00060981 0.000916342 0.00133444 -0.000306397 -0.000179435 -0.000340014 -0.000913424 -0.000276434 -0.00100929 0.000502374 -0.000122986 0.0009497 0.00256886 -0.000244674 0.00165254 0.00191165
internal_weight=48090 19686 28404 7714 4590 14217 11972 9694 14187 1861 12326 2278 10738 1284 153 770 3820 2427
internal_count=48090 19686 28404 7714 4590 14217 11972 9694 14187 1861 12326 2278 10738 1284 153 770 3820 2427
cat_boundaries=0 1 2 3 4 5 6 7 8 9 10 11 12 13
cat_threshold=100811784 652 668 9996752 295048 18391062 16 2408490 1281 2337 2670592 524290 20975650
is_linear=0
shrinkage=0.023


Tree=74
num_leaves=19
num_cat=10
split_feature=0 3 3 1 5 3 1 5 3 1 1 3 0 0 1 1 3 1
split_gain=16.4033 3.21457 2.608 1.82832 1.67391 2.16751 1.77536 1.6396 2.62066 1.94752 1.72241 1.39688 1.25824 1.16799 0.947049 0.891759 1.20769 0.870625
threshold=0 10.605000000000002 15.455000000000002 1 1.5000000000000002 34.385000000000012 2 1.5000000000000002 46.545000000000009 3 4 78.620000000000019 5 6 7 8 19.115000000000006 9
decision_type=9 2 2 9 2 2 9 2 2 9 9 2 9 9 9 9 2 9
left_child=1 -1 3 -2 5 13 -7 8 9 -3 11 -10 -8 17 -15 16 -11 -4
right_child=2 7 4 -5 -6 6 12 -9 10 15 -12 -13 -14 14 -16 -17 -18 -19
leaf_value=-0.080222597342467616 -0.11202739414906554 0.035444886051445079 0.070688273742125607 -0.0031037920620436104 -0.014661911161971859 0.12603833080692536 -0.051150384507435545 -0.065381229518795048 0.048063622884889155 -0.041047551441011236 -0.035047721467688468 0.15798448468561613 0.093613729462151005 0.0219689956830941 -0.034316576345304023 -0.086648607996151303 -0.0081050582384258919 -0.0040914087127368872
leaf_weight=4962 710 948 3342 3119 1813 1444 256 2962 397 14822 280 110 524 5790 914 948 3848 719
leaf_count=4962 710 948 3342 3119 1813 1444 256 2962 397 14822 280 110 524 5790 914 948 3848 719
internal_value=-0.000260551 -0.000599933 0.000272935 -0.00026194 0.000411483 0.000502861 0.0011565 -0.000491258 -0.000420906 -0.000470753 0.00088147 0.00166179 0.000256132 0.000367801 0.000180322 -0.000519825 -0.00048425 0.000675162
internal_weight=47908 29277 18631 3829 14802 12989 2224 24315 21353 20566 787 507 780 10765 6704 19618 18670 4061
internal_count=47908 29277 18631 3829 14802 12989 2224 24315 21353 20566 787 507 780 10765 6704 19618 18670 4061
cat_boundaries=0 1 2 3 4 5 6 7 8 9 10
cat_threshold=101915657 360584 2113544 32836 2097280 8913808 17588226 2130626 2637968 2375792
is_linear=0
shrinkage=0.023


Tree=75
num_leaves=19
num_cat=10
split_feature=0 7 0 0 7 2 2 7 4 2 4 7 7 2 0 7 2 2
split_gain=19.5577 12.1177 4.72595 4.38917 3.7895 3.39028 2.51045 1.54568 1.7206 1.69172 1.74215 1.48957 1.48299 1.40207 1.08828 1.25903 1.29286 1.05815
threshold=0 1 2 3 4 93.757345162677424 23.946720782345967 5 69.920000000000016 2050.4041081798655 119.82000000000002 6 7 133.94148556889363 8 9 2211.6728059599359 536.81152062115348
decision_type=9 1 9 9 1 2 2 1 2 2 2 1 1 2 9 1 2 2
left_child=4 3 14 5 17 -2 -6 9 -9 -7 -11 13 -4 -8 15 16 -3 -1
right_child=1 2 12 -5 6 7 11 8 -10 10 -12 -13 -14 -15 -16 -17 -18 -19
leaf_value=-0.080741800293037375 -0.11353944370992483 0.29666234784502848 -0.0046192479203639196 0.047062414237250209 -0.08758172670219451 0.17336500399492155 -0.042400808828693196 0.068135248018061007 0.20230316301906598 0.43313148986335548 0.25955497015172607 -0.034529710772132197 -0.054121469689217307 0.00048821221357634679 0.036635832409002096 0.037684668782342112 0.017173089678279223 -0.026612650740811785
leaf_weight=6265 187 141 2343 4513 2309 778 1873 1081 1726 73 69 11194 4363 7215 1514 242 63 2125
leaf_count=6265 187 141 2343 4513 2309 778 1873 1081 1726 73 69 11194 4363 7215 1514 242 63 2125
internal_value=-0.000245748 0.00037873 -0.000225169 0.000999276 -0.00059022 0.00156337 -0.000434727 0.00171901 0.00143173 0.00255166 0.00488722 -0.000353104 -0.00051553 -0.000133779 0.000765803 0.00175744 0.00307497 -0.00100787
internal_weight=48074 17093 8666 8427 30981 3914 22591 3727 2807 920 142 20282 6706 9088 1960 446 204 8390
internal_count=48074 17093 8666 8427 30981 3914 22591 3727 2807 920 142 20282 6706 9088 1960 446 204 8390
cat_boundaries=0 1 2 3 4 5 6 7 8 9 10
cat_threshold=100795841 668 17358866 335910 2083 128 648 1025 17317890 2081
is_linear=0
shrinkage=0.023


Tree=76
num_leaves=19
num_cat=3
split_feature=0 3 3 0 3 5 6 3 3 6 5 4 4 4 3 0 3 3
split_gain=15.0942 3.33372 1.6596 2.02196 1.42457 0.995829 0.814026 0.882228 0.801043 0.779861 0.639689 0.565455 0.62744 0.540359 0.521324 0.547313 0.521322 0.494294
threshold=0 10.075000000000001 15.225000000000003 1 84.070000000000007 1.5000000000000002 1.5000000000000002 17.135000000000002 33.155000000000008 1.5000000000000002 1.5000000000000002 119.82000000000002 299.99500000000006 469.40000000000003 14.015000000000002 2 18.225000000000005 45.715000000000011
decision_type=9 2 2 9 2 2 2 2 2 2 2 2 2 2 2 9 2 2
left_child=1 -1 14 5 6 16 7 10 -7 -5 -3 17 -13 -6 15 -2 -4 -9
right_child=2 4 3 9 13 8 -8 11 -10 -11 -12 12 -14 -15 -16 -17 -18 -19
leaf_value=-0.081932396054177695 -0.098680208864120877 -0.041818886447846253 0.042679522055053258 0.014304266745749231 0.0028788551873935499 -0.10971308242916436 -0.13229012966318598 -0.034868078616524571 0.022739022223573616 -0.11103687480507855 -0.17011366395171271 -0.00014325890900256287 -0.028085294049137264 0.094345811832358475 -0.0024822566763500874 0.013302309367349089 0.080572904400171966 0.015148295580663012
leaf_weight=4752 529 14158 2064 8559 165 250 365 4673 534 103 261 4151 1505 150 2146 181 3317 239
leaf_count=4752 529 14158 2064 8559 165 250 365 4673 534 103 261 4151 1505 150 2146 181 3317 239
internal_value=-0.000260676 -0.000571205 0.000273675 0.000371622 -0.000467782 0.000689604 -0.000486885 -0.000471124 -7.50804e-05 0.00014433 -0.000588126 -0.000311477 -0.000154682 0.00106894 -0.000233847 -0.000773985 0.000802296 -0.000492005
internal_weight=48102 30419 17683 14827 25667 6165 25352 24987 784 8662 14419 10568 5656 315 2856 710 5381 4912
internal_count=48102 30419 17683 14827 25667 6165 25352 24987 784 8662 14419 10568 5656 315 2856 710 5381 4912
cat_boundaries=0 1 2 3
cat_threshold=100796096 17588231 4456704
is_linear=0
shrinkage=0.023


Tree=77
num_leaves=19
num_cat=6
split_feature=0 3 2 6 2 0 2 1 3 1 3 1 1 6 3 2 3 3
split_gain=14.3358 3.46533 2.49597 1.4015 1.31163 1.21004 1.33393 1.14952 1.12425 1.17874 0.822044 0.811529 0.758238 0.786606 0.736058 0.788347 0.731405 0.706956
threshold=0 9.6650000000000009 109.87277948764624 1.5000000000000002 25.312129971147446 1 922.01816366722835 2 35.125000000000007 3 15.115 4 5 1.5000000000000002 14.345000000000001 808.30114985138573 37.525000000000013 90.250000000000014
decision_type=9 2 2 2 2 9 2 9 2 9 2 9 9 2 2 2 2 2
left_child=1 -1 -2 5 -3 16 11 -8 9 14 -9 -7 -10 -14 -6 -16 -4 -12
right_child=2 4 3 -5 8 6 7 10 12 -11 17 -13 13 -15 15 -17 -18 -19
leaf_value=-0.079278875373891874 -0.11789787307008361 -0.087582819910735396 -0.0094731038191502703 -0.13727904932359314 0.068022089356233897 0.028997681830335402 0.1727351786285847 0.09773421086499362 -0.052304154064655259 -0.032703762322277584 0.043523157015712126 -0.029472865063327292 0.02023644974984512 -0.11529140131301212 -0.0081265515980966287 0.084845795261544676 0.038419398014188103 0.26278634608022394
leaf_weight=4678 559 1469 4107 199 82 7726 341 107 441 19707 3806 1168 1700 120 803 123 1052 113
leaf_count=4678 559 1469 4107 199 82 7726 341 107 441 19707 3806 1168 1700 120 803 123 1052 113
internal_value=-0.000220989 -0.000542425 0.000267276 0.000312885 -0.000432851 0.000333634 0.000449751 0.000779286 -0.000390243 -0.000443396 0.000664776 0.000288437 9.67316e-05 0.000304117 0.000322564 0.00014055 3.42166e-05 0.000612028
internal_weight=48301 29123 19178 18619 24445 18420 13261 4367 22976 20715 4026 8894 2261 1820 1008 926 5159 3919
internal_count=48301 29123 19178 18619 24445 18420 13261 4367 22976 20715 4026 8894 2261 1820 1008 926 5159 3919
cat_boundaries=0 1 2 3 4 5 6
cat_threshold=33686592 68262824 16452 32848 2621570 53810
is_linear=0
shrinkage=0.023


Tree=78
num_leaves=19
num_cat=5
split_feature=0 2 3 3 5 0 5 3 1 3 5 2 3 0 2 1 3 3
split_gain=15.4598 2.85193 2.85136 1.80293 2.53276 1.14543 1.11471 1.45719 2.30127 0.992956 1.25232 0.824682 0.806556 0.729455 0.668273 0.614088 0.599341 0.566901
threshold=0 225.70083809415459 9.6650000000000009 53.320000000000007 1.5000000000000002 1 1.5000000000000002 21.245000000000005 2 18.225000000000005 1.5000000000000002 43.592192813392941 70.690000000000012 3 316.48675837884133 4 17.605000000000004 50.855000000000011
decision_type=9 2 2 2 2 9 2 2 9 2 2 2 2 9 2 9 2 2
left_child=2 -2 -1 5 12 15 7 11 17 -7 14 16 -5 -6 -11 -3 -4 -9
right_child=1 3 6 4 13 9 -8 8 -10 10 -12 -13 -14 -15 -16 -17 -18 -19
leaf_value=-0.080933235728452749 -0.097363947708725446 -0.021344830171462579 -0.092535041396834453 0.15212757622071338 -0.069298986468669208 0.015689383801621628 -0.06838334426538642 0.0055681038125203475 -0.065069738602814134 0.17194054695957597 -0.046477624386818052 -0.033352043496361353 0.047348470535538235 0.07840581917594866 0.066732237557776491 0.010802086341117611 0.14424365136418985 0.057013212670006953
leaf_weight=4556 865 1438 1435 419 269 3841 2952 2606 849 159 634 16348 375 248 4001 6638 76 446
leaf_count=4556 865 1438 1435 419 269 3841 2952 2606 849 159 634 16348 375 248 4001 6638 76 446
internal_value=-0.000255981 0.000257018 -0.000586912 0.000319077 0.00114034 0.000254634 -0.000489629 -0.000432725 -3.0008e-05 0.000438572 0.000659841 -0.00052069 0.00195591 -0.000112505 0.000804958 5.73426e-05 -0.00103477 0.000265285
internal_weight=48155 18887 29268 18022 1311 16711 24712 21760 3901 8635 4794 17859 794 517 4160 8076 1511 3052
internal_count=48155 18887 29268 18022 1311 16711 24712 21760 3901 8635 4794 17859 794 517 4160 8076 1511 3052
cat_boundaries=0 1 2 3 4 5
cat_threshold=101844033 29465472 2654424 21270784 839680
is_linear=0
shrinkage=0.023


Tree=79
num_leaves=19
num_cat=5
split_feature=2 2 1 3 1 1 4 3 3 2 6 3 3 6 3 4 1 1
split_gain=8.59541 3.76967 2.09452 1.94713 1.42426 1.14928 1.00049 0.985901 0.807924 0.800486 0.733735 0.879026 0.702195 0.589914 0.717085 1.2138 1.1321 0.575688
threshold=178.7298789178214 849.84417946220049 0 10.605000000000002 1 2 134.93000000000004 21.925000000000004 110.02000000000002 25.312129971147446 1.5000000000000002 36.605000000000011 11.515000000000002 1.5000000000000002 31.975000000000005 251.95000000000002 3 4
decision_type=2 2 9 2 9 9 2 2 2 2 2 2 2 2 2 2 9 9
left_child=3 4 5 -1 6 -3 -2 -4 13 -5 11 -7 -11 14 -8 16 -16 -6
right_child=1 2 7 9 17 10 8 -9 -10 12 -12 -13 -14 -15 15 -17 -18 -19
leaf_value=-0.079012214857167848 -0.01564325276301759 0.16990514747473548 -0.087211694227179393 -0.088931697439576657 -0.029031190277966683 0.02881956084583304 -0.0076295014037440394 -3.8420294030053629e-05 0.11705373134979233 0.05340963783190162 -0.082922607846515589 0.070313515620252967 -0.029507927053769343 -0.10213490900385423 0.10900152322283747 -0.013954366649964245 -0.024366863698071617 -0.082066009917164756
leaf_weight=5022 16265 110 640 1496 2647 6804 4661 1100 142 361 95 1745 4552 172 645 731 253 646
leaf_count=5022 16265 110 640 1496 2647 6804 4661 1100 142 361 95 1745 4552 172 645 731 253 646
internal_value=-0.000227588 -5.58677e-05 0.000312403 -0.000778234 -0.000203588 0.000456997 -0.000138939 -0.000415261 9.97429e-05 -0.000512485 0.000425333 0.000448178 -0.000370614 6.2001e-05 9.83596e-05 0.000513725 0.00108007 -0.000650126
internal_weight=48087 36656 10494 11431 26162 8754 22869 1740 6604 6409 8644 8549 4913 6462 6290 1629 898 3293
internal_count=48087 36656 10494 11431 26162 8754 22869 1740 6604 6409 8644 8549 4913 6462 6290 1629 898 3293
cat_boundaries=0 1 2 3 4 5
cat_threshold=2212068 2654338 65600 2097152 16400
is_linear=0
shrinkage=0.023


Tree=80
num_leaves=19
num_cat=10
split_feature=0 7 7 2 2 0 0 7 2 2 0 2 2 7 0 2 2 7
split_gain=14.135 10.259 4.94887 3.75032 3.03215 3.25519 2.63294 2.20753 1.38954 1.06258 0.989521 1.00737 0.882554 0.984326 0.856814 0.925339 0.811474 0.763042
threshold=0 1 2 55.379492833299132 93.757345162677424 3 4 5 388.79686210529559 499.22448476242204 6 129.40843495224794 644.89890338812654 7 8 1902.4841271627406 120.32427543049302 9
decision_type=9 1 1 2 2 9 9 1 2 2 9 2 2 1 9 2 2 1
left_child=2 4 17 -4 -2 8 7 16 -6 -10 -5 -12 13 -7 15 -8 -3 -1
right_child=1 6 3 10 5 12 14 -9 9 -11 11 -13 -14 -15 -16 -17 -18 -19
leaf_value=-0.050975039285906742 -0.11509269226864223 -0.15767178153987232 -0.06615185683839514 -0.019649145822018235 0.099986554395584959 0.1028112102707666 0.08549651609428352 -0.055532040824326799 0.2457733416155039 0.14757460561373986 0.10551511721450033 -0.00097724340727272101 0.071857248121958789 -0.040685048406058327 0.023792229071175307 0.183529327750767 0.008664394798775293 -0.071849670647005218
leaf_weight=5507 223 150 3693 9657 1080 234 65 4196 312 1606 114 7139 2857 533 2804 65 3275 4640
leaf_count=5507 223 150 3693 9657 1080 234 65 4196 312 1606 114 7139 2857 533 2804 65 3275 4640
internal_value=-0.000237163 0.000286671 -0.000533497 -0.000328343 0.000979524 0.0010698 -0.000163162 -0.000388465 0.00162991 0.00200693 -0.00018348 1.97288e-05 0.000600217 -9.08338e-05 0.000421375 0.00218157 4.51942e-05 -0.000949303
internal_weight=48150 17400 30750 20603 6845 6622 10555 7621 2998 1918 16910 7253 3624 767 2934 130 3425 10147
internal_count=48150 17400 30750 20603 6845 6622 10555 7621 2998 1918 16910 7253 3624 767 2934 130 3425 10147
cat_boundaries=0 1 2 3 4 5 6 7 8 9 10
cat_threshold=34805056 652 3107 270892 79956524 1041 33554432 8 2 1025
is_linear=0
shrinkage=0.023


Tree=81
num_leaves=19
num_cat=6
split_feature=7 3 3 1 5 3 7 3 5 3 7 3 3 3 7 3 7 3
split_gain=11.2039 7.95628 4.5034 2.44201 2.78774 2.53194 1.62199 1.60637 1.51699 1.4123 1.25628 1.19473 1.0732 0.983371 0.924901 0.91994 0.917775 0.930425
threshold=0 11.815000000000003 17.745000000000001 1 1.5000000000000002 16.075000000000003 2 84.070000000000007 1.5000000000000002 28.205000000000005 3 27.485000000000003 16.605000000000004 11.855000000000002 4 23.705000000000005 5 66.285000000000011
decision_type=1 2 2 9 2 2 1 2 2 2 1 2 2 2 1 2 1 2
left_child=1 -1 6 4 5 10 -2 12 9 -4 13 14 -7 -3 -5 -6 -10 -18
right_child=2 3 8 11 15 7 -8 -9 16 -11 -12 -13 -14 -15 -16 -17 17 -19
leaf_value=-0.069563724040309596 -0.071182095600132222 0.10410078684861948 -0.01525050648789362 0.0077686154194108008 -0.11363275259327903 0.14757284673841656 -0.042998346238608799 0.19012630811920248 -0.089333621509292693 0.018848318074733465 -0.0065595182491541126 0.039560626550837301 0.058213167738706828 0.042848280299717975 -0.048910933104329764 -0.010776068411364173 -0.043936400133916913 0.061958042837401625
leaf_weight=2419 4537 147 6890 1528 276 734 11839 85 1013 3284 2117 1264 5085 2322 1723 1213 1447 241
leaf_count=2419 4537 147 6890 1528 276 734 11839 85 1013 3284 2117 1264 5085 2322 1723 1213 1447 241
internal_value=-0.000228623 0.000207634 -0.000510592 0.000388405 0.000559959 0.000692617 -0.000763809 0.00100754 -0.000188909 -6.02674e-05 0.000287161 -6.78525e-05 0.000961585 0.000638173 -0.000301292 -0.000370818 -0.000673425 -0.000337506
internal_weight=48164 18913 29251 16494 11979 10490 16376 5904 12875 10174 4586 4515 5819 2469 3251 1489 2701 1688
internal_count=48164 18913 29251 16494 11979 10490 16376 5904 12875 10174 4586 4515 5819 2469 3251 1489 2701 1688
cat_boundaries=0 1 2 3 4 5 6
cat_threshold=652 2129984 2082 136 12 35
is_linear=0
shrinkage=0.023


Tree=82
num_leaves=19
num_cat=7
split_feature=7 3 3 3 6 1 5 7 3 5 7 7 1 3 3 3 3 7
split_gain=10.9394 7.27128 2.41062 2.12311 2.02153 2.05601 1.8083 1.72141 1.25894 1.64037 1.34134 1.31354 2.8374 1.05216 0.865395 0.788006 1.15047 1.1014
threshold=0 11.155000000000003 17.135000000000002 16.075000000000003 1.5000000000000002 1 1.5000000000000002 2 53.320000000000007 1.5000000000000002 3 4 5 11.905000000000003 25.775000000000002 9.4450000000000021 10.965000000000002 6
decision_type=1 2 2 2 2 9 2 1 2 2 1 1 9 2 2 2 2 1
left_child=1 -1 15 7 5 8 -4 13 9 11 -10 12 -5 -3 -14 -2 17 -17
right_child=2 3 6 4 -6 -7 -8 -9 10 -11 -12 -13 14 -15 -16 16 -18 -19
leaf_value=-0.055107617316049379 -0.08724841450376776 0.12498924275215118 -0.012121797026130922 0.14115145151236597 -0.15266462195886862 -0.011201785426112358 -0.064354100360057495 -0.015490774328966931 0.19687711398734983 -0.011951819451948471 0.040088643579336641 0.058533460671448448 -0.027498524515098582 0.02847352919845178 0.070739309493631636 0.056095972711500443 -0.050595266237903308 -0.099632232511340013
leaf_weight=2784 2496 208 9377 115 250 2086 2205 5965 318 1469 485 6945 1245 1544 387 326 9429 187
leaf_count=2784 2496 208 9377 115 250 2086 2205 5965 318 1469 485 6945 1245 1544 387 326 9429 187
internal_value=-0.00023273 0.000116791 -0.000578871 0.000263157 0.000439241 0.000478498 -0.000340326 -4.03235e-05 0.0006041 0.000535343 0.00148128 0.000655479 8.86122e-05 0.000591504 -0.000166384 -0.000801453 -0.000709694 0.000350903
internal_weight=47821 23801 24020 21017 13300 13050 11582 7717 10964 10161 803 8692 1747 1752 1632 12438 9942 513
internal_count=47821 23801 24020 21017 13300 13050 11582 7717 10964 10161 803 8692 1747 1752 1632 12438 9942 513
cat_boundaries=0 1 2 3 4 5 6 7
cat_threshold=668 2670656 8 24 16 524288 257
is_linear=0
shrinkage=0.023


Tree=83
num_leaves=19
num_cat=9
split_feature=0 2 3 6 2 3 1 3 1 0 3 1 0 1 3 0 3 1
split_gain=13.6104 3.25534 2.48177 1.40453 0.972953 0.836211 0.862282 0.762744 0.962922 1.18159 0.691639 0.639601 0.660436 0.630417 0.597132 0.575115 1.31641 0.564905
threshold=0 93.757345162677424 7.8750000000000009 1.5000000000000002 69.231234826339175 84.070000000000007 1 15.275 2 3 14.345000000000001 4 5 6 38.285000000000004 7 45.185000000000009 8
decision_type=9 2 2 2 2 2 9 2 9 9 2 9 9 9 2 9 2 9
left_child=2 -2 -1 7 -4 6 10 17 9 -9 -6 -10 14 -8 -13 16 -16 -3
right_child=1 3 4 -5 5 -7 13 8 11 -11 -12 12 -14 -15 15 -17 -18 -19
leaf_value=-0.084431343598060191 -0.12167397352041485 0.0094894302124391913 -0.055428762713297094 -0.094782693355326422 0.077221833559980205 0.034939093131025035 -0.067684203108219099 -0.060089250921393271 0.13835056297953 0.053294038632973578 -0.0086453245735169243 -0.0045357245572388875 0.038715444439903324 -0.031425171047197782 0.28787835698498654 0.0012084710337137679 0.090081539471650485 -0.073926005939446773
leaf_weight=2022 527 2769 4739 219 107 258 476 735 146 230 2020 2419 11338 19046 73 264 183 380
leaf_count=2022 527 2769 4739 219 107 258 476 735 146 230 2020 2419 11338 19046 73 264 183 380
internal_value=-0.000235793 0.000236674 -0.000553477 0.000286896 -0.000494712 -0.000430063 -0.000445578 0.000308537 0.000375277 -0.000326644 -4.62691e-06 0.000422179 0.000405791 -0.000493366 9.7406e-05 0.00080466 0.00155165 -1.76006e-05
internal_weight=47951 19283 28668 18756 26646 21907 21649 18537 15388 965 2127 14423 14277 19522 2939 520 256 3149
internal_count=47951 19283 28668 18756 26646 21907 21649 18537 15388 965 2127 14423 14277 19522 2939 520 256 3149
cat_boundaries=0 1 2 3 4 5 6 7 8 9
cat_threshold=100862977 557136 528918 29622482 65632 17863052 554 33024 2641920
is_linear=0
shrinkage=0.023


Tree=84
num_leaves=19
num_cat=3
split_feature=0 2 2 0 4 5 0 2 4 3 3 3 2 3 5 3 4 2
split_gain=12.6244 3.00794 2.79649 1.66377 0.989015 1.11432 0.967584 0.964714 1.37948 0.904391 0.816836 0.794647 0.666027 0.653157 0.686644 0.930127 0.608732 0.601449
threshold=0 25.312129971147446 240.32878198510898 1 99.995000000000019 1.5000000000000002 2 584.39557716220122 1379.5000000000002 12.865 110.02000000000002 33.57500000000001 849.84417946220049 7.8750000000000009 1.5000000000000002 84.070000000000007 119.99500000000002 1087.5719089899699
decision_type=9 2 2 9 2 2 9 2 2 2 2 2 2 2 2 2 2 2
left_child=1 -1 16 -4 12 6 -6 8 13 -9 -8 -11 -5 -3 15 -15 -2 -14
right_child=2 7 3 4 5 -7 10 9 -10 11 -12 -13 17 14 -16 -17 -18 -19
leaf_value=-0.072064064242207904 -0.089460423275501827 -0.068656211762958066 0.16023285428097264 -0.0027065707419610596 0.028605762240041421 -0.016454365977375908 0.063021252611201214 0.030878569312236041 0.14819582547367724 -0.019519146046856513 0.23037931461270231 0.021225479375279646 0.047056920435237119 -0.029934515266466344 -0.063464317791589342 0.15332435955481766 -0.079971690200112897 0.012969508354649845
leaf_weight=3385 507 1122 383 5412 3053 1128 3151 87 66 4262 62 985 1317 17464 2134 70 427 2952
leaf_count=3385 507 1122 383 5412 3053 1128 3151 87 66 4262 62 985 1317 17464 2134 70 427 2952
internal_value=-0.000233527 -0.00052767 0.000239622 0.000305355 0.000270922 0.000471371 0.000591167 -0.000444452 -0.000515046 -0.000168418 0.000869346 -0.000207021 0.000118098 -0.000525597 -0.000494796 -0.000447375 -0.000986255 0.000332888
internal_weight=47967 29575 18392 17458 17075 7394 6266 26190 20856 5334 3213 5247 9681 20790 19668 17534 934 4269
internal_count=47967 29575 18392 17458 17075 7394 6266 26190 20856 5334 3213 5247 9681 20790 19668 17534 934 4269
cat_boundaries=0 1 2 3
cat_threshold=100863040 16777218 13123996
is_linear=0
shrinkage=0.023


Tree=85
num_leaves=19
num_cat=6
split_feature=0 2 2 0 3 5 3 3 1 3 1 1 2 2 1 5 3 2
split_gain=12.8726 2.88375 2.75037 2.16312 1.49429 1.45714 1.60337 1.45771 1.21153 0.915123 0.867782 0.81354 0.796581 0.680696 0.656629 0.649473 1.54478 0.58991
threshold=0 93.757345162677424 69.231234826339175 1 17.635000000000002 1.5000000000000002 54.565000000000005 61.245000000000012 2 7.785000000000001 3 4 325.6381307556158 2002.5078124158092 5 1.5000000000000002 27.135000000000002 451.24827217382114
decision_type=9 2 2 9 2 2 2 2 9 2 9 9 2 2 9 2 2 2
left_child=2 -2 9 10 14 6 -6 -8 -4 -1 -3 15 -7 -12 -5 16 -10 -14
right_child=1 3 8 4 5 12 7 -9 11 -11 13 -13 17 -15 -16 -17 -18 -19
leaf_value=-0.1004822562847926 -0.11264446304201241 0.010787932884321363 0.021409227125114332 0.019766159907335278 0.067717585702009545 0.13162374139881536 0.21626540579982054 0.13172253484913837 -0.028746462982260617 -0.055844701384141868 -0.040626715739369129 -0.065692460124070928 -0.12931428261683475 0.056062856016122202 -0.079429478518219673 -0.05449194181459726 0.022079993061683855 0.0021965935138719785
leaf_weight=1352 534 6963 1091 2541 4933 101 121 287 17211 4836 1723 1140 243 98 477 2185 1677 542
leaf_count=1352 534 6963 1091 2541 4933 101 121 287 17211 4836 1723 1140 243 98 477 2185 1677 542
internal_value=-0.000232583 0.000241886 -0.000531127 0.000291359 0.000536655 0.000740798 0.000884093 0.00226946 -0.000416846 -0.000962338 3.25356e-05 -0.000453485 -0.000123016 -0.000413096 0.000117202 -0.000420623 -0.000377386 -0.000370532
internal_weight=48055 18563 29492 18029 9245 6227 5341 408 23304 6188 8784 22213 886 1821 3018 21073 18888 785
internal_count=48055 18563 29492 18029 9245 6227 5341 408 23304 6188 8784 22213 886 1821 3018 21073 18888 785
cat_boundaries=0 1 2 3 4 5 6
cat_threshold=33756232 80742801 32836 2097346 2637968 2379776
is_linear=0
shrinkage=0.023


Tree=86
num_leaves=19
num_cat=12
split_feature=7 0 0 3 3 1 0 0 0 7 3 1 1 3 1 3 7 3
split_gain=11.2415 12.5441 3.99626 3.52257 2.87435 1.76913 1.53376 1.38771 1.18051 2.16079 1.27186 1.20774 1.19061 1.0927 1.07254 1.13097 1.1737 1.04229
threshold=0 1 2 14.095000000000001 11.815000000000003 3 4 5 6 7 15.045000000000002 8 9 14.175000000000002 10 52.025000000000013 11 56.365000000000009
decision_type=1 9 9 2 2 9 9 9 9 1 2 9 9 2 9 2 1 2
left_child=1 4 7 -3 -1 -4 -7 -2 9 10 13 -10 -12 -5 -6 16 -16 -13
right_child=2 3 5 8 14 6 -8 -9 11 -11 12 17 -14 -15 15 -17 -18 -19
leaf_value=-0.054012791462593579 0.1515912400584645 -0.11444530060487644 0.061737998738598893 0.25824488481374974 0.038537036428727182 -0.057339279159942615 -0.030493304344692492 0.0046518142671514492 -0.0067399153047869587 0.085597415622446257 0.20022171864168672 0.069766873329620213 0.14799246143595213 -0.24219673453531387 -0.044701009252097169 0.070496745173972086 -0.001356414933113681 0.15994478309941551
leaf_weight=2915 332 251 134 91 1185 10450 10372 2765 747 1956 1190 2421 294 93 2478 592 9449 173
leaf_count=2915 332 251 134 91 1185 10450 10372 2765 747 1956 1190 2421 294 93 2478 592 9449 173
internal_value=-0.000181509 0.000172511 -0.000532169 0.000972553 -0.000175253 -0.000646178 -0.000663517 0.000238867 0.00107038 0.00135967 0.00197188 0.000750214 0.0022073 0.000179786 -3.58482e-05 -9.85953e-05 -0.000147384 0.000985102
internal_weight=47888 23835 24053 7216 16619 20956 20822 3097 6965 3624 1668 3341 1484 184 13704 12519 11927 2594
internal_count=47888 23835 24053 7216 16619 20956 20822 3097 6965 3624 1668 3341 1484 184 13704 12519 11927 2594
cat_boundaries=0 1 2 3 4 5 6 7 8 9 10 11 12
cat_threshold=668 117577179 85516691 84 33626116 17301507 794656 136 544928 2113536 557056 16
is_linear=0
shrinkage=0.023


Tree=87
num_leaves=19
num_cat=10
split_feature=7 3 3 1 7 6 3 7 1 3 3 7 1 4 7 7 3 1
split_gain=11.7482 5.63561 2.76448 1.85911 1.64616 1.4053 1.44041 1.4072 1.77221 1.56503 1.30885 1.24347 0.968971 1.06419 1.0399 0.943931 1.65629 0.844449
threshold=0 11.815000000000003 15.405000000000003 1 2 1.5000000000000002 36.605000000000011 3 4 13.445000000000002 15.685 5 6 135.90500000000003 7 8 68.485000000000014 9
decision_type=1 2 2 9 1 2 2 1 9 2 2 1 9 2 1 1 2 9
left_child=1 -1 -2 11 10 6 7 8 17 -9 -5 -4 13 14 -8 16 -15 -3
right_child=2 5 3 4 -6 -7 12 9 -10 -11 -12 -13 -14 15 -16 -17 -18 -19
leaf_value=-0.052770497258953934 -0.056491641608870137 0.044405263730692777 0.080084672210044838 0.12135908389516968 -0.039006860177950048 -0.10881489984351222 0.065026470350851129 -0.050879015944254181 -0.025746845405042046 0.012796695497809126 -0.011468993245471739 -0.014321483044334251 0.010720723217767299 0.070241272083886322 -0.098169899170492819 0.10296945043127755 0.33319484626239804 0.18206446858946254
leaf_weight=3043 9669 6629 691 123 8244 265 339 1427 1376 8422 4684 860 904 152 142 886 68 400
leaf_count=3043 9669 6629 691 123 8244 265 339 1427 1376 8422 4684 860 904 152 142 886 68 400
internal_value=-0.000205211 0.000155063 -0.000562079 -0.000362557 -0.000451839 0.000289112 0.000310378 0.000239574 0.000457939 5.26995e-05 -0.000112822 0.000389075 0.000829165 0.00116885 0.000272911 0.00156893 0.00291721 0.000605745
internal_weight=48324 24053 24271 14602 13051 21010 20745 18254 8405 9849 4807 1551 2491 1587 481 1106 220 7029
internal_count=48324 24053 24271 14602 13051 21010 20745 18254 8405 9849 4807 1551 2491 1587 481 1106 220 7029
cat_boundaries=0 1 2 3 4 5 6 7 8 9 10
cat_threshold=668 452 1025 136 2146886 352 2621448 648 16 2113538
is_linear=0
shrinkage=0.023


Tree=88
num_leaves=19
num_cat=6
split_feature=0 2 2 3 0 1 2 2 3 1 6 1 0 3 2 3 3 2
split_gain=12.7391 2.63983 2.57299 1.13907 1.1117 0.979378 0.870078 0.77198 0.813623 0.74943 0.735611 0.663099 0.743701 0.632352 0.565492 1.08799 0.712936 0.529864
threshold=0 69.231234826339175 93.757345162677424 20.665000000000003 1 2 451.24827217382114 849.84417946220049 16.465000000000003 3 1.5000000000000002 4 5 33.155000000000008 499.22448476242204 17.195000000000004 15.275 563.49756974832383
decision_type=9 2 2 2 9 9 2 2 2 9 2 9 9 2 2 2 2 2
left_child=1 3 -2 -1 7 -3 -6 -4 -9 -7 13 12 -8 -11 15 -13 -16 -18
right_child=2 5 4 -5 6 9 11 8 -10 10 -12 14 -14 -15 16 -17 17 -19
leaf_value=-0.07076798543788447 -0.10843733228015047 0.0031401978222747751 -0.024472104553309462 -0.0027430716193256703 0.0085619520630895417 -0.078878846895787613 0.14071067837196191 0.064352117410417645 0.0027420406787112641 -0.028601650292538149 -0.10936440818232686 0.1467696142718265 -0.06874359140854909 -0.0032022818052816651 -0.011950892749528701 0.01596547731636426 -0.010122911164298622 0.056049282284125986
leaf_weight=5556 494 2185 2081 655 3741 510 109 569 1723 19013 309 270 430 2259 451 288 544 6570
leaf_count=5556 494 2185 2081 655 3741 510 109 569 1723 19013 309 270 430 2259 451 288 544 6570
internal_value=-0.000234602 -0.00051723 0.000264471 -0.000940518 0.000312805 -0.000409137 0.000423806 -2.99035e-06 0.000288175 -0.000454968 -0.000433864 0.000550744 -0.000230745 -0.00041787 0.000602147 0.00130941 0.000550738 0.000606957
internal_weight=47757 30487 17270 6211 16776 24276 12403 4373 2292 22091 21581 8662 539 21272 8123 558 7565 7114
internal_count=47757 30487 17270 6211 16776 24276 12403 4373 2292 22091 21581 8662 539 21272 8123 558 7565 7114
cat_boundaries=0 1 2 3 4 5 6
cat_threshold=100865344 22022281 557124 794 36890 540706
is_linear=0
shrinkage=0.023


Tree=89
num_leaves=19
num_cat=9
split_feature=7 3 1 3 5 1 7 3 3 7 1 1 3 7 6 3 3 7
split_gain=11.1492 4.98579 1.91663 1.81074 1.87511 2.39955 1.60834 1.30108 1.20932 1.04111 0.8976 0.851932 0.799665 0.774225 0.756204 0.725662 0.722512 0.683081
threshold=0 11.735000000000001 1 16.075000000000003 1.5000000000000002 2 3 9.6650000000000009 37.980000000000011 4 5 6 26.955000000000002 7 1.5000000000000002 29.905000000000005 10.965000000000002 8
decision_type=1 2 9 2 2 9 1 2 2 1 9 9 2 1 2 2 2 1
left_child=1 -1 -2 13 5 -5 7 -4 9 12 16 -8 -7 -3 15 -6 -9 -17
right_child=2 3 6 4 14 8 11 10 -10 -11 -12 -13 -14 -15 -16 17 -18 -19
leaf_value=-0.049929112156926643 0.13343393764574751 0.025875737942273269 -0.076967560419471989 -0.014366753822121988 -0.057596515861344073 0.067904123441635711 -0.010372674970188003 0.039593218977810242 0.10699559271528675 0.026898939239274541 -0.066031289931622147 -0.057139060572534643 0.004161539254900936 -0.012570031280328662 -0.13629996285552035 0.068324294511482225 -0.019643252146180557 -0.025138774337301838
leaf_weight=2940 109 2925 1864 1791 655 3438 1038 324 1069 4299 601 8524 562 4680 257 949 11828 483
leaf_count=2940 109 2925 1864 1791 655 3438 1038 324 1069 4299 601 8524 562 4680 257 949 11828 483
internal_value=-0.000219473 0.000131625 -0.00056692 0.000255277 0.000415145 0.000539364 -0.000581065 -0.000428529 0.000686404 0.000593318 -0.00034585 -0.000813535 0.000860303 -2.85785e-05 -0.000176212 -3.11844e-05 -0.000301971 0.000258871
internal_weight=48336 24048 24288 21108 13503 11159 24179 14617 9368 8299 12753 9562 4000 7605 2344 2087 12152 1432
internal_count=48336 24048 24288 21108 13503 11159 24179 14617 9368 8299 12753 9562 4000 7605 2344 2087 12152 1432
cat_boundaries=0 1 2 3 4 5 6 7 8 9
cat_threshold=668 65860 266922 1281 136 2670728 162 12 152
is_linear=0
shrinkage=0.023


Tree=90
num_leaves=19
num_cat=7
split_feature=7 2 2 7 1 5 4 2 1 4 2 1 2 4 4 1 1 4
split_gain=10.3561 4.56045 2.59786 2.2276 1.96592 2.05214 1.85424 1.63119 1.15048 1.136 1.10604 0.992293 0.966349 0.954513 1.49482 0.850216 0.797776 0.694502
threshold=0 93.757345162677424 610.61726476764773 1 2 1.5000000000000002 69.920000000000016 825.1855265553869 3 50.725000000000009 477.60682139310842 4 438.59450006655169 149.15000000000003 179.90500000000003 5 6 349.55000000000007
decision_type=1 2 2 1 9 2 2 2 9 2 2 9 2 2 2 9 9 2
left_child=1 16 3 6 5 9 -2 -6 13 -3 -11 -8 -7 -9 -15 -4 -1 -16
right_child=2 4 15 -5 7 12 11 8 -10 10 -12 -13 -14 14 17 -17 -18 -19
leaf_value=0.027938309634586374 -0.045243420884831166 0.019621692733045606 -0.051545258767690658 -0.059598712735592148 -0.033550641901947842 -0.089898118038110847 -0.067224324494852841 0.060601840507336378 -0.028411832408658074 0.038902082695091086 0.079859205851328302 0.0011715850387734607 0.012463090669514164 0.3210014901390465 -0.033875995681379549 -0.0074310401786214231 -0.044827173669458514 0.24798334166988267
leaf_weight=106 4076 3462 820 9921 2971 478 686 660 579 3227 3476 4440 662 81 119 9283 3034 138
leaf_count=106 4076 3462 820 9921 2971 478 686 660 579 3227 3476 4440 662 81 119 9283 3034 138
internal_value=-0.000229769 0.000188363 -0.000501392 -0.000659178 0.000347078 0.000509284 -0.000399918 -5.71182e-05 0.000540578 0.000613509 0.000788247 -0.000109207 -0.000415533 0.00100786 0.00201153 -0.000203223 -0.000612313 0.00115081
internal_weight=48219 18993 29226 19123 15853 11305 9202 4548 1577 10165 6703 5126 1140 998 338 10103 3140 257
internal_count=48219 18993 29226 19123 15853 11305 9202 4548 1577 10165 6703 5126 1140 998 338 10103 3140 257
cat_boundaries=0 1 2 3 4 5 6 7
cat_threshold=652 1296 2129984 540800 311344 266280 16512
is_linear=0
shrinkage=0.023


Tree=91
num_leaves=19
num_cat=3
split_feature=0 3 2 3 0 4 6 2 4 3 0 3 3 2 4 4 3 4
split_gain=8.76621 2.23703 1.9856 1.86161 1.24027 0.902463 0.921821 0.701601 0.680014 1.36873 0.668958 1.2969 0.807881 0.9776 0.973579 0.721568 1.04475 0.900545
threshold=0 84.070000000000007 129.40843495224794 9.6650000000000009 1 49.910000000000004 1.5000000000000002 37.77157551604224 112.94000000000001 8.6450000000000014 2 34.695000000000007 16.745000000000001 351.49471006829532 59.050000000000004 128.94500000000002 25.775000000000002 249.92500000000004
decision_type=9 2 2 2 9 2 2 2 2 2 9 2 2 2 2 2 2 2
left_child=1 3 -2 8 -4 -6 10 -5 -1 -10 11 -7 -12 15 -15 -14 -17 -18
right_child=2 -3 4 7 5 6 -8 -9 9 -11 12 -13 13 14 -16 16 17 -19
leaf_value=-0.063249432185340584 -0.091810841471379148 0.04874554202797738 0.11109841224388498 -0.058852535588516837 -0.0050891451441389436 -0.0014839479847254138 -0.091667305292631895 -0.022995989445993913 0.077861811593333996 -0.057890484429505631 -0.0056799559036795379 0.060513345298258504 0.024198264775388709 0.102624957183968 0.036681807181128082 0.066198524573098355 0.31036131753079343 0.032646720084654898
leaf_weight=3975 623 317 836 1954 4579 4405 168 22875 180 261 1234 1268 281 279 4217 188 180 96
leaf_count=3975 623 317 836 1954 4579 4405 168 22875 180 261 1234 1268 281 279 4217 188 180 96
internal_value=-0.000191732 -0.000436772 0.00020307 -0.000457755 0.000248028 0.000204692 0.000307309 -0.000380359 -0.000892872 -3.59678e-05 0.000330719 0.000147433 0.000490308 0.000615722 0.000487806 0.00138731 0.00194417 0.0028444
internal_weight=47916 29562 18354 29245 17731 16895 12316 24829 4416 441 12148 5673 6475 5241 4496 745 464 276
internal_count=47916 29562 18354 29245 17731 16895 12316 24829 4416 441 12148 5673 6475 5241 4496 745 464 276
cat_boundaries=0 1 2 3
cat_threshold=100799616 16785410 12651364
is_linear=0
shrinkage=0.023


Tree=92
num_leaves=19
num_cat=8
split_feature=7 3 2 1 3 7 2 2 1 7 7 2 7 3 4 2 7 4
split_gain=8.75228 6.49674 3.30578 1.74091 1.7925 1.66916 1.49317 1.20913 1.17606 1.85411 1.33193 1.10644 1.2462 0.945056 0.934034 1.57181 0.874424 0.904668
threshold=0 13.505000000000001 627.20003777922909 1 36.605000000000011 2 37.77157551604224 2050.4041081798655 3 4 5 43.592192813392941 6 11.155000000000003 64.930000000000021 1002.2101072277674 7 24.895000000000003
decision_type=1 2 2 9 2 1 2 2 9 1 1 2 1 2 2 2 1 2
left_child=1 13 5 4 11 6 -2 -5 9 14 -10 -3 -13 -1 -4 -16 -15 -18
right_child=2 3 8 7 -6 -7 -8 -9 10 -11 -12 12 -14 16 15 -17 17 -19
leaf_value=-0.053327593619057097 -0.086320055835729548 -0.060044927481467746 0.030004271209418926 -0.015170352399234456 0.096134344266484109 -0.0717945263436017 -0.026932649204919244 0.15760849525622087 0.019637414840561643 -0.019512187958632674 -0.0208394925438211 -0.0066936140223118534 0.036073046666054591 0.051946464635350527 0.017801281239866715 0.17546987187681812 0.042586996845600737 -0.039905769001796612
leaf_weight=2780 1705 504 113 4318 1699 4848 9461 261 1687 385 5846 2341 9318 598 92 123 270 1765
leaf_count=2780 1705 504 113 4318 1699 4848 9461 261 1687 385 5846 2341 9318 598 92 123 270 1765
internal_value=-0.00019516 0.000117717 -0.00050264 0.000323414 0.00045167 -0.000695505 -0.000539056 -6.57034e-05 -0.000128691 0.000757847 -0.000213345 0.000354232 0.000399845 -0.000582815 0.00200473 0.00295488 -0.000270509 -0.000496499
internal_weight=48114 23854 24260 18441 13862 16014 11166 4579 8246 713 7533 12163 11659 5413 328 215 2633 2035
internal_count=48114 23854 24260 18441 13862 16014 11166 4579 8246 713 7533 12163 11659 5413 328 215 2633 2035
cat_boundaries=0 1 2 3 4 5 6 7 8
cat_threshold=668 2654272 1345 192 352 1 16 8
is_linear=0
shrinkage=0.023


Tree=93
num_leaves=19
num_cat=11
split_feature=0 1 4 1 0 0 1 0 1 1 4 4 4 4 4 0 4 0
split_gain=8.7834 1.64658 1.62426 1.35051 1.31061 1.19893 1.27016 1.17816 0.785403 0.765473 0.690738 0.666016 0.64536 0.631023 0.653412 0.527541 0.507176 0.433324
threshold=0 1 1798.5000000000002 2 3 4 5 6 7 8 229.99500000000003 122.99500000000002 248.99500000000003 45.905000000000008 65.030000000000015 9 69.995000000000019 10
decision_type=9 9 2 9 9 9 9 9 9 9 2 2 2 2 2 9 2 9
left_child=2 4 3 10 12 6 -5 16 -7 -9 13 15 -2 -1 -15 -11 -3 -13
right_child=1 7 -4 5 -6 8 -8 9 -10 11 -12 17 -14 14 -16 -17 -18 -19
leaf_value=-0.054302770795835696 0.020747981805520951 0.052912375868716548 0.16467802875393819 -0.012453575182703056 -0.055019320372077678 -0.016305628770633868 -0.045806705634232607 0.13472842451882613 -0.063358721439197491 0.019241656183891016 -0.039214892440122523 0.011066719609816021 0.28234001177995499 0.11021667987004102 0.045904626439301911 -0.0047217972830567072 0.20881140113420824 0.043077550473466016
leaf_weight=140 294 117 66 2870 1910 9191 16350 119 427 6744 230 1762 103 154 542 3546 201 3362
leaf_count=140 294 117 66 2870 1910 9191 16350 119 427 6744 230 1762 103 154 542 3546 201 3362
internal_value=-0.000209564 0.000189614 -0.000451327 -0.000459442 -0.000383429 -0.000489065 -0.000594189 0.00027321 -0.000278583 0.000244203 0.00034322 0.000229252 0.000805978 0.000653513 0.000936888 0.000122709 0.00163835 0.000443643
internal_weight=48128 18158 29970 29904 2307 28838 19220 15851 9618 15533 1066 15414 397 836 696 10290 318 5124
internal_count=48128 18158 29970 29904 2307 28838 19220 15851 9618 15533 1066 15414 397 836 696 10290 318 5124
cat_boundaries=0 1 2 3 4 5 6 7 8 9 10 11
cat_threshold=34741504 825346 32832 582240 34603008 17040 16777218 2637984 66116 76341268 8446037
is_linear=0
shrinkage=0.023


Tree=94
num_leaves=19
num_cat=6
split_feature=0 2 1 3 1 2 3 4 4 3 0 2 3 3 4 0 4 1
split_gain=8.52185 2.5804 2.23752 1.01483 0.966122 0.922084 0.910882 0.844231 1.55496 0.73574 0.648622 0.814623 0.613206 0.606323 0.662594 0.5917 0.581325 0.483312
threshold=0 55.379492833299132 1 17.605000000000004 2 21.358019309292239 84.070000000000007 199.92000000000004 129.92000000000004 24.845000000000002 3 2708.4056416768913 16.245000000000001 15.565000000000003 326.41000000000008 4 89.995000000000019 5
decision_type=9 2 9 2 9 2 2 2 2 2 9 2 2 2 2 9 2 9
left_child=1 3 10 -1 -3 -5 13 8 -7 15 12 -12 -2 14 -6 -4 -11 -15
right_child=2 4 9 5 6 7 -8 -9 -10 16 11 -13 -14 17 -16 -17 -18 -19
leaf_value=-0.068580191120133083 0.010113519888075162 -0.059420376664290418 0.056338663261090008 -0.04757987019739409 -0.028856562450582483 -0.0063110126118845079 0.055205440354404556 -0.032099942169141346 0.14582063860414529 0.061187544100927381 0.010107236860255508 0.16754543439212605 0.047765833453520888 -0.019374793787764865 0.12848564337310431 -0.075323170550865778 -0.040158266880889609 0.0020939411032059453
leaf_weight=4723 1995 1092 146 341 11363 156 277 134 119 90 9869 68 4659 8662 145 982 481 2908
leaf_count=4723 1995 1092 146 341 11363 156 277 134 119 90 9869 68 4659 8662 145 982 481 2908
internal_value=-0.00020271 -0.000441707 0.000188397 -0.000893278 -0.000340786 -0.000107301 -0.000309042 0.000628929 0.00135801 -0.000604328 0.000269898 0.000151843 0.000445697 -0.000324914 -0.000443123 -0.000948361 6.48268e-05 -0.000207333
internal_weight=48210 29920 18290 5473 24447 750 23355 409 275 1699 16591 9937 6654 23078 11508 1128 571 11570
internal_count=48210 29920 18290 5473 24447 750 23355 409 275 1699 16591 9937 6654 23078 11508 1128 571 11570
cat_boundaries=0 1 2 3 4 5 6
cat_threshold=101848133 2638060 266794 17571842 16658 2113808
is_linear=0
shrinkage=0.023


Tree=95
num_leaves=19
num_cat=13
split_feature=7 0 0 7 1 3 3 1 1 7 1 0 7 3 1 0 3 3
split_gain=9.72067 9.57275 4.47199 2.49226 2.45055 2.27502 1.41804 1.40661 1.40587 1.04868 1.01034 0.990593 0.938157 0.936022 0.931594 0.802436 0.85401 0.771165
threshold=0 1 2 3 4 9.4450000000000021 16.855000000000004 5 6 7 8 9 10 31.025000000000002 11 12 14.785000000000002 12.615
decision_type=1 9 9 1 9 2 2 9 9 1 9 9 1 2 9 9 2 2
left_child=1 4 3 14 15 -3 -6 -7 12 -9 -4 -12 -5 -10 -2 16 -1 -11
right_child=2 5 10 8 6 7 -8 9 13 17 11 -13 -14 -15 -16 -17 -18 -19
leaf_value=0.024063148734911558 -0.07055923869052072 -0.056286749394112587 0.010585115363226394 -0.00098391061051897712 -0.065430062051861512 -0.055483859423895832 0.10898234486483128 0.03611019365872041 -0.040003958596205397 -0.037210206215773936 0.10981339167200493 -0.07075246878038699 0.1329155474276372 -0.0050810263843515703 -0.032648252127122246 0.081665907479420069 0.17183897334104625 0.002532803126524296
leaf_weight=230 4488 1647 5625 427 428 1022 1071 3148 14159 1042 122 786 193 2101 1270 1055 1858 7415
leaf_count=230 4488 1647 5625 427 428 1022 1071 3148 14159 1042 122 786 193 2101 1270 1055 1858 7415
internal_value=-0.000203673 0.000202412 -0.000466908 -0.000619901 0.00110852 -9.28417e-05 0.000336645 1.19676e-05 -0.000478241 8.42564e-05 6.33777e-05 -0.000644246 0.000591223 -0.000519365 -0.0010336 0.00147436 0.00174378 -4.9247e-05
internal_weight=48087 18916 29171 22638 4642 14274 1499 12627 16880 11605 6533 908 620 16260 5758 3143 2088 8457
internal_count=48087 18916 29171 22638 4642 14274 1499 12627 16880 11605 6533 908 620 16260 5758 3143 2088 8457
cat_boundaries=0 1 2 3 4 5 6 7 8 9 10 11 12 13
cat_threshold=652 22362656 34020969 2082 2101248 790574 524352 8 2113730 1105920 1281 2621448 270880
is_linear=0
shrinkage=0.023


Tree=96
num_leaves=19
num_cat=11
split_feature=7 0 0 2 0 2 7 7 5 7 0 7 5 0 2 2 0 2
split_gain=9.13714 10.0269 3.1536 1.94355 1.89657 1.7366 1.38809 1.00899 0.971957 0.931891 0.89473 0.767922 1.01986 1.16558 0.991159 0.876411 0.857433 0.723163
threshold=0 1 2 90.768138215006061 3 15.809004416954538 4 5 1.5000000000000002 6 7 8 1.5000000000000002 9 644.89890338812654 426.31449396009759 10 388.79686210529559
decision_type=1 9 9 2 9 2 1 1 2 1 9 1 2 9 2 2 9 2
left_child=1 5 7 -3 6 -1 -4 -2 9 -7 -11 12 13 14 -5 -13 -14 -15
right_child=2 3 4 11 -6 8 -8 -9 -10 10 -12 15 16 17 -16 -17 -18 -19
leaf_value=-0.048702887548610151 0.17014060723035215 -0.089548231674184575 -0.038963377165279055 -0.0089291688067765131 -0.019403337740026252 0.012485577787732231 -0.070935834874639975 0.040011978534645214 -0.0486337425972816 0.021754192666045134 -0.018937435256655248 0.15174116882078789 -0.020779357779151516 0.093700655433787111 0.070583647587634926 0.029059508179376151 0.18982390900004661 0.14887009227565531
leaf_weight=956 165 223 9459 459 9780 5105 4250 557 1599 1176 8098 610 332 809 1039 1593 134 1598
leaf_count=956 165 223 9459 459 9780 5105 4250 557 1599 1176 8098 610 332 809 1039 1593 134 1598
internal_value=-0.000200427 0.000120333 -0.000514663 0.000865877 -0.000560836 -0.000179257 -0.000735656 0.00097438 -0.000122382 -6.2557e-05 -0.00019982 0.000938792 0.00111613 0.00124005 0.000719484 0.000579152 0.000101626 0.00155448
internal_weight=47942 23731 24211 6797 23489 16934 13709 722 15978 14379 9274 6574 4371 3905 1498 2203 466 2407
internal_count=47942 23731 24211 6797 23489 16934 13709 722 15978 14379 9274 6574 4371 3905 1498 2203 466 2407
cat_boundaries=0 1 2 3 4 5 6 7 8 9 10 11
cat_threshold=668 34262481 17326083 100997132 1345 1 12 163968 648 12652548 25432096
is_linear=0
shrinkage=0.023


Tree=97
num_leaves=19
num_cat=7
split_feature=7 3 3 2 1 1 2 7 7 4 3 7 3 2 3 4 2 7
split_gain=6.65755 5.14863 2.57953 1.65014 1.52678 1.51239 1.69798 1.48674 1.16967 1.16699 1.09296 0.936646 0.945012 0.898883 0.793068 0.792865 0.804204 0.783368
threshold=0 11.815000000000003 20.195000000000004 73.307966824152189 1 2 43.592192813392941 3 4 289.92000000000002 110.02000000000002 5 13.445000000000002 2211.6728059599359 22.065000000000001 11.995000000000003 85.043627290182187 6
decision_type=1 2 2 2 9 9 2 1 1 2 2 1 2 2 2 2 2 1
left_child=1 -1 3 -2 8 -3 -7 -5 -4 11 17 13 -13 15 -10 -8 -17 -6
right_child=2 5 4 7 10 6 9 -9 14 -11 -12 12 -14 -15 -16 16 -18 -19
leaf_value=-0.052103095105590212 -0.066203733130142758 -0.016218356531838996 -0.032861520186861282 -0.021158147575147793 -0.0064772009630856787 -0.065823383035939265 0.19733506837634968 -0.047508910334797101 0.09650735754190716 -0.016910949695855635 0.082118513373307694 -0.039203099807054255 0.027340415641966872 0.16344568993269215 0.053392841663742703 -0.039425370876309297 0.04750162334530407 -0.046320237812191703
leaf_weight=2524 3677 2754 431 10462 5232 687 78 5469 126 1206 178 684 4307 286 992 191 6284 2371
leaf_count=2524 3677 2754 431 10462 5232 687 78 5469 126 1206 178 684 4307 286 992 191 6284 2371
internal_value=-0.000197911 0.0001366 -0.000417457 -0.000567392 -0.000102794 0.000284855 0.000383406 -0.000466013 0.000554489 0.00044242 -0.000234067 0.000511901 0.000270461 0.000686688 0.000945508 0.000632558 0.000604729 -0.000276094
internal_weight=47939 19001 28938 19608 9330 16477 13723 15931 1549 13036 7781 11830 4991 6839 1118 6553 6475 7603
internal_count=47939 19001 28938 19608 9330 16477 13723 15931 1549 13036 7781 11830 4991 6839 1118 6553 6475 7603
cat_boundaries=0 1 2 3 4 5 6 7
cat_threshold=652 524480 791178 1297 3104 136 1297
is_linear=0
shrinkage=0.023


Tree=98
num_leaves=19
num_cat=6
split_feature=0 1 2 1 2 2 0 4 5 4 0 4 5 4 4 1 4 2
split_gain=6.14907 2.10707 1.77833 1.52636 1.19639 1.01603 1.08287 0.998702 0.840593 0.688508 0.657567 0.652311 0.725696 0.644482 0.881193 0.612541 0.734015 0.717641
threshold=0 1 25.312129971147446 2 674.45785259047409 418.84997937723205 3 134.93000000000004 1.5000000000000002 240.09500000000003 4 29.915000000000003 1.5000000000000002 154.04000000000005 179.99500000000003 5 69.920000000000016 603.15557967331563
decision_type=9 9 2 9 2 2 9 2 2 2 9 2 2 2 2 9 2 2
left_child=2 3 -1 -2 -3 7 13 -5 15 -9 -6 -8 -13 -7 -15 -4 -17 -18
right_child=1 4 8 5 10 6 11 9 -10 -11 -12 12 -14 14 -16 16 17 -19
leaf_value=-0.065967742291162104 0.18121791006173346 -0.069333777337708069 -0.068509410399070048 -0.01946094506797956 0.028192638383473894 -0.0057885191350431769 -0.011202366491686655 0.082351197504763288 -0.050214552074698597 -0.025403795318397062 -0.015525949162839283 0.039228295200935945 -0.013221478640395161 0.10962082976846854 0.0071557378780295507 -0.027572174240781362 -0.015620672956445271 0.010291681452309506
leaf_weight=3248 107 1374 549 3125 345 4768 1083 733 2250 457 1514 6252 881 367 1269 9076 9116 1422
leaf_count=3248 107 1374 549 3125 345 4768 1083 733 2250 457 1514 6252 881 367 1269 9076 9116 1422
internal_value=-0.000169965 0.000109658 -0.000412573 0.00020187 -0.000432381 0.000185565 0.000277192 -0.000124454 -0.000339839 0.000442524 -5.33175e-05 0.000451712 0.000532115 5.24965e-05 0.000446444 -0.000292781 -0.000271041 -0.000140598
internal_weight=47936 22275 25661 19042 3233 18935 14620 4315 22413 1190 1859 8216 7133 6404 1636 20163 19614 10538
internal_count=47936 22275 25661 19042 3233 18935 14620 4315 22413 1190 1859 8216 7133 6404 1636 20163 19614 10538
cat_boundaries=0 1 2 3 4 5 6
cat_threshold=101712897 2179268 65604 4299500 119328 266784
is_linear=0
shrinkage=0.023


Tree=99
num_leaves=19
num_cat=10
split_feature=7 3 2 7 2 2 7 1 3 1 5 3 2 1 7 1 7 1
split_gain=8.46293 4.64962 2.70821 2.1101 2.02812 1.62162 1.97901 1.84346 1.42249 1.11111 1.08886 1.23967 0.818865 0.748349 0.688714 0.859376 0.656766 0.691492
threshold=0 11.815000000000003 584.39557716220122 1 40.686672627796789 2167.7732156647398 2 3 16.745000000000001 4 1.5000000000000002 16.115000000000006 46.778728473530883 5 6 7 8 9
decision_type=1 2 2 1 2 2 1 9 2 9 2 2 2 9 1 9 1 9
left_child=1 -1 3 -2 -3 7 -7 10 12 -4 11 -6 -5 -10 15 -11 -9 -18
right_child=2 4 9 8 5 6 -8 16 13 14 -12 -13 -14 -15 -16 -17 17 -19
leaf_value=-0.043670962449909971 -0.064498704823420461 -0.076920296061627758 0.11179031632427908 -0.073390722201913089 0.022769841185570971 0.21071060690933938 0.067750286125807191 0.017418823373744067 -0.077098284009135418 -0.085596600443377871 -0.015782596879987006 0.05339873413261309 -0.03422936099407356 -0.0026333624577503266 -0.024815635268580501 0.0027606642621612869 -0.012113345067236372 -0.065322961296298165
leaf_weight=2463 4712 648 105 2118 4400 262 481 2010 670 236 1257 5170 6825 4293 4605 5620 1570 743
leaf_count=2463 4712 648 105 2118 4400 262 481 2010 670 236 1257 5170 6825 4293 4605 5620 1570 743
internal_value=-0.000189447 0.000188266 -0.000435321 -0.00060238 0.000327191 0.000378621 0.00142756 0.000327158 -0.000458703 -0.000141357 0.000487221 0.000571262 -0.000632323 -0.000146761 -0.000165813 -1.56228e-07 -7.46806e-05 -0.000338284
internal_weight=48188 19004 29184 18618 16541 15893 743 15150 13906 10566 10827 9570 8943 4963 10461 5856 4323 2313
internal_count=48188 19004 29184 18618 16541 15893 743 15150 13906 10566 10827 9570 8943 4963 10461 5856 4323 2313
cat_boundaries=0 1 2 3 4 5 6 7 8 9 10
cat_threshold=652 2082 128 2130000 324 311298 3089 4642 12 16544
is_linear=0
shrinkage=0.023


Tree=100
num_leaves=19
num_cat=8
split_feature=7 3 3 5 3 1 3 1 7 7 7 1 5 1 3 6 3 3
split_gain=8.41134 5.92537 1.72093 1.86695 1.75376 1.2794 1.18776 1.36473 1.4007 1.12129 0.882514 1.68356 0.84579 0.830074 0.910879 0.817541 0.753351 0.737309
threshold=0 11.815000000000003 16.075000000000003 1.5000000000000002 53.320000000000007 1 15.405000000000003 2 3 4 5 6 1.5000000000000002 7 15.565000000000003 1.5000000000000002 15.375000000000002 27.135000000000002
decision_type=1 2 2 2 2 9 2 9 1 1 1 9 2 9 2 2 2 2
left_child=1 -1 9 4 5 -4 -2 8 -8 16 11 -7 13 14 -9 17 -3 -5
right_child=6 2 3 15 -6 10 7 12 -10 -11 -12 -13 -14 -15 -16 -17 -18 -19
leaf_value=-0.043268492454733437 -0.039469303059412354 0.068897691700644997 -0.047367626534452686 -0.07525283319535199 0.12202084583854762 0.18779510252548051 0.074004004468588319 0.094649612163343902 -0.020165227205713541 -0.0086585884946886859 0.053039661374550628 -0.0018698484672495688 -0.0565932439374962 -0.045670185882205887 -0.01495684094028157 -0.10131275798178599 -0.050843716415039722 0.01361771885521787
leaf_weight=3044 9669 1435 530 468 609 114 677 144 842 5684 7875 1877 2137 2072 8631 242 286 1578
leaf_count=3044 9669 1435 530 468 609 114 677 144 842 5684 7875 1877 2137 2072 8631 242 286 1578
internal_value=-0.000145572 0.000161925 0.000301338 0.000457865 0.000582147 0.000511848 -0.000447479 -0.000316013 0.00033525 2.03444e-05 0.000570703 0.000135733 -0.000392165 -0.000310059 -0.000211406 -0.000139916 0.000532879 9.66721e-06
internal_weight=47914 23742 20698 13293 11005 10396 24172 14503 1519 7405 9866 1991 12984 10847 8775 2288 1721 2046
internal_count=47914 23742 20698 13293 11005 10396 24172 14503 1519 7405 9866 1991 12984 10847 8775 2288 1721 2046
cat_boundaries=0 1 2 3 4 5 6 7 8
cat_threshold=668 267046 452 352 8 16 524288 2113552
is_linear=0
shrinkage=0.023


Tree=101
num_leaves=19
num_cat=8
split_feature=0 3 3 6 5 1 3 1 0 3 5 1 3 1 1 1 3 6
split_gain=9.28429 1.80045 1.67866 0.911228 0.837791 1.1143 1.75723 0.811444 0.776708 1.20296 1.14689 1.03055 0.70125 0.586759 0.575699 0.549553 0.500937 0.478619
threshold=0 9.6650000000000009 12.345000000000001 1.5000000000000002 1.5000000000000002 1 20.665000000000003 2 3 17.925000000000004 1.5000000000000002 4 20.965000000000003 5 6 7 52.025000000000013 1.5000000000000002
decision_type=9 2 2 2 2 9 2 9 9 2 2 9 2 9 9 9 2 2
left_child=1 -1 15 8 5 -3 13 -8 11 -10 14 -4 -6 -7 -11 -2 -9 -14
right_child=2 4 3 -5 12 6 7 16 9 10 -12 -13 17 -15 -16 -17 -18 -19
leaf_value=-0.052221677533132935 -0.013834861078475801 -0.052430122798568048 -0.027022044399017186 -0.086628125748245965 -0.12407497925151612 -0.024104204241302246 -0.019693070363202989 0.015085102290034359 0.0074461855832263849 0.022215583079900989 -0.01123952729395419 0.016070974973175344 -0.022601881967885422 0.0068624429253316402 0.070088418973173472 -0.08947353934199305 0.057475424624760817 -0.11757205726243802
leaf_weight=4539 219 1065 1307 228 503 15382 1113 2085 3858 996 990 6029 2130 1497 4966 270 352 323
leaf_count=4539 219 1065 1307 228 503 15382 1113 2085 3858 996 990 6029 2130 1497 4966 270 352 323
internal_value=-0.000149327 -0.000407673 0.00024779 0.000283323 -0.00032971 -0.000279776 -0.000241497 0.000223508 0.000301484 0.000425343 0.000606477 0.000118222 -0.000692749 -0.000339442 0.000726854 -0.00108178 0.000457422 -0.000532243
internal_weight=47852 28989 18863 18374 24450 21494 20429 3550 18146 10810 6952 7336 2956 16879 5962 489 2437 2453
internal_count=47852 28989 18863 18374 24450 21494 20429 3550 18146 10810 6952 7336 2956 16879 5962 489 2437 2453
cat_boundaries=0 1 2 3 4 5 6 7 8
cat_threshold=34735169 267066 49284 96539016 803378 2113664 37530 2883584
is_linear=0
shrinkage=0.023


Tree=102
num_leaves=19
num_cat=6
split_feature=0 1 3 2 0 2 3 1 5 3 2 3 0 3 3 1 2 3
split_gain=6.70858 1.89437 1.87113 1.13957 1.2681 1.13827 1.01198 0.870734 1.03838 1.38577 0.854881 0.674623 0.658083 0.650571 0.643764 0.606611 0.5884 0.549419
threshold=0 1 9.6650000000000009 922.01816366722835 2 661.26556187211509 16.795000000000005 3 1.5000000000000002 16.185000000000006 240.32878198510898 45.185000000000009 4 50.855000000000011 15.455000000000002 5 211.26002073704612 15.685
decision_type=9 9 2 2 9 2 2 9 2 2 2 2 9 2 2 9 2 2
left_child=2 3 16 -2 17 -3 14 -4 9 -9 11 -11 -7 -14 -6 -8 -1 -5
right_child=1 5 7 4 6 12 15 8 -10 10 -12 -13 13 -15 -16 -17 -18 -19
leaf_value=-0.052680226841372566 0.0063068245848734248 -0.062977548654696291 -0.059088824785735357 0.091276263469725893 0.073667505439815373 -0.025584909474223642 -0.017670273050164213 -0.028394816665793316 -0.048654163167929823 0.015590497332625585 -0.0078245647209782745 0.068071271672634714 0.012101774521382046 0.23095633083893916 0.20265867182172551 0.06361866000351428 0.026562538181029247 0.019718855277766803
leaf_weight=4371 12193 1231 843 69 118 1027 302 11293 2633 1420 5944 127 410 92 175 1677 135 4031
leaf_count=4371 12193 1231 843 69 118 1027 302 11293 2633 1420 5944 127 410 92 175 1677 135 4031
internal_value=-0.000169872 0.000134485 -0.000412254 0.000218111 0.000467492 -0.000426753 0.000902175 -0.000325881 -0.000296827 -0.000237 5.55778e-06 0.000487139 -9.17401e-06 0.000665457 0.00216728 0.000719208 -0.000839821 0.000223833
internal_weight=48091 21325 26766 18565 6372 2760 2272 22260 21417 18784 7491 1547 1529 502 293 1979 4506 4100
internal_count=48091 21325 26766 18565 6372 2760 2272 22260 21417 18784 7491 1547 1529 502 293 1979 4506 4100
cat_boundaries=0 1 2 3 4 5 6
cat_threshold=101713152 2183388 711345 266762 29688052 128
is_linear=0
shrinkage=0.023


Tree=103
num_leaves=19
num_cat=7
split_feature=7 3 2 2 3 7 1 4 2 7 3 7 3 1 7 4 4 4
split_gain=6.99466 4.96511 2.43893 1.94456 1.8169 1.79254 1.54714 1.50384 1.32345 1.12106 1.10676 1.05962 0.942613 0.864449 0.779538 1.01838 1.05933 0.763685
threshold=0 11.155000000000003 946.42172092530802 563.49756974832383 15.945000000000002 1 2 48.020000000000003 46.778728473530883 3 59.430000000000007 4 25.265000000000004 5 6 29.895000000000003 34.895000000000003 251.95000000000002
decision_type=1 2 2 2 2 1 9 2 2 1 2 1 2 9 1 2 2 2
left_child=1 -1 5 9 -4 8 7 14 -2 12 13 17 -3 -11 15 -5 -17 -9
right_child=2 3 4 6 -6 -7 -8 11 -10 10 -12 -13 -14 -15 -16 16 -18 -19
leaf_value=-0.038465816805235427 -0.076706839082587006 0.057250384145338604 0.14573616117907423 -0.01312356254487322 -0.001566970495792743 -0.054548542353017294 -0.0072201460461245124 0.11282605130110519 -0.018302180889920215 0.034380000630663397 0.11123052582498295 0.027914760343150168 -0.038546094737962631 -0.010001194064131443 -0.018425002520397336 0.16108941823997999 0.044497461265058755 0.017036361934438988
leaf_weight=2823 1865 2093 184 218 4076 6184 1940 3041 11790 723 273 1773 436 8615 1322 62 149 555
leaf_count=2823 1865 2093 184 218 4076 6184 1940 3041 11790 723 273 1773 436 8615 1322 62 149 555
internal_value=-0.000154368 0.000123388 -0.000431118 0.000244102 6.80253e-05 -0.000538515 0.000499083 0.000655464 -0.000390396 5.38052e-05 -5.97392e-05 0.000847269 0.000483602 -0.000102017 7.10539e-05 0.000910638 0.00207002 0.00107378
internal_weight=48122 24023 24099 21200 4260 19839 9060 7120 13655 12140 9611 5369 2529 9338 1751 429 211 3596
internal_count=48122 24023 24099 21200 4260 19839 9060 7120 13655 12140 9611 5369 2529 9338 1751 429 211 3596
cat_boundaries=0 1 2 3 4 5 6 7
cat_threshold=668 1345 2637904 8 648 557056 128
is_linear=0
shrinkage=0.023


Tree=104
num_leaves=19
num_cat=8
split_feature=7 0 0 3 1 0 7 3 7 6 3 3 3 3 3 0 3 3
split_gain=8.01996 7.96113 3.77281 2.03865 1.88161 2.06325 2.00624 1.42715 1.39822 1.21315 1.06567 0.919268 0.8936 2.24415 0.879078 0.79223 1.11195 0.917372
threshold=0 1 2 11.735000000000001 3 4 5 14.595000000000001 6 1.5000000000000002 9.6650000000000009 10.965000000000002 15.375000000000002 16.025000000000002 11.855000000000002 7 39.735000000000007 25.045000000000005
decision_type=1 9 9 2 9 9 1 2 1 2 2 2 2 2 2 9 2 2
left_child=1 3 12 -1 7 6 15 -3 10 14 -4 -12 -2 -14 -5 17 -17 -6
right_child=2 4 8 9 5 -7 -8 -9 -10 -11 11 -13 13 -15 -16 16 -18 -19
leaf_value=-0.035046970595262551 -0.029827622469812829 -0.083862887397373589 -0.058821527818827594 0.049928510206869919 0.17726770656544658 0.047054284811096983 0.071018836537700275 0.042195325816816752 -0.049525576796695454 -0.14540277826152823 0.050363657021883362 -0.022371908075811579 0.1444851591506949 0.010616072401022207 -0.0018364840048492833 0.16554265807294913 0.25621173378757894 0.084135409374640174
leaf_weight=2817 596 249 1826 603 970 3408 1703 1086 7803 172 308 10001 159 3550 12305 206 67 284
leaf_count=2817 596 249 1826 603 970 3408 1703 1086 7803 172 308 10001 159 3550 12305 206 67 284
internal_value=-0.000138712 0.000160556 -0.000433262 -0.000136968 0.000753192 0.000911875 0.00132951 -3.67592e-05 -0.000566599 -1.61765e-05 -0.000411227 -0.000320841 0.000184151 0.000317418 9.40856e-06 0.00193864 0.00312086 0.00165811
internal_weight=48113 23870 24243 15897 7973 6638 3230 1335 19938 13080 12135 10309 4305 3709 12908 1527 273 1254
internal_count=48113 23870 24243 15897 7973 6638 3230 1335 19938 13080 12135 10309 4305 3709 12908 1527 273 1254
cat_boundaries=0 1 2 3 4 5 6 7 8
cat_threshold=668 119146433 25747923 295570 335918 136 1281 327684
is_linear=0
shrinkage=0.023


Tree=105
num_leaves=19
num_cat=6
split_feature=7 3 3 5 1 7 3 1 3 7 3 3 5 3 6 1 3 3
split_gain=7.52435 3.13497 1.74411 1.541 1.42629 1.15232 1.13166 1.07196 0.98083 0.861546 1.16612 0.785915 0.730214 0.721332 0.654724 0.650016 0.623859 1.00155
threshold=0 11.815000000000003 15.375000000000002 1.5000000000000002 1 2 16.075000000000003 3 46.545000000000009 4 68.485000000000014 15.685 1.5000000000000002 21.355000000000004 1.5000000000000002 5 37.045000000000009 32.225000000000001
decision_type=1 2 2 2 9 1 2 9 2 1 2 2 2 2 2 9 2 2
left_child=1 -1 15 4 -3 7 -6 11 -9 10 -10 -4 -7 -5 -15 -2 17 -8
right_child=2 3 5 13 6 12 16 8 9 -11 -12 -13 -14 14 -16 -17 -18 -19
leaf_value=-0.033387443295198056 0.048732993721405646 -0.032431375039151493 0.13159772302437919 -0.11667837617955751 0.014695850805436761 -0.024939495946411049 0.044492829181330157 -0.019363331066115264 0.047569382439729767 0.0040232507828324212 0.22439870494915068 0.013587283402597926 -0.072613712491266968 -0.0008515243354656083 -0.095384587237063251 -0.038299708852414578 0.099601390496195097 -0.02293532448884664
leaf_weight=2500 233 738 65 202 5658 5299 6742 8366 143 763 102 1764 1047 1517 168 11271 1088 369
leaf_count=2500 233 738 65 202 5658 5299 6742 8366 143 763 102 1764 1047 1517 168 11271 1088 369
internal_value=-0.000167657 0.00018846 -0.000400255 0.000303677 0.000383643 -0.000256104 0.000435994 -0.000115418 -0.000214847 0.000462638 0.00161762 0.000392542 -0.000503478 -0.000314796 -0.000158999 -0.000620492 0.00060897 0.000530462
internal_weight=48035 18982 29053 16482 14595 17549 13857 11203 9374 1008 245 1829 6346 1887 1685 11504 8199 7111
internal_count=48035 18982 29053 16482 14595 17549 13857 11203 9374 1008 245 1829 6346 1887 1685 11504 8199 7111
cat_boundaries=0 1 2 3 4 5 6
cat_threshold=652 266810 337 524492 16 524320
is_linear=0
shrinkage=0.023


Tree=106
num_leaves=19
num_cat=9
split_feature=7 0 0 3 7 0 3 3 3 4 7 3 1 1 3 4 0 4
split_gain=6.74149 9.08872 3.09698 2.61601 2.00044 1.82979 1.67212 1.46742 1.2392 1.06347 0.890932 0.981685 1.00439 0.84077 0.656472 0.655738 0.624541 0.670115
threshold=0 1 2 14.095000000000001 3 4 9.6650000000000009 10.965000000000002 7.8750000000000009 79.895000000000024 5 17.785000000000004 6 7 20.805000000000003 217.90500000000003 8 412.4550000000001
decision_type=1 9 9 2 1 9 2 2 2 2 1 2 9 9 2 2 9 2
left_child=1 3 13 -1 6 -6 -4 9 -3 -8 16 15 -13 -2 -15 -12 -10 -18
right_child=2 8 4 -5 5 -7 7 -9 10 -11 11 12 -14 14 -16 -17 17 -19
leaf_value=-0.083165883575099589 0.13005190393299945 -0.066153827074024368 -0.068533593332473483 0.093657394700946223 0.0040534429578827184 -0.05926429461783949 0.070465097291027415 -0.019753423261839882 -0.035369851967657281 -0.0088027004279497122 -0.020866274289609084 0.014468936568647036 -0.034634390555427101 -0.016093566944918009 0.03295485437691098 -0.079385694888378711 0.026331376544170795 0.14113331052722999
leaf_weight=230 113 865 1941 6478 970 5749 200 12719 792 152 7191 3954 1215 870 1465 491 2584 109
leaf_count=230 113 865 1941 6478 970 5749 200 12719 792 152 7191 3954 1215 870 1465 491 2584 109
internal_value=-0.000151578 0.000122303 -0.000422276 0.000839723 -0.000509684 -0.000839819 -0.000361453 -0.000268143 -0.000157808 0.0011963 -0.00011297 -0.000201347 4.35604e-05 0.000352548 0.000253516 -0.000366396 0.000212877 0.000379729
internal_weight=48088 23909 24179 6708 21731 6719 15012 13071 17201 352 16336 12851 5169 2448 2335 7682 3485 2693
internal_count=48088 23909 24179 6708 21731 6719 15012 13071 17201 352 16336 12851 5169 2448 2335 7682 3485 2693
cat_boundaries=0 1 2 3 4 5 6 7 8 9
cat_threshold=668 80034340 17359131 1345 80744960 8 2916450 16448 17859584
is_linear=0
shrinkage=0.023


Tree=107
num_leaves=19
num_cat=5
split_feature=0 2 2 5 3 5 2 3 0 3 3 2 0 0 2 0 3 3
split_gain=5.53705 2.1377 1.32124 1.07968 1.19179 0.549148 1.03645 0.674962 1.18545 0.602771 0.513867 0.49957 0.437775 0.429477 0.83829 1.10155 0.646279 0.600144
threshold=0 55.379492833299132 93.757345162677424 2.5000000000000004 52.025000000000013 1.5000000000000002 325.6381307556158 34.385000000000012 1 41.425000000000004 54.565000000000005 978.53784423862373 2 3 849.84417946220049 4 15.565000000000003 15.315000000000003
decision_type=9 2 2 2 2 2 2 2 9 2 2 2 9 9 2 9 2 2
left_child=1 10 -2 4 -3 7 -7 13 9 -9 -1 12 -6 -4 15 -15 17 -17
right_child=2 3 5 -5 11 6 -8 8 -10 -11 -12 -13 -14 14 -16 16 -18 -19
leaf_value=-0.048419936492953959 -0.075897682229489588 -0.017213335287907323 -0.0072856236886870785 -0.074289701675868264 0.073551518177994671 0.16185792952401612 -0.030384295475049491 0.1009960456239237 -0.0052816094182346288 0.062492927694023703 0.041388789520884206 -0.046131242576517045 0.025018329244055736 -0.043495229681840768 0.034108399816726087 -0.001045214044545939 0.028299600255994935 -0.097626971442082974
leaf_weight=5384 559 22775 2670 569 177 108 1659 593 878 939 71 96 448 1077 4378 1872 3656 210
leaf_count=5384 559 22775 2670 569 177 108 1659 593 878 939 71 96 448 1077 4378 1872 3656 210
internal_value=-0.000168588 -0.000364352 0.000142246 -0.000271285 -0.000247304 0.000176451 -0.000208627 0.000218267 0.000573517 0.000956258 -0.000775559 0.000673207 0.00091048 0.0001565 0.00021891 5.95658e-05 0.000186378 -0.000136748
internal_weight=48119 29520 18599 24065 23496 18040 1767 16273 2410 1532 5455 721 625 13863 11193 6815 5738 2082
internal_count=48119 29520 18599 24065 23496 18040 1767 16273 2410 1532 5455 721 625 13863 11193 6815 5738 2082
cat_boundaries=0 1 2 3 4 5
cat_threshold=100797696 21275235 1024 41672 4198416
is_linear=0
shrinkage=0.023


Tree=108
num_leaves=19
num_cat=6
split_feature=0 2 2 1 6 3 1 2 3 2 1 2 3 2 0 3 2 0
split_gain=5.49837 2.03432 1.68302 1.12765 0.939658 0.79181 0.71803 0.746923 1.33399 0.688661 0.617461 0.609204 0.592455 0.621074 0.580919 0.569375 0.536949 0.526683
threshold=0 25.312129971147446 93.757345162677424 1 1.5000000000000002 110.02000000000002 2 578.62996211279039 14.515000000000002 2361.7284817799168 3 1286.2546375182576 7.8750000000000009 211.26002073704612 4 12.485000000000001 667.20850802710333 5
decision_type=9 2 2 9 2 2 9 2 2 2 9 2 2 2 9 2 2 9
left_child=1 -1 -2 11 5 9 -3 12 15 17 14 -4 13 -8 16 -9 -10 -5
right_child=2 6 3 4 -6 -7 7 8 10 -11 -12 -13 -14 -15 -16 -17 -18 -19
leaf_value=-0.049245749956311549 -0.077693222323481456 -0.058437214240277646 0.056714333278871432 -0.0014827213703493469 -0.085979359145493706 0.093702260848215008 -0.057861051335447687 0.021798180220465257 0.057070146712544734 0.066848353803612204 0.011722288242378996 0.16357006497044327 -0.021000436879514313 0.03141458306927726 -0.039499718021760499 0.13934049960738509 -0.0067194837425628689 0.016989128412616971
leaf_weight=3364 556 510 117 7959 206 240 1010 65 146 827 1552 107 19441 102 1517 96 247 9952
leaf_count=3364 556 510 117 7959 206 240 1010 65 146 827 1552 107 19441 102 1517 96 247 9952
internal_value=-0.000162513 -0.000370078 0.000129243 0.000165056 0.000145519 0.000162373 -0.000297899 -0.000279428 2.4948e-05 0.00014555 -7.02838e-05 0.00175186 -0.000333218 -0.000849508 -0.000346158 0.00207003 0.000435222 0.000115583
internal_weight=48014 28050 19964 19408 19184 18978 24686 24176 3623 18738 3462 224 20553 1112 1910 161 393 17911
internal_count=48014 28050 19964 19408 19184 18978 24686 24176 3623 18738 3462 224 20553 1112 1910 161 393 17911
cat_boundaries=0 1 2 3 4 5 6
cat_threshold=100795396 65612 4138 2360084 131072 5362576
is_linear=0
shrinkage=0.023


Tree=109
num_leaves=19
num_cat=10
split_feature=7 0 2 7 1 0 2 2 0 1 4 7 2 2 2 2 7 1
split_gain=6.4872 6.37624 2.62078 2.29427 2.00862 1.99798 1.44326 1.35581 1.34399 1.13952 1.14448 1.03346 0.916183 0.769123 0.764969 0.976156 0.72293 0.810176
threshold=0 1 584.39557716220122 2 3 4 35.251433531459114 37.77157551604224 5 6 150.99500000000003 7 52.421730742537584 696.37995437762061 388.79686210529559 333.86502847955052 8 9
decision_type=1 9 2 1 9 9 2 2 9 9 2 1 2 2 2 2 1 9
left_child=1 6 3 -2 8 13 -1 -5 -3 11 -11 -8 -12 -4 15 -10 -7 -18
right_child=2 4 5 7 -6 16 9 -9 14 10 12 -13 -14 -15 -16 -17 17 -19
leaf_value=-0.043709403218977844 -0.0563992401393415 0.050970476170286418 0.070490499827762856 -0.053058749798096029 -0.034863462366727112 -0.0012106241314114577 0.20468037465509681 -0.017526383805704343 0.17247417972775708 -0.011032576473284502 0.20636461287218685 0.0069893956594169453 0.018705955814575355 0.020462952355607075 0.13485935187241618 0.017501549980744237 0.047324003062343446 -0.031728165632588866
leaf_weight=1710 4714 2673 368 2201 626 4265 168 11599 413 8167 68 422 2320 1851 1766 632 155 3892
leaf_count=1710 4714 2673 368 2201 626 4265 168 11599 413 8167 68 422 2320 1851 1766 632 155 3892
internal_value=-0.000156127 0.000174726 -0.000372089 -0.000536991 0.000785806 -8.25321e-05 -0.000116115 -0.00038638 0.000926997 -2.07392e-05 -7.60839e-05 0.000954151 0.000366734 0.000529186 0.00128002 0.000791078 -0.000246189 -0.000466154
internal_weight=48010 18965 29045 18514 6110 10531 12855 13800 5484 11145 10555 590 2388 2219 2811 1045 8312 4047
internal_count=48010 18965 29045 18514 6110 10531 12855 13800 5484 11145 10555 590 2388 2219 2811 1045 8312 4047
cat_boundaries=0 1 2 3 4 5 6 7 8 9 10
cat_threshold=652 52086212 2082 2637992 25878534 12589586 32848 128 2129 33088
is_linear=0
shrinkage=0.023


Tree=110
num_leaves=19
num_cat=6
split_feature=7 0 0 7 3 3 3 3 0 5 5 3 3 3 3 5 0 3
split_gain=6.63796 5.03247 3.05988 2.39655 1.37654 1.10416 0.984922 0.934614 0.910396 0.832845 0.764147 0.715861 0.891927 0.675007 0.723218 0.672188 0.646285 0.951564
threshold=0 1 2 3 11.735000000000001 9.6650000000000009 14.095000000000001 66.285000000000011 4 1.5000000000000002 1.5000000000000002 27.295000000000005 11.815000000000003 15.795000000000002 16.545000000000005 2.5000000000000004 5 25.265000000000004
decision_type=1 9 9 1 2 2 2 2 9 2 2 2 2 2 2 2 9 2
left_child=1 4 3 5 -1 -2 -3 8 13 -10 -6 12 -7 -8 -15 -13 17 -4
right_child=2 6 16 -5 10 11 7 -9 9 -11 -12 15 -14 14 -16 -17 -18 -19
leaf_value=-0.034901151171559709 -0.05183847607500966 -0.06626751298090626 0.13360070576307095 -0.05238533158417541 0.0050516248020460019 0.022618693230700884 -0.030716072142569734 -0.040451665852202584 0.12029775460520047 -0.017090162462440953 -0.035361065164915724 0.0074636300831088694 -0.026755814332431443 0.15642103118572531 0.041327815757086266 -0.037516220779395128 -0.00096940076998095891 0.025378956754095145
leaf_weight=2270 2141 184 102 7144 9346 756 394 262 2770 271 1310 2211 9544 178 1902 320 6593 214
leaf_count=2270 2141 184 102 7144 9346 756 394 262 2770 271 1310 2211 9544 178 1902 320 6593 214
internal_value=-0.000177174 0.000158432 -0.000395476 -0.000527479 -9.66134e-05 -0.000361497 0.000710698 0.000764661 0.000828426 0.00109534 1.28645e-05 -0.000281046 -0.000366205 0.000493846 0.000661181 6.55145e-05 2.72248e-05 0.00102655
internal_weight=47912 18887 29025 22116 12926 14972 5961 5777 5515 3041 10656 12831 10300 2474 2080 2531 6909 316
internal_count=47912 18887 29025 22116 12926 14972 5961 5777 5515 3041 10656 12831 10300 2474 2080 2531 6909 316
cat_boundaries=0 1 2 3 4 5 6
cat_threshold=652 60441803 102178337 1297 4294932 16390
is_linear=0
shrinkage=0.023


Tree=111
num_leaves=19
num_cat=7
split_feature=0 2 2 1 0 3 5 5 3 1 5 3 0 2 0 2 3 0
split_gain=6.54196 2.23027 1.64993 0.944822 0.927265 0.826969 1.18068 0.802297 1.25377 1.60799 0.756132 1.21019 0.924835 0.866133 0.772775 0.739205 0.687718 0.681079
threshold=0 90.768138215006061 69.231234826339175 1 2 15.745000000000003 1.5000000000000002 2.5000000000000004 36.32500000000001 3 1.5000000000000002 35.675000000000004 4 342.28892368611508 5 792.31629820029207 84.070000000000007 6
decision_type=9 2 2 9 9 2 2 2 2 9 2 2 9 2 9 2 2 9
left_child=2 -2 5 10 -5 -1 -7 8 -4 16 11 17 13 -13 -12 -15 -10 -3
right_child=1 3 7 4 -6 6 -8 -9 9 -11 14 12 -14 15 -16 -17 -18 -19
leaf_value=-0.045048767323373415 -0.076390474482979989 -0.012886787742382189 -0.021130617323529385 0.10896215390530122 -0.020755181154780374 0.03873833723001311 -0.072429106589970538 -0.06093702385751941 0.032429133683581475 -0.047439174518976078 -0.043029119077005892 0.26083791934421163 0.026786278146444065 0.00058551763396916723 0.035495669679217516 0.14012215217365859 0.098761300568146429 0.021884969057241365
leaf_weight=5119 557 1285 20080 165 3097 553 495 541 1010 434 1129 73 911 201 500 454 116 11523
leaf_count=5119 557 1285 20080 165 3097 553 495 541 1010 434 1129 73 911 201 500 454 116 11523
internal_value=-0.000170138 0.000149577 -0.00039443 0.000190987 -0.00016574 -0.000727343 -0.000138673 -0.000302042 -0.000280163 0.0003479 0.000263312 0.000316443 0.000904864 0.00151044 -0.000206251 0.00126545 0.00080282 0.00024113
internal_weight=48243 19895 28348 19338 3262 6167 1048 22181 21640 1560 16076 14447 1639 728 1629 655 1126 12808
internal_count=48243 19895 28348 19338 3262 6167 1048 22181 21640 1560 16076 14447 1639 728 1629 655 1126 12808
cat_boundaries=0 1 2 3 4 5 6 7
cat_threshold=101843977 2703428 16416 2621632 307492 4491952 29220
is_linear=0
shrinkage=0.023


Tree=112
num_leaves=19
num_cat=5
split_feature=7 2 2 7 4 7 4 2 4 7 2 4 4 7 2 4 2 4
split_gain=6.59681 2.99813 2.5644 1.34524 1.16498 1.56934 0.965715 0.777141 0.760084 0.717779 0.862492 0.941998 0.811945 0.677148 1.12501 0.699058 0.670421 0.573778
threshold=0 25.312129971147446 603.15557967331563 1 139.90500000000003 2 139.99500000000003 2553.3564811473275 13.670000000000002 3 1363.9742804512298 240.09500000000003 380.23000000000008 4 178.7298789178214 69.995000000000019 109.87277948764624 148.90500000000003
decision_type=1 2 2 1 2 1 2 2 2 1 2 2 2 1 2 2 2 2
left_child=1 -1 3 8 13 17 -7 -8 16 10 -4 -12 -13 14 -3 -15 -2 -6
right_child=2 4 9 -5 5 6 7 -9 -10 -11 11 12 -14 15 -16 -17 -18 -19
leaf_value=-0.037252571630324041 -0.10303230343231534 -0.022246294173572302 -0.0094587214253635549 -0.056878638836887173 0.12271134647604137 0.07285118650299631 0.00366618600599883 0.11023261944368179 -0.037535280956801809 -0.020390487400102859 0.029465351369882844 0.15221137098987306 0.084562286038519244 -0.019568546619877142 0.02070451670611707 0.0044956517592607747 0.067858416113906486 0.062578975564824377
leaf_weight=2329 61 1771 1936 4775 149 77 5615 77 6649 3650 798 86 85 5355 8536 3951 72 2056
leaf_count=2329 61 1771 1936 4775 149 77 5615 77 6649 3650 798 86 85 5355 8536 3951 72 2056
internal_value=-0.000164027 4.57758e-05 -0.000510303 -0.000716693 0.000112694 0.000347097 0.000146417 0.000112006 -0.000505834 -0.000147187 0.000122684 0.000683199 0.00223122 1.73914e-05 0.000145729 -0.000124773 0.00121371 0.000867477
internal_weight=48028 29916 18112 11557 27587 7974 5769 5692 6782 6555 2905 969 171 19613 10307 9306 133 2205
internal_count=48028 29916 18112 11557 27587 7974 5769 5692 6782 6555 2905 969 171 19613 10307 9306 133 2205
cat_boundaries=0 1 2 3 4 5
cat_threshold=924 1089 12 2049 648
is_linear=0
shrinkage=0.023


Tree=113
num_leaves=19
num_cat=12
split_feature=7 2 2 7 1 1 1 5 7 2 7 1 7 1 2 7 2 1
split_gain=4.7369 2.38795 1.94646 1.64 1.32288 1.12746 0.985192 1.09733 1.0419 1.03201 0.835019 1.16928 0.817117 0.672548 0.569904 1.04033 0.688404 0.543088
threshold=0 563.49756974832383 584.39557716220122 1 2 3 4 1.5000000000000002 5 87.705537434866685 6 7 8 9 2002.5078124158092 10 2115.2533550652433 11
decision_type=1 2 2 1 9 9 9 2 1 2 1 9 1 9 2 1 2 9
left_child=1 6 3 -2 12 -3 8 9 -1 -8 14 -12 -4 -5 -7 16 -16 -11
right_child=2 5 4 13 -6 10 7 -9 -10 17 11 -13 -14 -15 15 -17 -18 -19
leaf_value=0.005346671702597559 -0.021413037694792362 -0.026909884833173588 -0.023690099454943363 -0.052499102957190798 -0.013434948938269381 0.042254108279838262 -0.017588107294051945 -0.051649730964435904 -0.048753260329349402 0.048402426808141281 -0.0068407658992931594 0.11229242541946939 0.032324144884256903 -0.018244210811331246 0.18669802067479857 -0.0031589093595136572 0.122051724534652 0.0061615618306658272
leaf_weight=486 9434 875 392 5176 7140 4561 3294 1399 734 806 2297 405 1205 788 120 271 453 8170
leaf_count=486 9434 875 392 5176 7140 4561 3294 1399 734 806 2297 405 1205 788 120 271 453 8170
internal_value=-0.000153092 7.6673e-05 -0.000380218 -0.000535961 -0.000106165 0.000372877 -0.000101968 -4.57498e-05 -0.000725398 2.38062e-05 0.00045724 0.000125676 0.000490419 -0.000834498 0.000622441 0.00117259 0.00171272 0.000151588
internal_weight=48006 23871 24135 15398 8737 8982 14889 13669 1220 12270 8107 2702 1597 5964 5405 844 573 8976
internal_count=48006 23871 24135 15398 8737 8982 14889 13669 1220 12270 8107 2702 1597 5964 5405 844 573 8976
cat_boundaries=0 1 2 3 4 5 6 7 8 9 10 11 12
cat_threshold=668 1281 622784 267066 344088 12 648 2146304 1026 2899968 640 557056
is_linear=0
shrinkage=0.023


Tree=114
num_leaves=19
num_cat=10
split_feature=0 3 2 1 3 1 2 1 3 3 0 1 5 0 0 0 2 0
split_gain=5.20231 1.46376 1.40621 1.37672 1.71814 0.944236 0.767571 1.19627 1.57188 0.694448 1.13195 0.637716 0.865923 0.86118 0.672422 0.634713 1.16948 0.600245
threshold=0 11.155000000000003 69.231234826339175 1 23.115000000000006 2 584.39557716220122 3 14.135000000000003 33.57500000000001 4 5 1.5000000000000002 6 7 8 661.26556187211509 9
decision_type=9 2 2 9 2 9 2 9 2 2 9 9 2 9 9 9 2 9
left_child=2 -2 -1 4 -3 6 -4 15 -9 -10 -11 13 14 -5 -13 -8 -17 -14
right_child=1 3 5 11 -6 -7 7 8 9 10 -12 12 17 -15 -16 16 -18 -19
leaf_value=-0.039230899732894453 -0.065549740885017235 0.23849536133263269 -0.018799201922253903 0.20106576626412143 -0.0022842780467793333 -0.049167209566293051 -0.037193804073093022 0.14338637846312005 0.0018424182591452146 0.16128505867508647 -0.015897859390914249 0.0046582882557317587 -0.053839447175270623 -0.033230695995675269 0.028814237075795893 0.10190996262980447 -0.0092282632093457426 0.0086855369062491944
leaf_weight=6163 374 81 17909 108 79 1147 1348 87 1613 198 173 5463 916 1437 9159 161 830 740
leaf_count=6163 374 81 17909 108 79 1147 1348 87 1613 198 173 5463 916 1437 9159 161 830 740
internal_value=-0.000150376 0.000153862 -0.000338808 0.000183571 0.00224298 -0.000257715 -0.00022425 4.74586e-05 0.00044879 0.00031807 0.00121499 0.000163706 0.000206134 -0.000281728 0.000262714 -0.000308498 0.000133468 -0.000292183
internal_weight=47986 18357 29629 17983 160 23466 22319 4410 2071 1984 371 17823 16278 1545 14622 2339 991 1656
internal_count=47986 18357 29629 17983 160 23466 22319 4410 2071 1984 371 17823 16278 1545 14622 2339 991 1656
cat_boundaries=0 1 2 3 4 5 6 7 8 9 10
cat_threshold=100813900 65636 2670804 2097152 33555456 793098 1573408 5346176 100682752 17072544
is_linear=0
shrinkage=0.023


Tree=115
num_leaves=19
num_cat=13
split_feature=7 0 0 7 1 4 1 1 7 0 0 1 4 0 4 4 4 0
split_gain=5.08371 3.6722 2.60459 1.48232 1.4119 1.1593 1.09133 1.04027 0.932215 1.21176 0.862679 0.848138 0.825912 0.766442 0.758985 0.642102 0.629369 0.578908
threshold=0 1 2 3 4 79.895000000000024 5 6 7 8 9 10 109.99500000000002 11 609.75000000000011 380.23000000000008 183.70000000000002 12
decision_type=1 9 9 1 9 2 9 9 1 9 9 9 2 9 2 2 2 9
left_child=1 4 3 7 8 -3 -5 -2 13 -10 -6 -7 -8 -1 -4 -11 -13 -9
right_child=2 5 14 6 10 11 12 17 9 15 -12 16 -14 -15 -16 -17 -18 -19
leaf_value=0.055727468509428217 0.038042539499280437 -0.017749302312791374 -4.5614626028217581e-05 -0.055824194313289062 -0.014936091843621057 0.0060306020267079071 -0.032675916643387211 -0.013699807704306252 0.032793587307264449 0.13300389508102492 0.089226040129340337 -0.05878168334723044 0.025708026811041455 -0.022257779255500938 0.16206044831934635 -0.034315109409110776 0.0074044923822163076 -0.036611281596148217
leaf_weight=377 408 8761 4683 4777 1770 8841 717 3271 1363 1980 386 548 444 663 155 102 379 8642
leaf_count=377 408 8761 4683 4777 1770 8841 717 3271 1363 1980 386 548 444 663 155 102 379 8642
internal_value=-0.000173465 5.27047e-05 -0.000419773 -0.000545514 0.000516316 -0.000113652 -0.000844565 -0.000400809 0.000748807 0.000931591 3.14286e-05 5.85824e-05 -0.000205998 0.000140162 5.49362e-05 0.00128202 -0.000599528 -0.000440141
internal_weight=48267 25170 23097 18259 6641 18529 5938 12321 4485 3445 2156 9768 1161 1040 4838 2082 927 11913
internal_count=48267 25170 23097 18259 6641 18529 5938 12321 4485 3445 2156 9768 1161 1040 4838 2082 927 11913
cat_boundaries=0 1 2 3 4 5 6 7 8 9 10 11 12 13
cat_threshold=908 471612 102113120 1105 2097220 2883594 524288 256 196660 463360 2147008 196624 1443936
is_linear=0
shrinkage=0.023


Tree=116
num_leaves=19
num_cat=3
split_feature=0 2 6 3 3 5 0 2 2 3 6 3 3 2 2 2 2 0
split_gain=3.94243 1.67143 0.959301 1.32208 0.925486 0.790517 0.711237 0.742446 0.621107 0.616094 0.543071 0.640241 0.532615 0.522938 0.425244 0.997267 0.507766 0.425539
threshold=0 23.946720782345967 1.5000000000000002 36.605000000000011 12.345000000000001 1.5000000000000002 1 470.91480201231047 364.65315134634449 7.8750000000000009 1.5000000000000002 20.805000000000003 40.385000000000012 211.26002073704612 434.43605304264145 460.05103978227311 1187.7516038783717 2
decision_type=9 2 2 2 2 2 9 2 2 2 2 2 2 2 2 2 2 9
left_child=1 -1 3 9 8 6 7 -5 -2 13 11 14 -8 -3 -6 -16 -17 -18
right_child=4 2 -4 5 10 -7 12 -9 -10 -11 -12 -13 -14 -15 15 16 17 -19
leaf_value=-0.038892275385714964 -0.068580870965271865 -0.055113050828314032 -0.075662144172884915 0.10782767518215632 -0.01331164141481363 -0.01822891427898797 0.095397361270433328 0.052927197989564585 0.045399534779681255 -0.012412686182136826 -0.053014631705829755 0.043649696239496966 0.0062401319732905535 0.024831266388352941 0.16540137594146903 0.028895470613201309 -0.10209799993989135 0.0057542114018912967
leaf_weight=3288 297 1069 450 98 2227 1024 322 175 87 28694 117 5633 1127 138 113 2127 262 873
leaf_count=3288 297 1069 450 98 2227 1024 322 175 87 28694 117 5633 1127 138 113 2127 262 873
internal_value=-0.00012804 -0.000246239 -0.00019717 -0.000182627 0.000238416 0.000300333 0.000601236 0.0016591 -0.000871583 -0.000226982 0.00027619 0.000292434 0.000387584 -0.00073598 0.000118322 0.000281093 0.000207424 -0.000185382
internal_weight=48121 36385 33097 32647 11736 2746 1722 273 384 29901 11352 11235 1449 1207 5602 3375 3262 1135
internal_count=48121 36385 33097 32647 11736 2746 1722 273 384 29901 11352 11235 1449 1207 5602 3375 3262 1135
cat_boundaries=0 1 2 3
cat_threshold=114427852 1024 303104
is_linear=0
shrinkage=0.023


Tree=117
num_leaves=19
num_cat=8
split_feature=7 1 3 1 7 7 1 5 3 3 3 1 3 3 3 7 3 3
split_gain=5.58994 1.30102 1.24306 1.16733 1.1171 0.836029 1.82438 1.13292 0.94914 0.739366 0.789359 0.723313 0.671135 1.22301 0.597772 0.548964 0.529589 0.469659
threshold=0 1 16.075000000000003 2 3 4 5 1.5000000000000002 36.605000000000011 21.355000000000004 21.155000000000005 6 8.6450000000000014 8.7250000000000032 7.8750000000000009 7 8.6450000000000014 98.040000000000006
decision_type=1 9 2 9 1 1 9 2 2 2 2 9 2 2 2 1 2 2
left_child=1 -1 14 -2 -5 6 7 8 9 10 -4 -7 -6 -14 -3 16 -16 -13
right_child=3 2 5 4 12 11 -8 -9 -10 -11 -12 17 13 -15 15 -17 -18 -19
leaf_value=0.14250235885050547 -0.0042880907415762445 -0.041171541979076735 0.039503710533324118 -0.048177407575223652 -0.062472470925753108 0.025452569627467794 -0.029806212189839431 -0.010582526549695291 0.10406827952529908 0.0086343161450794619 0.24763444231006163 -0.0085947336608801616 0.095311710652201287 -0.023561292219189983 0.041142165988037986 -0.013817843801958118 0.00047999326315266796 0.091312555748914434
leaf_weight=106 2864 1384 3325 4312 822 1339 1733 1358 693 1667 95 6256 105 10167 237 5742 5879 106
leaf_count=106 2864 1384 3325 4312 822 1339 1733 1358 693 1667 95 6256 105 10167 237 5742 5879 106
internal_value=-0.000156593 3.70401e-05 2.75628e-05 -0.000473456 -0.000552821 0.000160327 0.000312348 0.000474852 0.000615963 0.000507136 0.000700716 -1.51812e-05 -0.000429708 -0.000379473 -0.000138567 -8.57677e-05 6.59271e-05 -0.000117594
internal_weight=48190 29920 29814 18270 15406 16572 8871 7138 5780 5087 3420 7701 11094 10272 13242 11858 6116 6362
internal_count=48190 29920 29814 18270 15406 16572 8871 7138 5780 5087 3420 7701 11094 10272 13242 11858 6116 6362
cat_boundaries=0 1 2 3 4 5 6 7 8
cat_threshold=924 68 16516 34 648 2146344 528522 536
is_linear=0
shrinkage=0.023


Tree=118
num_leaves=19
num_cat=6
split_feature=7 3 2 2 7 1 3 6 3 7 2 2 7 3 1 2 3 3
split_gain=6.33944 2.66857 1.93125 1.83139 1.40063 1.23411 1.08762 0.917313 1.16258 1.14303 0.85159 0.843078 0.627147 0.741071 0.668496 0.723627 0.745828 0.769552
threshold=0 11.735000000000001 596.43709440271607 25.312129971147446 1 2 14.015000000000002 1.5000000000000002 18.825000000000003 3 2115.2533550652433 2553.3564811473275 4 17.745000000000001 5 1902.4841271627406 24.645000000000003 41.425000000000004
decision_type=1 2 2 2 1 9 2 2 2 1 2 2 1 2 9 2 2 2
left_child=1 -1 4 -3 -2 7 -4 8 9 -5 -7 12 13 -8 -15 -16 -17 -18
right_child=2 3 6 5 -6 10 11 -9 -10 -11 -12 -13 -14 14 15 16 17 -19
leaf_value=-0.030162952475880286 -0.025978985274266106 -0.083745064676518183 0.038565733672624898 0.068043483554511161 -0.050730645946462934 -0.011583390538910101 0.03171983648943013 -0.075045963554142475 0.04816463644141445 0.0039376977297827217 0.10340744078447575 0.064962405288786024 -0.019590768102266141 0.061718805923534972 -0.022561764997130918 0.17741571624876681 -0.086567141980877019 0.13835178684856231
leaf_weight=2990 10748 616 180 2071 4740 4567 301 192 5628 7522 216 171 6437 277 930 78 146 83
leaf_count=2990 10748 616 180 2071 4740 4567 301 192 5628 7522 216 171 6437 277 930 78 146 83
internal_value=-0.000147609 0.000118631 -0.000410533 0.00021099 -0.00056418 0.000248675 -0.000134392 0.000348701 0.000368863 0.000214891 -7.42313e-05 -0.000172215 -0.000205355 0.000172007 -3.43273e-05 -0.000264259 0.000701485 3.91333e-05
internal_weight=47893 23802 24091 20812 15488 20196 8603 15413 15221 9593 4783 8423 8252 1815 1514 1237 307 229
internal_count=47893 23802 24091 20812 15488 20196 8603 15413 15221 9593 4783 8423 8252 1815 1514 1237 307 229
cat_boundaries=0 1 2 3 4 5 6
cat_threshold=668 1345 2654292 8 1 557192
is_linear=0
shrinkage=0.023


Tree=119
num_leaves=19
num_cat=8
split_feature=2 7 2 7 7 1 4 2 2 7 2 1 4 1 4 4 4 1
split_gain=3.88549 3.94277 1.91345 1.17037 0.988339 1.5054 1.11564 0.967093 0.920064 0.832034 0.769919 0.736198 0.714442 0.646016 0.6354 1.91527 0.881883 0.630355
threshold=76.629709701717559 0 636.13646193882744 1 2 3 159.05000000000004 734.76183581987925 2553.3564811473275 4 922.01816366722835 5 12.915000000000001 6 129.92000000000004 170.05000000000004 149.99500000000003 7
decision_type=2 1 2 1 1 9 2 2 2 1 2 9 2 9 2 2 2 9
left_child=3 2 -2 14 5 12 11 -7 9 13 -9 -6 -3 -8 -1 16 -16 -4
right_child=1 4 17 -5 6 7 8 10 -10 -11 -12 -13 -14 -15 15 -17 -18 -19
leaf_value=-0.021837298674954583 -0.037524500085043787 0.14071141874649576 -0.033456581607055946 -0.056216165817116449 -0.070258472688140436 -0.030339251593041048 0.31974406242662823 0.089996184669468529 0.18982345138624185 0.003731697688880169 -0.0039207184834785108 -0.0026765256796302418 0.042602623213904088 0.057075268420946478 0.04596197352468627 -0.019938953138083266 0.11827521125036045 0.004549474167840936
leaf_weight=1797 6352 116 680 4625 436 1638 129 403 81 3303 756 15165 6479 1575 141 366 83 3804
leaf_count=1797 6352 116 680 4625 436 1638 129 403 81 3303 756 15165 6479 1575 141 366 83 3804
internal_value=-0.000106824 -2.10954e-05 -0.000397052 -0.00060706 0.00011443 0.000309987 2.5546e-05 -0.000137071 0.0003213 0.000281896 0.000370828 -7.08958e-05 0.000499507 0.000692864 -0.000190257 0.000463726 0.00213772 -3.36463e-05
internal_weight=47929 40917 10836 7012 30081 9392 20689 2797 5088 5007 1159 15601 6595 1704 2387 590 224 4484
internal_count=47929 40917 10836 7012 30081 9392 20689 2797 5088 5007 1159 15601 6595 1704 2387 590 224 4484
cat_boundaries=0 1 2 3 4 5 6 7 8
cat_threshold=3170 1560 136 2129920 20 266784 524290 786970
is_linear=0
shrinkage=0.023


Tree=120
num_leaves=19
num_cat=4
split_feature=7 2 2 7 6 7 4 4 4 4 2 4 4 4 7 4 4 4
split_gain=6.39228 1.8763 1.75528 1.46648 1.3782 1.13703 0.719255 1.73118 0.701456 0.678162 0.590745 0.601939 0.563247 1.22965 0.546003 0.522217 1.5398 0.498112
threshold=0 90.768138215006061 443.01261283457728 1 1.5000000000000002 2 159.05000000000004 164.99500000000003 139.99500000000003 326.41000000000008 831.82139423978458 12.915000000000001 199.92000000000004 129.92000000000004 3 119.82000000000002 119.92000000000002 129.02500000000003
decision_type=1 2 2 1 2 1 2 2 2 2 2 2 2 2 1 2 2 2
left_child=1 12 3 -2 5 10 8 -8 -7 -4 11 -3 13 -1 -9 -13 -17 -12
right_child=2 4 9 -5 -6 6 7 14 -10 -11 17 15 -14 -15 -16 16 -18 -19
leaf_value=-0.021335040805430628 -0.026427343775373372 0.18067101545773609 -0.011969693270784548 -0.048337449025051833 -0.096325241680961904 0.0026546245040703176 0.20695002044973052 0.052548570764032659 -0.076736616283521533 0.017887849281753694 0.090846754963724408 0.010552343496166596 -0.077177793499087086 0.042395581526171115 -0.005564570606581375 0.19491572745269897 0.037304660179753452 0.035933408251748081
leaf_weight=2933 8479 92 11033 3662 224 7579 113 1527 505 1012 1626 4234 460 497 846 63 2244 987
leaf_count=2933 8479 92 11033 3662 224 7579 113 1527 505 1012 1626 4234 460 497 846 63 2244 987
internal_value=-0.000118278 0.000148241 -0.000381878 -0.000577196 0.000238032 0.000258318 9.49986e-05 0.000437202 -1.01278e-05 -0.000185314 0.000444435 0.000329507 -0.000313941 -0.000212551 0.000304604 0.000303481 0.000581874 0.000737822
internal_weight=48116 23930 24186 12141 20040 19816 10570 2486 8084 12045 9246 6633 3890 3430 2373 6541 2307 2613
internal_count=48116 23930 24186 12141 20040 19816 10570 2486 8084 12045 9246 6633 3890 3430 2373 6541 2307 2613
cat_boundaries=0 1 2 3 4
cat_threshold=668 1345 136 20
is_linear=0
shrinkage=0.023


Tree=121
num_leaves=19
num_cat=10
split_feature=0 7 7 0 3 0 7 4 3 7 7 3 0 3 4 4 0 3
split_gain=4.32683 3.80298 2.63772 1.28853 1.19996 1.56027 1.78555 1.12239 1.00539 0.929418 0.839509 1.29228 1.14392 0.899464 0.830036 1.44951 0.798835 0.747476
threshold=0 1 2 3 14.785000000000002 4 5 110.13500000000001 7.8750000000000009 6 7 53.320000000000007 8 15.625000000000002 299.27500000000003 217.90500000000003 9 9.2750000000000004
decision_type=9 1 1 9 2 9 1 2 2 1 1 2 9 2 2 2 9 2
left_child=2 4 7 9 -2 10 14 17 -4 -3 12 16 -6 -14 15 -7 -12 -1
right_child=1 3 8 -5 5 6 -8 -9 -10 -11 11 -13 13 -15 -16 -17 -18 -19
leaf_value=-0.034347516385337486 -0.020844334866905723 -0.066548791169951355 -0.063818213415752126 0.0144184612797288 0.050496721255614579 0.10619995684230868 0.039564542803041461 0.0076083851718989053 -0.028563557425421271 -0.021084156889259558 0.039210301963073346 0.15474357076578718 0.037670742332502422 -0.044798222113154706 -0.0015490834947103945 0.32060174674083675 -0.012137302926743861 -0.0085636793310260844
leaf_weight=1808 1272 1353 981 1832 652 1990 1851 5192 13627 4300 2186 210 161 1555 257 162 1313 7399
leaf_count=1808 1272 1353 981 1832 652 1990 1851 5192 13627 4300 2186 210 161 1555 257 162 1313 7399
internal_value=-0.000143012 0.000125859 -0.00031993 -0.00027817 0.000386375 0.000468735 0.000805767 -9.88202e-05 -0.000537654 -0.000449869 0.000230748 0.00044643 -0.000107542 -0.000418903 0.00121873 0.00137131 0.000342383 -0.000251377
internal_weight=48101 19094 29007 7485 11609 10337 4260 14399 14608 5653 6077 3709 2368 1716 2409 2152 3499 9207
internal_count=48101 19094 29007 7485 11609 10337 4260 14399 14608 5653 6077 3709 2368 1716 2409 2152 3499 9207
cat_boundaries=0 1 2 3 4 5 6 7 8 9 10
cat_threshold=101797569 669 968 12980256 12751124 137 96 129 36880 12713984
is_linear=0
shrinkage=0.023


Tree=122
num_leaves=19
num_cat=6
split_feature=0 2 0 1 5 2 0 1 2 2 4 4 4 4 2 1 2 2
split_gain=4.20078 1.56897 1.05908 0.81625 0.840669 0.763227 0.683163 0.76181 0.634983 0.634383 0.560087 0.543889 0.495026 0.980336 0.603633 0.475654 0.489417 0.470133
threshold=0 480.77013588847774 1 2 1.5000000000000002 23.946720782345967 3 4 819.59457754571997 25.312129971147446 14.925000000000002 79.02500000000002 169.01500000000001 119.82000000000002 373.27882310399917 5 813.78755710461849 522.05960707064207
decision_type=9 2 9 9 2 2 9 9 2 2 2 2 2 2 2 9 2 2
left_child=3 2 5 12 8 -2 -3 -8 9 -5 -11 -12 13 -1 -15 16 -6 -9
right_child=1 6 -4 4 15 -7 7 17 -10 10 11 -13 -14 14 -16 -17 -18 -19
leaf_value=-0.0081299216374579666 -0.064644088022638199 0.028645430790207083 -0.027118971345488432 -0.038278458769155595 -0.037814241698658997 0.0098080202761195064 0.1924149652490505 0.072906257282032205 -0.036027087988551351 0.022404017142109843 -0.021328822663442118 -0.0066969736493451178 -0.030384218126773218 -0.01115670179161286 0.11352508741909108 -0.055441417531092781 0.06371295283996882 0.0058781019044557596
leaf_weight=1695 194 4797 2217 2997 70 3896 116 386 2078 501 8554 8367 863 176 337 2427 68 8504
leaf_count=1695 194 4797 2217 2997 70 3896 116 386 2078 501 8554 8367 863 176 337 2427 68 8504
internal_value=-0.000123416 0.000130432 -0.000170041 -0.000304809 -0.000348207 4.99248e-05 0.000267821 0.00014913 -0.000303361 -0.000264374 -0.000211198 -0.000233639 4.93414e-05 0.000232061 0.00111276 -0.00074284 0.000555526 0.000123784
internal_weight=48243 20110 6307 28133 25062 4090 13803 9006 22497 20419 17422 16921 3071 2208 513 2565 138 8890
internal_count=48243 20110 6307 28133 25062 4090 13803 9006 22497 20419 17422 16921 3071 2208 513 2565 138 8890
cat_boundaries=0 1 2 3 4 5 6
cat_threshold=100665153 4491392 49220 26353682 72 786442
is_linear=0
shrinkage=0.023


Tree=123
num_leaves=19
num_cat=6
split_feature=0 1 0 3 4 5 3 1 3 4 3 3 1 3 4 4 4 0
split_gain=2.98535 1.45899 1.10655 0.984867 1.24381 1.0728 0.65415 0.624719 0.588758 0.551635 0.674872 0.495476 0.614131 0.819901 0.823924 1.40425 0.889558 0.47042
threshold=0 1 2 7.8750000000000009 69.920000000000016 1.5000000000000002 21.485000000000003 3 22.645000000000003 19.050000000000004 15.105000000000002 26.215000000000003 4 26.875000000000004 126.79500000000002 519.30000000000007 139.99500000000003 5
decision_type=9 9 9 2 2 2 2 9 2 2 2 2 9 2 2 2 2 9
left_child=3 2 -2 4 -1 7 -7 17 -4 10 -9 -11 13 -13 -15 16 -16 -5
right_child=1 -3 8 5 -6 6 -8 9 -10 11 -12 12 -14 14 15 -17 -18 -19
leaf_value=-0.053385723434091911 0.24576966811673501 0.014128155080785743 -0.056971261127232373 -0.075450264978208892 0.044397506707136686 -0.11422150508194222 -0.033854999454554488 0.024955246649858914 -0.0054321984473239548 -0.016044084241060474 -0.069708226112906752 0.18898698811134984 -0.028949505372348749 -0.031952779218778239 0.1591712959741424 -0.095577115348934205 0.035849975177765905 0.0074687720829284968
leaf_weight=1775 104 17069 1144 109 249 479 2425 852 678 17014 159 78 560 484 92 183 666 3878
leaf_count=1775 104 17069 1144 109 249 479 2425 852 678 17014 159 78 560 484 92 183 666 3878
internal_value=-9.28749e-05 0.000131246 -0.000467312 -0.000239622 -0.000729011 -0.00020299 -0.000620572 -0.000152615 -0.000602296 -0.000204752 0.000318655 -0.000232601 0.000104008 0.000345482 0.000221896 0.000618485 0.00105502 0.000110305
internal_weight=47998 18995 1926 29003 2024 26979 2904 24075 1822 20088 1011 19077 2063 1503 1425 941 758 3987
internal_count=47998 18995 1926 29003 2024 26979 2904 24075 1822 20088 1011 19077 2063 1503 1425 941 758 3987
cat_boundaries=0 1 2 3 4 5 6
cat_threshold=101910021 299802 8224 557252 2097152 67174912
is_linear=0
shrinkage=0.023


Tree=124
num_leaves=19
num_cat=4
split_feature=7 2 7 2 3 6 3 3 6 7 2 2 4 4 3 7 3 2
split_gain=4.60495 3.35033 1.75165 1.52451 0.82451 0.783028 0.700155 0.69776 0.705413 0.696656 0.54003 0.505188 0.859619 0.499563 0.45474 0.500695 0.751352 0.624592
threshold=0 69.231234826339175 1 536.81152062115348 15.045000000000002 1.5000000000000002 14.515000000000002 28.205000000000005 1.5000000000000002 2 28.785819805096057 426.31449396009759 35.925000000000004 26.995000000000001 11.735000000000001 3 12.695000000000002 158.09162631335269
decision_type=1 2 1 2 2 2 2 2 2 1 2 2 2 2 2 1 2 2
left_child=3 9 4 -1 6 11 14 -4 13 -2 -11 12 -6 -9 -3 16 17 -16
right_child=1 2 7 -5 5 -7 -8 8 -10 10 -12 -13 -14 -15 15 -17 -18 -19
leaf_value=-0.044932473138357007 -0.051567746363053162 -0.018878815386740782 -0.0081543852509004307 -0.015521502163830398 0.12698857976057631 -0.082226769565962934 -0.08184445609425639 -0.049179881405470714 -0.065543267601260433 -0.031182343186897093 0.004397835305875993 0.041171035867518517 0.0011067983717098929 0.017634640208488834 -0.035423045594832094 -0.00047254558705080179 0.01869388504983412 0.13618030452332935
leaf_weight=5547 2544 694 15694 3993 258 147 461 81 224 1671 1149 7280 2540 3648 66 1314 445 231
leaf_count=5547 2544 694 15694 3993 258 147 461 81 224 1671 1149 7280 2540 3648 66 1314 445 231
internal_value=-0.000122617 -1.03041e-05 7.61477e-05 -0.000574625 0.000278404 0.000379577 -4.29021e-05 -6.22813e-05 0.000210788 -0.000543504 -0.000290931 0.000403895 0.000141212 0.000286111 9.61747e-05 0.000268007 0.000740555 0.00164595
internal_weight=47987 38447 33083 9540 13436 10225 3211 19647 3953 5364 2820 10078 2798 3729 2750 2056 742 297
internal_count=47987 38447 33083 9540 13436 10225 3211 19647 3953 5364 2820 10078 2798 3729 2750 2056 742 297
cat_boundaries=0 1 2 3 4
cat_threshold=2146 648 385 8
is_linear=0
shrinkage=0.023


Tree=125
num_leaves=19
num_cat=3
split_feature=2 6 1 1 2 4 4 4 4 4 4 4 4 2 1 4 4 4
split_gain=2.81523 2.05283 1.59811 1.49575 1.55044 1.61151 0.937067 0.800192 0.778049 0.758766 0.96866 1.52172 0.728578 0.620748 0.591473 0.454241 0.436332 0.418718
threshold=69.231234826339175 1.5000000000000002 0 1 610.61726476764773 499.01000000000005 572.40000000000009 912.00000000000011 18.925000000000001 78.045000000000016 179.05000000000004 139.89500000000004 19.050000000000004 667.20850802710333 2 143.10000000000002 98.100000000000009 31.910000000000004
decision_type=2 2 9 9 2 2 2 2 2 2 2 2 2 2 9 2 2 2
left_child=9 2 -2 -4 12 8 -7 -8 -6 14 11 -11 -5 16 17 -13 -10 -1
right_child=1 -3 3 4 5 6 7 -9 13 10 -12 15 -14 -15 -16 -17 -18 -19
leaf_value=0.025281934800081552 0.13717455094737988 -0.090613540209238314 -0.044913434134639309 0.020848595688359076 -0.033535178127559899 0.18819948945238951 0.010400985034370609 0.12573628526583261 0.0085600967083533982 -0.025159068586055669 -0.052456957975951977 0.14648126498529115 -0.0099222476415722783 0.0058319944682511515 -0.050474561968823481 0.041581450012117258 0.058573338640483689 -0.032040976025256115
leaf_weight=68 100 489 1970 1154 656 131 330 184 637 1458 1022 70 22903 12153 3569 395 539 74
leaf_count=68 100 489 1970 1154 656 131 330 184 637 1458 1022 70 22903 12153 3569 395 539 74
internal_value=-0.000141729 -7.08961e-05 -5.31186e-05 -6.05885e-05 -2.90219e-05 0.000157681 0.0012815 0.000838202 0.00010583 -0.000580647 -0.000304951 -8.36535e-07 -0.000142576 0.000143893 -0.000799405 0.00114451 0.000648417 0.00063763
internal_weight=47902 41246 40757 40657 38687 14630 645 514 13985 6656 2945 1923 24057 13329 3711 465 1176 142
internal_count=47902 41246 40757 40657 38687 14630 645 514 13985 6656 2945 1923 24057 13329 3711 465 1176 142
cat_boundaries=0 1 2 3
cat_threshold=65600 267050 16512
is_linear=0
shrinkage=0.023


Tree=126
num_leaves=19
num_cat=8
split_feature=0 2 4 1 4 2 4 1 0 1 6 0 2 2 0 1 2 4
split_gain=3.12123 2.27045 1.11178 0.933936 0.979734 0.810839 0.795276 1.21689 0.741856 0.719018 0.741738 0.537819 0.588363 0.462928 0.499928 0.641214 0.699672 0.592673
threshold=0 480.77013588847774 1798.5000000000002 1 11.995000000000003 43.592192813392941 129.99500000000003 2 3 4 1.5000000000000002 5 1087.5719089899699 493.00337402950191 6 7 1582.1470756108076 26.995000000000001
decision_type=9 2 2 9 2 2 2 9 9 9 2 9 2 2 9 9 2 2
left_child=2 3 5 -2 -5 -1 13 8 -8 -7 -11 -9 -13 -3 17 16 -16 -15
right_child=1 6 -4 4 -6 9 7 11 -10 10 -12 12 -14 14 15 -17 -18 -19
leaf_value=-0.031382500985955408 -0.062765617292564538 0.11774663941286093 0.15834989504794289 0.0028205598959293657 -0.012171929886012145 -0.038091839565458321 0.12777558624525445 -0.071338337963117088 0.043176160789516964 -0.010476338630647298 -0.090760580977903113 0.13634576359770673 -0.044917427213136407 -0.021985984912246986 -0.081047943752163759 0.0062710940379437719 0.089090547531710557 0.032554075901645628
leaf_weight=4658 671 160 61 84 5519 1050 416 274 3265 22553 325 73 170 393 358 5513 102 2268
leaf_count=4658 671 160 61 84 5519 1050 416 274 3265 22553 325 73 170 393 358 5513 102 2268
internal_value=-0.00012249 0.000103879 -0.00027467 -0.000255359 -0.00015681 -0.000281394 0.00027744 0.000537881 0.000683604 -0.000227344 -0.000199991 -0.000502996 0.000284299 0.000153103 0.000130368 1.31858e-05 -0.000802177 0.000391855
internal_weight=47913 19266 28647 6274 5603 28586 12992 4198 3681 23928 22878 517 243 8794 8634 5973 460 2661
internal_count=47913 19266 28647 6274 5603 28586 12992 4198 3681 23928 22878 517 243 8794 8634 5973 460 2661
cat_boundaries=0 1 2 3 4 5 6 7 8
cat_threshold=34604900 360448 2638472 25690112 266794 4362384 16930834 557608
is_linear=0
shrinkage=0.023


Tree=127
num_leaves=19
num_cat=15
split_feature=7 0 0 1 1 7 0 7 7 0 0 1 4 1 4 1 7 4
split_gain=4.17741 3.5285 3.48436 1.88042 1.18275 1.07863 1.16943 0.999365 0.929062 0.894706 0.868253 0.754099 0.671094 0.565246 0.574061 0.489584 1.17867 1.13883
threshold=0 1 2 3 4 5 6 7 8 9 10 11 98.100000000000009 12 19.920000000000005 13 14 128.94500000000002
decision_type=1 9 9 9 9 1 9 1 1 9 9 9 2 9 2 9 1 2
left_child=1 11 4 -3 7 10 8 -2 -7 -4 12 -1 -5 -10 -15 16 17 -13
right_child=2 3 9 5 -6 6 -8 -9 13 -11 -12 15 -14 14 -16 -17 -18 -19
leaf_value=-0.051427668185899354 -0.027791704480494946 -0.056317525099424684 0.15365802534475295 0.00047364562775004863 -0.0074005365164645856 -0.03696577595514524 0.085287391957741862 -0.047144005696687273 0.057035345062063723 0.0033703227405228638 -0.021124558322928932 0.11612765979192026 0.075952363251578142 0.0027556870183230086 -0.030455510622815315 -0.0086825403155822243 -0.047584645921695222 -0.017886718208201688
leaf_weight=692 6852 900 432 288 2322 750 4733 4808 1680 3764 1368 241 248 63 556 17665 394 185
leaf_count=692 6852 900 432 288 2322 750 4733 4808 1680 3764 1368 241 248 63 556 17665 394 185
internal_value=-0.000135141 3.27008e-05 -0.00040974 0.000369564 -0.000584163 0.000463169 0.000583308 -0.000678753 0.000229984 0.00017148 -2.83556e-05 -0.000153351 0.000747831 0.00045906 -0.000135612 -0.000125164 0.000421094 0.00124749
internal_weight=47941 29763 18178 10586 13982 9686 7782 11660 3049 4196 1904 19177 536 2299 619 18485 820 426
internal_count=47941 29763 18178 10586 13982 9686 7782 11660 3049 4196 1904 19177 536 2299 619 18485 820 426
cat_boundaries=0 1 2 3 4 5 6 7 8 9 10 11 12 13 14 15
cat_threshold=924 118017985 110560292 295442 2920458 256 9572380 1089 128 16809986 1245200 331832 2097192 32832 388
is_linear=0
shrinkage=0.023


Tree=128
num_leaves=19
num_cat=2
split_feature=7 2 7 2 4 2 3 4 3 3 4 3 4 4 3 2 3 3
split_gain=3.68917 2.39641 1.53135 1.05482 0.918097 0.876601 0.842715 1.44145 0.799657 1.05369 0.731417 0.834553 0.76425 0.646059 0.91447 0.822903 0.625416 0.56211
threshold=0 69.231234826339175 1 517.3686356230312 849.94000000000017 911.24501102037686 7.8750000000000009 12.915000000000001 11.735000000000001 10.075000000000001 44.910000000000004 20.805000000000003 469.40000000000003 49.910000000000004 8.7250000000000032 93.757345162677424 27.975000000000005 11.515000000000002
decision_type=1 2 1 2 2 2 2 2 2 2 2 2 2 2 2 2 2 2
left_child=3 6 5 4 -1 17 -2 -8 9 13 -7 -12 -13 -4 15 -15 -10 -3
right_child=1 2 8 -5 -6 10 7 -9 16 -11 11 12 -14 14 -16 -17 -18 -19
leaf_value=-0.042502697715161651 -0.052657348748797329 -0.024118535106747396 -0.049009507849898347 -0.016173050431885942 0.095759554505677746 -0.0086319755035767064 0.041581323235688764 -0.023560064245963765 -0.013946432874195587 0.07509300544258779 0.09360090163106094 0.041391308448761904 0.17097148325234801 0.080126080571659097 -0.022820379319010042 0.016721869230297295 0.0049891427702741598 0.012030968645774617
leaf_weight=5280 1201 775 368 4152 61 687 61 4125 12034 351 796 1799 202 83 171 309 3408 12180
leaf_count=5280 1201 775 368 4152 61 687 61 4125 12034 351 796 1799 202 83 171 309 3408 12180
internal_value=-0.000110525 -1.04376e-05 6.2648e-05 -0.000516404 -0.000730707 0.00022021 -0.000460365 -0.000306247 -9.23061e-05 0.000459563 0.000544203 0.000709351 0.000458686 5.45849e-05 0.000544353 0.00115639 -0.000138188 0.00013324
internal_weight=48043 38550 33163 9493 5341 16439 5387 4186 16724 1282 3484 2797 2001 931 563 392 15442 12955
internal_count=48043 38550 33163 9493 5341 16439 5387 4186 16724 1282 3484 2797 2001 931 563 392 15442 12955
cat_boundaries=0 1 2
cat_threshold=2146 652
is_linear=0
shrinkage=0.023


Tree=129
num_leaves=19
num_cat=7
split_feature=7 3 1 3 7 1 4 1 4 3 5 3 3 1 7 4 4 3
split_gain=3.57741 2.69921 1.41555 1.42714 1.06087 1.53582 0.961384 0.897653 0.791574 0.735567 0.730521 0.707447 0.913885 0.738078 1.76637 0.903382 1.01373 0.818648
threshold=0 11.515000000000002 1 16.075000000000003 2 3 119.92000000000002 4 849.94000000000017 35.675000000000004 2.5000000000000004 16.465000000000003 17.635000000000002 5 6 132.00500000000002 248.99500000000003 36.605000000000011
decision_type=1 2 9 2 1 9 2 9 2 2 2 2 2 9 1 2 2 2
left_child=1 -1 -3 6 7 9 -4 -2 -7 -6 -9 -5 -13 15 -15 -14 -17 -18
right_child=4 2 3 11 5 8 -8 10 -10 -11 -12 12 13 14 -16 16 17 -19
leaf_value=-0.028883409872792566 -0.059407219910366328 -0.017043267331229003 0.006830502114463244 0.092337125764804129 -0.0046594332634512688 -0.042447140204680454 -0.039013107877839188 -0.01028972730952589 0.13243537636732033 0.070162059885731376 -0.053288581277922513 -0.014039084106595979 0.0094676023308281291 0.0014722977390027295 0.17488077380141909 0.070108317987873051 -0.025197310473032603 0.052958032472011397
leaf_weight=2801 654 4346 5178 813 961 5710 1258 15980 84 137 424 1399 4018 322 265 1965 678 657
leaf_count=2801 654 4346 5178 813 961 5710 1258 15980 84 137 424 1399 4018 322 265 1965 678 657
internal_value=-0.000138288 6.20835e-05 0.000151971 0.000248883 -0.000336453 -0.000577414 -1.87247e-05 -0.000238809 -0.000726984 0.000211276 -0.000205083 0.000419366 0.000362494 0.000458388 0.00123892 0.000393512 0.000676016 0.000186899
internal_weight=47650 23700 20899 16553 23950 6892 6436 17058 5794 1098 16404 10117 9304 7905 587 7318 3300 1335
internal_count=47650 23700 20899 16553 23950 6892 6436 17058 5794 1098 16404 10117 9304 7905 587 7318 3300 1335
cat_boundaries=0 1 2 3 4 5 6 7
cat_threshold=668 21402 3329 16544 262450 2883588 536
is_linear=0
shrinkage=0.023


Tree=130
num_leaves=19
num_cat=4
split_feature=0 2 3 3 1 2 3 3 4 1 4 2 1 4 3 3 3 2
split_gain=2.41816 1.13607 1.09983 1.08506 0.997092 0.763217 0.885683 0.754019 0.710215 0.749114 0.679261 0.599325 0.602617 0.545368 0.492495 0.487107 0.643026 0.44919
threshold=0 489.92624419931332 7.3950000000000014 18.225000000000005 1 55.379492833299132 45.185000000000009 12.475000000000003 45.905000000000008 2 39.050000000000004 338.41784720901973 3 35.030000000000008 90.250000000000014 70.690000000000012 48.765000000000008 393.33804254633486
decision_type=9 2 2 2 9 2 2 2 2 9 2 2 9 2 2 2 2 2
left_child=2 3 -1 10 -4 6 -6 -3 -9 -10 13 12 15 -2 17 16 -5 -13
right_child=1 7 4 11 5 -7 -8 8 9 -11 -12 14 -14 -15 -16 -17 -18 -19
leaf_value=-0.077359814597196513 -0.0055705691629888473 0.045846792951728922 -0.049190748217546924 0.045749594959633127 -0.030586432967743788 -0.011694409165254164 0.055003266022452084 -0.012763881353489999 -0.075742824407365281 0.016573676334832484 -0.032204079176958243 -0.050985849622561544 -0.035086002054770069 0.045742915290676055 0.087915017393674952 -0.030315036911150908 0.42119184831868045 0.008090135445576626
leaf_weight=585 1331 127 810 858 4844 18023 90 3286 455 11305 3861 818 258 156 72 69 84 1018
leaf_count=585 1331 127 810 858 4844 18023 90 3286 455 11305 3861 818 258 156 72 69 84 1018
internal_value=-0.000137137 2.83089e-05 -0.000298028 -0.00018413 -0.000273893 -0.000245479 -0.000499041 0.000147688 0.000132777 0.000216306 -0.00038412 0.000152527 0.000539836 3.35599e-05 -0.000105103 0.000788499 0.000932967 -0.000178366
internal_weight=48050 23698 24352 8525 23767 22957 4934 15173 15046 11760 5348 3177 1269 1487 1908 1011 942 1836
internal_count=48050 23698 24352 8525 23767 22957 4934 15173 15046 11760 5348 3177 1269 1487 1908 1011 942 1836
cat_boundaries=0 1 2 3 4
cat_threshold=42997952 267048 4634 2097280
is_linear=0
shrinkage=0.023


Tree=131
num_leaves=19
num_cat=0
split_feature=2 5 3 4 4 4 3 4 3 2 2 2 3 2 2 6 2 4
split_gain=2.3044 1.11568 1.30409 1.0915 1.27929 0.710171 0.708632 0.675019 0.888032 0.669072 0.546285 0.550326 0.769242 0.682521 0.517724 0.516842 0.501425 0.478491
threshold=584.39557716220122 1.5000000000000002 19.255000000000006 39.995000000000012 29.915000000000003 519.30000000000007 22.965000000000003 29.995000000000001 12.865 23.946720782345967 2002.5078124158092 674.45785259047409 31.025000000000002 644.89890338812654 782.83503347350154 1.5000000000000002 734.76183581987925 189.92000000000004
decision_type=2 2 2 2 2 2 2 2 2 2 2 2 2 2 2 2 2 2
left_child=1 2 5 4 -4 9 -3 14 -9 -1 11 12 13 -10 16 17 -2 -8
right_child=7 6 3 -5 -6 -7 15 8 10 -11 -12 -13 -14 -15 -16 -17 -18 -19
leaf_value=-0.031502039624417416 -0.0026175978252629701 -0.10585759672216358 -0.0080542126437779145 0.0035730543436665427 0.1508622502093501 -0.13842477983016213 -0.042681674695575419 0.041195052345584966 0.015355653961825659 -0.011755540464059043 0.045177221065226793 0.00010391772933164141 -0.024348099997475506 0.062108488678628927 -0.030014487022128285 -0.097587584679140638 0.063309077530259758 0.0062455216283185799
leaf_weight=2885 470 626 80 4318 83 202 1475 165 1022 19986 2486 10550 359 561 1630 316 176 755
leaf_count=2885 470 626 80 4318 83 202 1475 165 1022 19986 2486 10550 359 561 1630 316 176 755
internal_value=-0.000113243 -0.000233052 -0.000186025 0.000173018 0.0020193 -0.000255755 -0.000641519 9.80917e-05 0.0001536 -0.000243754 0.000135099 7.31309e-05 0.000428922 0.000646904 -0.000271203 -0.00047098 0.000279751 -0.000347544
internal_weight=48145 30726 27554 4481 163 23073 3172 17419 15143 22871 14978 12492 1942 1583 2276 2546 646 2230
internal_count=48145 30726 27554 4481 163 23073 3172 17419 15143 22871 14978 12492 1942 1583 2276 2546 646 2230
is_linear=0
shrinkage=0.023


Tree=132
num_leaves=19
num_cat=7
split_feature=0 2 4 1 0 2 6 2 1 0 4 2 1 4 2 4 0 4
split_gain=2.28288 1.57739 0.701719 0.685394 0.815204 0.730584 0.68127 0.678592 0.674896 0.644901 0.597369 0.596637 0.574877 0.623993 0.568188 0.883288 0.657379 0.545974
threshold=0 447.11267916630544 49.910000000000004 1 2 661.26556187211509 1.5000000000000002 22.623568090482348 3 4 56.980000000000011 52.421730742537584 5 134.93000000000004 934.14266348463354 52.925000000000004 6 160.16500000000005
decision_type=9 2 2 9 9 2 2 2 9 9 2 2 9 2 2 2 9 2
left_child=6 12 -3 14 5 -5 7 -1 10 -10 11 -9 13 -2 -4 -16 -17 -11
right_child=1 2 3 4 -6 -7 -8 8 9 17 -12 -13 -14 -15 15 16 -18 -19
leaf_value=-0.032711594391812406 -0.023000895790343756 -0.0056112521207148675 0.017505539707980324 -0.1184119221622074 -0.030352271332949061 0.048506023809117962 -0.085696367557339115 -0.046009387010660201 -0.047494961828514287 -0.01945414614550206 -0.0039868413207160783 -0.011570268071800399 -0.054688039042045895 0.031537681476344226 0.18494276912509208 0.11001276743746301 0.036569925214191688 0.071905855644083458
leaf_weight=2989 2642 3380 4476 74 1028 871 390 946 1105 96 16952 7970 757 1147 99 793 2234 62
leaf_count=2989 2642 3380 4476 74 1028 871 390 946 1105 96 16952 7970 757 1147 99 793 2234 62
internal_value=-0.000109698 9.97041e-05 0.000229109 0.00032968 -5.29991e-05 0.000432205 -0.000229772 -0.000217475 -0.000181236 -0.000698551 -0.000155642 -0.000308103 -0.000268843 -0.000151407 0.000428504 0.000666998 0.000596954 0.000653549
internal_weight=48011 17501 12955 9575 1973 945 30510 30120 27131 1263 25868 8916 4546 3789 7602 3126 3027 158
internal_count=48011 17501 12955 9575 1973 945 30510 30120 27131 1263 25868 8916 4546 3789 7602 3126 3027 158
cat_boundaries=0 1 2 3 4 5 6 7
cat_threshold=101910117 2113604 17102848 2670788 100795392 2637954 21233674
is_linear=0
shrinkage=0.023


Tree=133
num_leaves=19
num_cat=3
split_feature=7 3 7 2 6 2 3 3 4 3 2 4 2 7 3 4 4 3
split_gain=3.57536 1.94019 1.01661 1.18586 0.937287 0.909838 0.706533 1.81117 1.1476 0.780462 0.839212 0.668998 0.540745 0.512806 0.875857 0.772495 1.77039 0.978907
threshold=0 11.155000000000003 1 37.77157551604224 1.5000000000000002 509.25607330056141 11.815000000000003 10.075000000000001 59.895000000000003 8.6450000000000014 93.757345162677424 730.93000000000018 2708.4056416768913 2 18.225000000000005 69.920000000000016 75.050000000000011 12.975000000000003
decision_type=1 2 1 2 2 2 2 2 2 2 2 2 2 1 2 2 2 2
left_child=1 -1 3 -2 12 11 7 8 -5 10 -10 -4 13 15 -15 17 -17 -3
right_child=2 4 5 6 -6 -7 -8 -9 9 -11 -12 -13 -14 14 -16 16 -18 -19
leaf_value=-0.024339019479102782 -0.052805910934239128 0.084747814411028813 -0.041729461786868115 -0.060455277485707011 -0.087318314755071777 -0.013839511094229692 -0.0085324743351107707 0.075283037220930091 0.098800539424651487 -0.03872698215660824 0.025881538926665847 0.024200203725772858 0.18075376403896107 -0.0012174157007990921 0.02620446373511226 0.21906810431529278 0.054279135499643236 -0.015907636794077452
leaf_weight=2813 1478 282 5310 515 262 4099 11755 405 93 187 261 79 84 9182 7243 95 2575 1480
leaf_count=2813 1478 282 5310 515 262 4099 11755 405 93 187 261 79 84 9182 7243 95 2575 1480
internal_value=-9.86931e-05 0.000100095 -0.000296034 -0.000175907 0.000175436 -0.000481685 -0.000106923 0.000370054 -0.000131525 0.000608127 0.00124279 -0.000678619 0.000192546 0.000185117 0.0001256 0.000404474 0.000652044 3.15858e-05
internal_weight=48198 24016 24182 14694 21203 9488 13216 1461 1056 541 354 5389 20941 20857 16425 4432 2670 1762
internal_count=48198 24016 24182 14694 21203 9488 13216 1461 1056 541 354 5389 20941 20857 16425 4432 2670 1762
cat_boundaries=0 1 2 3
cat_threshold=668 1281 8
is_linear=0
shrinkage=0.023


Tree=134
num_leaves=19
num_cat=7
split_feature=7 3 7 6 1 4 7 1 1 4 3 3 4 4 4 4 1 4
split_gain=4.06774 1.5148 1.10118 0.943141 0.863743 0.795546 0.696511 1.58301 0.865217 0.870273 0.814961 0.687247 0.918881 0.682583 0.675532 0.666204 0.626383 0.706656
threshold=0 11.815000000000003 1 1.5000000000000002 2 572.40000000000009 3 4 5 251.95000000000002 53.320000000000007 15.795000000000002 16.995000000000001 217.90500000000003 169.01500000000001 280.05000000000007 6 791.85000000000014
decision_type=1 2 1 2 9 2 1 9 9 2 2 2 2 2 2 2 9 2
left_child=1 -1 5 4 -3 -2 8 13 -6 11 -9 12 -10 -8 -12 -16 -4 -18
right_child=2 3 16 -5 6 -7 7 10 9 -11 14 -13 -14 -15 15 -17 17 -19
leaf_value=-0.024326016443197863 -0.011226676737741475 -0.025840339115842086 -0.0019862636773059126 -0.082670437539144007 -0.036257315501400447 -0.050897695680119981 0.067894167145211737 -0.01197101674798241 0.1094107573178565 -0.023028126580294472 -0.062141634897661641 0.045599950273626406 0.0055223223638782137 0.39358385930448647 0.29688025996669914 0.042412429192157888 -0.03626125278834004 0.018127650464015436
leaf_weight=3062 14204 2540 1005 240 706 513 211 5793 248 1260 67 5861 3533 67 61 107 8426 113
leaf_count=3062 14204 2540 1005 240 706 513 211 5793 248 1260 67 5861 3533 67 61 107 8426 113
internal_value=-0.000154011 5.9963e-05 -0.000363404 0.000130637 0.000147463 -0.000238211 0.000203693 8.95849e-06 0.00030938 0.000360043 -7.05434e-05 0.000434658 0.000192883 0.00167421 0.00125648 0.00203448 -0.000555992 -0.000620141
internal_weight=48017 23756 24261 20694 20454 14717 17914 6306 11608 10902 6028 9642 3781 278 235 168 9544 8539
internal_count=48017 23756 24261 20694 20454 14717 17914 6306 11608 10902 6028 9642 3781 278 235 168 9544 8539
cat_boundaries=0 1 2 3 4 5 6 7
cat_threshold=668 1281 267186 648 524288 524296 146
is_linear=0
shrinkage=0.023


Tree=135
num_leaves=19
num_cat=4
split_feature=0 3 4 3 3 1 1 4 4 5 1 4 3 4 3 3 4 4
split_gain=1.93944 0.916723 1.13728 0.796068 0.856007 0.674422 0.629839 0.714704 0.568239 0.566701 1.46918 0.746516 0.678554 0.74108 0.636409 0.608194 0.568069 0.515136
threshold=0 14.885000000000003 12.915000000000001 10.075000000000001 10.965000000000002 1 2 299.99500000000006 89.905000000000015 1.5000000000000002 3 89.050000000000011 19.255000000000006 79.895000000000024 45.185000000000009 34.385000000000012 154.04000000000005 30.985000000000003
decision_type=9 2 2 2 2 9 9 2 2 2 9 2 2 2 2 2 2 2
left_child=3 2 -2 17 8 -6 7 -7 -5 -8 12 -12 -11 -14 15 16 -13 -1
right_child=1 -3 -4 4 5 6 9 -9 -10 10 11 14 13 -15 -16 -17 -18 -19
leaf_value=-0.041802534544940845 0.052492340348993874 0.0107720280858409 -0.033412836192572362 0.065466382815741159 -0.054560666733926899 0.043392215210005421 -0.0099888154800367012 -0.045901914642623005 -0.032768022984716469 -0.10261463576943183 -0.077108566905697798 0.037886017175852264 0.011426755049431537 -0.049028207943716699 -0.015391421084043148 0.14640234579306305 -0.042462424239448862 -0.020883788708737624
leaf_weight=1675 71 15828 1851 359 265 948 20529 160 163 430 67 61 535 1621 108 71 82 3129
leaf_count=1675 71 15828 1851 359 265 948 20529 160 163 430 67 61 535 1621 108 71 82 3129
internal_value=-0.000111164 7.96449e-05 -0.000394616 -0.000223253 -0.00017197 -0.000191315 -0.00017849 0.000355423 0.000749608 -0.000203803 -0.000500551 0.000805997 -0.00069756 -0.000533767 0.00128626 0.00201204 0.00114502 -0.000494831
internal_weight=47953 17750 1922 30203 25399 24877 24612 1108 522 23504 2975 389 2586 2156 322 214 143 4804
internal_count=47953 17750 1922 30203 25399 24877 24612 1108 522 23504 2975 389 2586 2156 322 214 143 4804
cat_boundaries=0 1 2 3 4
cat_threshold=42999104 4640 32832 2097296
is_linear=0
shrinkage=0.023


Tree=136
num_leaves=19
num_cat=7
split_feature=0 2 1 2 5 1 1 1 0 2 2 5 2 1 2 2 6 2
split_gain=3.122 1.63719 1.0097 0.974801 0.825782 0.654401 0.629076 0.614945 0.530299 0.860208 0.560556 0.47739 0.438358 0.424846 0.471452 0.415722 0.378081 0.370343
threshold=0 434.43605304264145 1 35.251433531459114 2.5000000000000004 2 3 4 5 496.17394918377585 563.49756974832383 1.5000000000000002 310.86100306969195 6 653.00925092344517 569.04354435651305 1.5000000000000002 37.77157551604224
decision_type=9 2 9 2 2 9 9 9 9 2 2 2 2 9 2 2 2 2
left_child=3 2 -2 7 6 -3 16 -1 9 -7 -11 13 -4 -12 -15 -10 17 -5
right_child=1 5 12 4 -6 8 -8 -9 15 10 11 -13 -14 14 -16 -17 -18 -19
leaf_value=0.0039172628808629923 -0.05626451907240422 0.13055683984714045 0.043030899254160065 0.033562348926146082 -0.046757118204258916 0.13796049260825144 -0.033102769526110604 -0.034868598809487797 -0.020387617387940149 -0.018907646042892801 0.0078917658756211678 -0.040811632306368029 -0.016668139089535652 0.098118413295817317 0.04504081270841697 0.011601417609852251 -0.061844687717967584 -0.0076956937601778685
leaf_weight=210 807 199 749 168 646 396 1184 4135 771 490 712 382 2722 474 2197 7527 246 24089
leaf_count=210 807 199 749 168 646 396 1184 4135 771 490 712 382 2722 474 2197 7527 246 24089
internal_value=-0.000102491 0.000143333 -0.000247406 -0.000242094 -0.000189506 0.00027058 -0.000169075 -0.00056134 0.000249519 0.000446113 0.000351604 0.00044684 -7.52518e-05 0.000533868 0.000665754 0.000138916 -0.000143808 -0.000134763
internal_weight=48104 17426 4278 30678 26333 13148 25687 4345 12949 4651 4255 3765 3471 3383 2671 8298 24503 24257
internal_count=48104 17426 4278 30678 26333 13148 25687 4345 12949 4651 4255 3765 3471 3383 2671 8298 24503 24257
cat_boundaries=0 1 2 3 4 5 6 7
cat_threshold=34739521 376832 76 2670800 16512 17072174 823424
is_linear=0
shrinkage=0.023


Tree=137
num_leaves=19
num_cat=16
split_feature=7 0 0 7 0 4 1 0 1 7 1 1 0 7 4 1 1 7
split_gain=4.28514 3.14333 1.83408 1.93293 1.27204 0.898395 0.851202 0.835543 0.78001 0.73788 0.703838 0.70286 0.663772 0.63535 0.561776 0.982287 0.60371 1.10543
threshold=0 1 2 3 4 220.48000000000005 5 6 7 8 9 10 11 12 74.895000000000024 13 14 15
decision_type=1 9 9 1 9 2 9 9 9 1 9 9 9 1 2 9 9 1
left_child=1 11 10 4 -4 7 9 -5 -9 -7 -2 -1 -8 -12 -3 16 -16 -18
right_child=2 14 3 5 -6 6 12 8 -10 -11 13 -13 -14 -15 15 -17 17 -19
leaf_value=-0.047981203390329255 -0.079070796317839892 -0.0095444313969806488 -0.043273004331122501 -0.066465768768843483 0.0005303225430220201 0.2703198936993701 0.082623444686021563 -0.011234506301032975 -0.036713407687853604 -0.0037851302148507837 -0.010260033369846688 0.072978325355281023 -0.01533354373879342 0.028980598379506464 0.0098037052241764389 -0.04537876487408924 0.11986910369028868 -0.046713331295066073
leaf_weight=404 112 6788 5512 1441 1057 154 179 12280 1429 123 1180 5108 1817 2338 6797 934 155 169
leaf_count=404 112 6788 5512 1441 1057 154 179 12280 1429 123 1180 5108 1817 2338 6797 934 155 169
internal_value=-9.72829e-05 0.000155911 -0.000283818 -0.000356735 -0.000692913 -0.000229653 0.00019659 -0.000293758 -0.000237741 0.00136693 0.000197763 0.000624416 2.70565e-05 0.000256714 -1.83799e-05 0.0001115 0.000203546 0.00115888
internal_weight=47977 20355 27622 23992 6569 17423 2273 15150 13709 277 3630 5512 1996 3518 14843 8055 7121 324
internal_count=47977 20355 27622 23992 6569 17423 2273 15150 13709 277 3630 5512 1996 3518 14843 8055 7121 324
cat_boundaries=0 1 2 3 4 5 6 7 8 9 10 11 12 13 14 15 16
cat_threshold=664 80024102 17324503 2082 35005472 524424 72385032 2113760 69 4664 294976 72359936 1030 2933312 2408448 24
is_linear=0
shrinkage=0.023


Tree=138
num_leaves=19
num_cat=5
split_feature=7 2 2 7 3 4 3 4 5 3 4 4 7 7 3 3 3 7
split_gain=3.66654 1.7486 1.68447 0.841842 1.17472 0.762059 1.71299 0.984241 0.693862 0.742666 0.665261 0.643583 0.906872 0.631564 0.623279 0.783064 1.64998 0.91419
threshold=0 603.15557967331563 43.592192813392941 1 11.735000000000001 51.910000000000004 8.6450000000000014 114.92000000000002 2.5000000000000004 38.595000000000006 12.915000000000001 33.940000000000005 2 3 12.795000000000002 16.115000000000006 17.015000000000004 4
decision_type=1 2 2 1 2 2 2 2 2 2 2 2 1 1 2 2 2 1
left_child=2 13 -1 4 -4 11 7 -7 9 -8 -6 12 -5 -2 -12 -16 17 -17
right_child=1 -3 3 5 10 6 8 -9 -10 -11 14 -13 -14 -15 15 16 -18 -19
leaf_value=-0.024152498859197239 -0.024665269923871701 -0.0023064482092850056 -0.028624272848524319 0.046113295491622582 0.12054573796944053 0.033455996624428136 0.0022658643514342214 0.10002354869147487 -0.049897204923626169 0.043592240251357064 0.077410478159117058 -0.032405758866683995 -0.015091344527483199 -0.038650385692707637 -0.0031450213460403886 0.13438109851543664 0.026967373916723422 0.070080049277343653
leaf_weight=3267 6857 6459 733 655 109 211 9852 89 400 1371 612 2272 1965 4800 2518 386 5381 236
leaf_count=3267 6857 6459 733 655 109 211 9852 89 400 1371 612 2272 1965 4800 2518 386 5381 236
internal_value=-9.24182e-05 -0.000350769 6.33922e-05 0.000123542 0.000290805 2.41281e-05 0.000123322 0.00183865 7.9014e-05 0.00011257 0.000361392 -0.000217578 2.80898e-05 -0.000519162 0.000340044 0.000289106 0.0004319 0.00155325
internal_weight=48173 18116 30057 26790 9975 16815 11923 300 11623 11223 9242 4892 2620 11657 9133 8521 6003 622
internal_count=48173 18116 30057 26790 9975 16815 11923 300 11623 11223 9242 4892 2620 11657 9133 8521 6003 622
cat_boundaries=0 1 2 3 4 5
cat_threshold=924 136 512 1089 8
is_linear=0
shrinkage=0.023


Tree=139
num_leaves=19
num_cat=11
split_feature=7 2 1 1 7 5 2 7 2 2 1 1 2 1 7 7 2 7
split_gain=3.03159 2.58422 1.57401 1.07337 1.05918 1.68074 1.0024 0.95862 0.804305 0.673173 0.63821 0.559371 0.511364 0.431864 1.32284 0.431132 0.40767 0.459984
threshold=0 73.307966824152189 1 2 3 2.5000000000000004 627.20003777922909 4 509.25607330056141 129.40843495224794 5 6 1087.5719089899699 7 8 9 2298.3455801566552 10
decision_type=1 2 9 9 1 2 2 1 2 2 9 9 2 9 1 1 2 1
left_child=3 13 -3 8 -4 6 9 10 -1 -6 -8 -9 -13 14 -2 -11 17 -10
right_child=1 2 4 -5 5 -7 7 11 16 15 -12 12 -14 -15 -16 -17 -18 -19
leaf_value=-0.038405639592030694 0.03268901559172753 -0.039643578575977036 0.040283194571192657 -0.00048347145500186238 0.016627653818309884 -0.048681666657496812 0.045890052837543278 0.089004365987138165 0.0013987996138216322 0.00092931074637705026 0.0022759405540802385 0.0098605290091144469 -0.023833176245823109 -0.029894731441091033 -0.054507857569967511 -0.01447910710324719 -0.1013020545338791 -0.023437410317369626
leaf_weight=4443 106 1413 4264 1956 1945 654 3525 354 1439 8460 1259 2752 2012 5364 127 6409 229 1571
leaf_count=4443 106 1413 4264 1956 1945 654 3525 354 1439 8460 1259 2752 2012 5364 127 6409 229 1571
internal_value=-0.000117843 -2.67515e-05 5.06466e-05 -0.00048254 8.42694e-05 3.16695e-05 5.98848e-05 0.000243467 -0.000605122 -4.82312e-05 0.000477058 2.41298e-05 -4.22011e-05 -0.000483773 0.00047566 -0.000100867 -0.000330242 -0.000259017
internal_weight=48282 38644 33047 9638 31634 27370 26716 9902 7682 16814 4784 5118 4764 5597 233 14869 3239 3010
internal_count=48282 38644 33047 9638 31634 27370 26716 9902 7682 16814 4784 5118 4764 5597 233 14869 3239 3010
cat_boundaries=0 1 2 3 4 5 6 7 8 9 10 11
cat_threshold=2146 269106 2883608 8 641 2129928 524356 16512 1556 660 2112
is_linear=0
shrinkage=0.023


Tree=140
num_leaves=19
num_cat=6
split_feature=0 1 6 1 3 1 3 5 5 0 1 3 3 5 3 5 3 3
split_gain=2.23629 1.31833 1.12276 0.954012 1.05164 0.797141 0.704232 1.08828 0.903277 0.62092 0.555314 0.76787 0.552648 0.541366 0.543463 0.49931 0.504023 0.48532
threshold=0 1 1.5000000000000002 2 7.8750000000000009 3 28.205000000000005 2.5000000000000004 1.5000000000000002 4 5 43.475000000000001 29.905000000000005 1.5000000000000002 45.715000000000011 2.5000000000000004 15.865 16.955000000000002
decision_type=9 9 2 9 2 9 2 2 2 9 9 2 2 2 2 2 2 2
left_child=5 -2 3 4 -3 -1 8 9 -6 10 11 -8 -11 -5 -15 16 -7 -10
right_child=1 2 -4 13 6 15 7 -9 17 12 -12 -13 -14 14 -16 -17 -18 -19
leaf_value=-0.04599841393544684 0.10155356527325883 -0.040640134922755713 -0.08280652807331379 -0.031205748650567595 -0.0075574147210896612 -0.0057378180479775026 0.025025975801556001 -0.029577760530333647 -0.099849541707729084 0.062948100346385594 -0.008147147016236431 0.092320021446327213 -0.0014211485543947446 0.067553847219165769 -0.057312531268757162 -0.061692177888933421 0.03282529016584302 -0.040294576055961484
leaf_weight=724 106 2074 476 2667 26074 1861 741 592 268 179 482 427 1917 130 81 248 8091 860
leaf_count=724 106 2074 476 2667 26074 1861 741 592 268 179 482 427 1917 130 81 248 8091 860
internal_value=-9.38333e-05 -0.000179029 -0.00018667 -0.00017224 -0.000137667 0.000195288 -0.000104716 0.000167429 -0.000148117 0.000312257 0.000644192 0.000915144 4.7612e-05 -0.000573522 0.000545546 0.000247792 0.000273443 -0.000785272
internal_weight=47998 37074 36968 36492 33614 10924 31540 4338 27202 3746 1650 1168 2096 2878 211 10200 9952 1128
internal_count=47998 37074 36968 36492 33614 10924 31540 4338 27202 3746 1650 1168 2096 2878 211 10200 9952 1128
cat_boundaries=0 1 2 3 4 5 6
cat_threshold=909374 68 2146464 32848 21105984 2097184
is_linear=0
shrinkage=0.023


Tree=141
num_leaves=19
num_cat=8
split_feature=0 7 0 0 2 7 5 4 4 2 2 7 7 4 7 2 4 2
split_gain=2.23198 1.90566 1.61705 1.4013 1.36667 1.35356 1.00786 0.866452 0.822892 0.830948 1.4877 0.999138 0.764136 0.772423 0.647202 0.547554 2.57087 0.74158
threshold=0 1 2 3 164.94920167760708 4 1.5000000000000002 119.82000000000002 119.92000000000002 443.01261283457728 455.61449554396688 5 6 730.93000000000018 7 203.72011375862544 31.910000000000004 69.231234826339175
decision_type=9 1 9 9 2 1 2 2 2 2 2 1 1 2 1 2 2 2
left_child=5 3 -3 15 -5 -1 12 14 -9 11 -11 -10 -6 -14 -7 16 -2 -18
right_child=1 2 -4 4 6 7 -8 8 9 10 -12 -13 13 -15 -16 -17 17 -19
leaf_value=-0.044802004657504238 0.086244587226170288 -0.05086228256635078 -0.00060314567932890023 -0.052426532262732958 0.11244694016851146 -0.027280428807367509 -0.031902284594971513 0.098023669210714343 -0.031513334926050691 0.070222910750970813 0.0059530005903827036 0.0048057618281278766 0.029099086007734837 0.22274163936561794 -0.012081430285427235 -0.0033463781854838497 -0.090731346795844353 0.042936317851262534
leaf_weight=2236 108 2902 7353 275 2307 6515 656 138 1924 73 1759 2490 3708 65 6651 8357 183 351
leaf_count=2236 108 2902 7353 275 2307 6515 656 138 1924 73 1759 2490 3708 65 6651 8357 183 351
internal_value=-0.00010415 3.86473e-05 -0.00020602 0.000195397 0.000438988 -0.000276195 0.000504509 -0.000214593 5.18839e-06 -3.3655e-05 0.000378099 -0.000204561 0.00059692 0.000391701 -0.000321323 5.33625e-06 0.000652518 -2.5826e-06
internal_weight=48051 26265 10255 16010 7011 21786 6736 19550 6384 6246 1832 4414 6080 3773 13166 8999 642 534
internal_count=48051 26265 10255 16010 7011 21786 6736 19550 6384 6246 1832 4414 6080 3773 13166 8999 642 534
cat_boundaries=0 1 2 3 4 5 6 7 8
cat_threshold=51449925 669 67371552 13257992 34 2689 136 389
is_linear=0
shrinkage=0.023


Tree=142
num_leaves=19
num_cat=4
split_feature=2 2 1 4 1 3 5 3 1 3 4 4 2 4 2 2 4 1
split_gain=1.97451 0.970651 0.8676 0.883016 0.892042 0.754564 0.727435 1.11622 1.20932 0.987204 0.81059 0.967626 1.1901 0.766295 0.938421 0.961115 0.61032 0.524844
threshold=584.39557716220122 25.312129971147446 0 49.910000000000004 1 13.205000000000002 1.5000000000000002 19.255000000000006 2 84.070000000000007 260.24500000000006 149.90500000000003 470.91480201231047 13.995000000000003 109.87277948764624 316.48675837884133 34.910000000000004 3
decision_type=2 2 9 2 9 2 2 2 9 2 2 2 2 2 2 2 2 9
left_child=1 -1 -2 -4 -5 -6 7 13 9 10 11 16 -13 14 -3 -16 -9 -18
right_child=2 6 3 4 5 -7 -8 8 -10 -11 -12 12 -14 -15 15 -17 17 -19
leaf_value=-0.033021479365345927 -0.036148581114514834 -0.043116972517566708 -0.01129726766544311 0.12332857987966407 0.042350270033947965 0.011430229181415154 -0.032806807256385503 0.080584325704193396 -0.060091880827373143 0.13358214131520077 -0.017877512966549707 0.073111081251177795 -0.046897464440579843 -0.013257154976841224 0.1354324419998838 0.023188874683230047 0.013619572340084431 -0.045887412981985551
leaf_weight=3644 806 145 4411 100 139 12012 2779 90 457 111 829 747 232 19351 138 286 1293 550
leaf_count=3644 806 145 4411 100 139 12012 2779 90 457 111 829 747 232 19351 138 286 1293 550
internal_value=-9.78876e-05 -0.000209108 9.72767e-05 0.000133016 0.000233563 0.000214488 -0.000161564 -0.000121135 0.00021451 0.000347303 0.000284702 0.000465336 0.00105438 -0.000193742 0.000638014 0.0011841 0.000166919 7.64917e-05
internal_weight=48120 30652 17468 16662 12251 12151 27008 24229 4309 3852 3741 2912 979 19920 569 424 1933 1843
internal_count=48120 30652 17468 16662 12251 12151 27008 24229 4309 3852 3741 2912 979 19920 569 424 1933 1843
cat_boundaries=0 1 2 3 4
cat_threshold=6666 65600 2654336 2097152
is_linear=0
shrinkage=0.023


Tree=143
num_leaves=19
num_cat=13
split_feature=7 0 0 1 0 7 0 3 5 1 1 0 7 3 3 3 0 7
split_gain=2.96632 2.89235 1.71351 1.07113 1.19611 1.12919 0.98464 0.916472 0.896342 1.0176 0.820226 0.700598 0.68511 0.669727 0.996554 0.651428 0.638459 0.635069
threshold=0 1 2 3 4 5 6 9.2750000000000004 1.5000000000000002 7 8 9 10 19.035000000000004 14.015000000000002 30.465000000000003 11 12
decision_type=1 9 9 9 9 1 9 2 2 9 9 9 1 2 2 2 9 1
left_child=2 7 -1 5 -5 6 -3 -2 9 -9 17 -7 16 14 -8 -10 -6 -4
right_child=1 3 10 4 12 11 13 8 15 -11 -12 -13 -14 -15 -16 -17 -18 -19
leaf_value=0.011984379908147451 -0.026396829412892096 -0.012098900120597909 -0.024830145239889276 0.12169188773222958 0.022960632631328755 0.017411254755644104 0.17803075546303923 -0.00073347984082187425 -0.060494117439841524 -0.060413839550145475 -0.0081402367767553756 0.061147185444341251 -0.035759590121889763 0.052967702810005041 -0.017302092026552911 -0.0077332458442919659 -0.050054488912008893 -0.043450895081004276
leaf_weight=1752 3259 2694 3011 239 1083 2798 63 17587 1189 599 1376 4053 1592 1025 583 1224 590 3380
leaf_count=1752 3259 2694 3011 239 1083 2798 63 17587 1189 599 1376 4053 1592 1025 583 1224 590 3380
internal_value=-9.93355e-05 -9.54791e-06 -0.000462716 0.000243894 -0.000107073 0.000353537 6.38717e-05 -0.000165955 -0.000109321 -5.40524e-05 -0.000609303 0.000537723 -0.000223664 0.000500845 -7.61654e-05 -0.000525816 0.000101526 -0.000719295
internal_weight=48097 38578 9519 14720 3504 11216 4365 23858 20599 18186 7767 6851 3265 1671 646 2413 1673 6391
internal_count=48097 38578 9519 14720 3504 11216 4365 23858 20599 18186 7767 6851 3265 1671 646 2413 1673 6391
cat_boundaries=0 1 2 3 4 5 6 7 8 9 10 11 12 13
cat_threshold=2146 34131785 80266050 2097348 1052706 1281 79958020 2932928 2916384 9576592 29 67502224 2112
is_linear=0
shrinkage=0.023


Tree=144
num_leaves=19
num_cat=10
split_feature=7 0 0 4 7 3 0 7 0 4 7 0 0 3 4 3 4 3
split_gain=2.57183 2.30866 2.22478 1.31231 1.26894 0.994713 1.05801 0.943583 0.927341 0.919026 1.02842 0.885446 0.717257 0.691402 0.653282 0.651825 0.613986 0.610496
threshold=0 1 2 449.30500000000006 3 14.095000000000001 4 5 6 69.920000000000016 7 8 9 33.925000000000004 76.845000000000013 9.6650000000000009 129.89500000000004 16.955000000000002
decision_type=1 9 9 2 1 2 9 1 9 2 1 9 9 2 2 2 2 2
left_child=2 15 -1 8 12 -6 7 11 13 10 -8 16 -3 -4 -11 -2 -7 -13
right_child=1 4 3 -5 5 6 9 -9 -10 14 -12 17 -14 -15 -16 -17 -18 -19
leaf_value=-0.035761796815880778 -0.023164968618748401 -0.031012526693681798 0.080428741374907992 0.063802434088089513 -0.020728057620849005 0.02822474025646592 0.11132331652109935 0.038365395946945262 -0.0084522355742686871 0.18132345454469292 -0.0011312022038741511 0.017415241825892123 0.015984755577722509 0.24171584683047087 0.087339677591269746 -0.0060334562939856297 -0.04728743516183722 -0.061485095911308831
leaf_weight=6274 3642 1993 129 117 506 727 378 3276 2903 120 1666 246 1347 61 3057 20234 397 747
leaf_count=6274 3642 1993 129 117 506 727 378 3276 2903 120 1666 246 1347 61 3057 20234 397 747
internal_value=-9.60968e-05 -1.21393e-05 -0.000434988 5.78538e-05 0.000217122 0.000335178 0.000382979 0.000155924 -3.2493e-05 0.000616019 0.000236727 -0.000221975 -0.000175749 0.00148187 0.000861952 -0.00015102 0.000219817 -0.000719194
internal_weight=47820 38336 9484 3210 14460 11120 10614 5393 3093 5221 2044 2117 3340 190 3177 23876 1124 993
internal_count=47820 38336 9484 3210 14460 11120 10614 5393 3093 5221 2044 2117 3340 190 3177 23876 1124 993
cat_boundaries=0 1 2 3 4 5 6 7 8 9 10
cat_threshold=2146 100698049 51841584 1280 13240340 129 32770 128 4720656 4476962
is_linear=0
shrinkage=0.023


Tree=145
num_leaves=19
num_cat=8
split_feature=0 1 6 4 4 3 4 0 1 3 1 0 0 4 4 0 3 4
split_gain=1.83688 1.1045 0.812784 0.641284 0.932162 0.676608 0.913216 0.888039 0.616745 0.727169 0.944465 0.604756 0.600588 0.595174 0.566479 0.528673 0.813427 0.462059
threshold=0 1 1.5000000000000002 220.48000000000005 251.95000000000002 50.855000000000011 349.99500000000006 2 3 36.32500000000001 4 5 6 13.995000000000003 849.94000000000017 7 22.225000000000005 69.920000000000016
decision_type=9 9 2 2 2 2 2 9 9 2 9 9 9 2 2 9 2 2
left_child=2 -2 8 13 -5 7 -7 -6 9 -1 -11 -10 -8 -3 -14 16 -9 -15
right_child=1 3 -4 4 5 6 12 15 11 10 -12 -13 14 17 -16 -17 -18 -19
leaf_value=-0.010586459736262824 -0.033941359362317125 0.036804415742874956 -0.061279522172868257 0.1181562561805387 0.12441082674156315 -0.079604845789017803 -0.060977328056916337 0.043009750524377707 0.0096236080203588141 -0.033941707267824972 0.021268977566659724 -0.04173048446984428 0.0040373863363405982 -0.0026262152053156563 0.14864910494285655 0.051016444287598745 -0.089403249152089581 0.017449342992821731
leaf_weight=26920 1531 344 397 392 157 164 130 132 115 289 1816 1000 153 6290 79 819 168 7151
leaf_count=26920 1531 344 397 392 157 164 130 132 115 289 1816 1000 153 6290 79 819 168 7151
internal_value=-5.89891e-05 0.000128783 -0.000166646 0.000185405 0.000550729 0.000329516 -0.000364524 0.000615631 -0.000153077 -0.000132485 0.00027914 -0.000681688 0.000280659 0.000127387 0.000960945 0.000372532 -0.000444845 0.0001032
internal_weight=48047 17510 30537 15979 2194 1802 526 1276 30140 29025 2105 1115 362 13785 232 1119 300 13441
internal_count=48047 17510 30537 15979 2194 1802 526 1276 30140 29025 2105 1115 362 13785 232 1119 300 13441
cat_boundaries=0 1 2 3 4 5 6 7 8
cat_threshold=101860549 297490 16843298 2670820 49184 147456 12660736 8947968
is_linear=0
shrinkage=0.023


Tree=146
num_leaves=19
num_cat=9
split_feature=7 1 7 2 2 1 2 3 3 7 1 3 2 7 3 2 7 1
split_gain=3.43186 1.20499 1.41242 1.00792 0.912692 0.589157 0.562079 0.55424 0.665165 0.571037 1.04741 0.586292 0.558252 1.04116 0.537334 0.533674 0.639694 0.527821
threshold=0 1 2 23.946720782345967 596.43709440271607 3 2115.2533550652433 11.735000000000001 11.855000000000002 4 5 17.065000000000001 152.07363699588313 6 59.430000000000007 549.06514742292518 7 8
decision_type=1 9 1 2 2 9 2 2 2 1 9 2 2 1 2 2 1 9
left_child=3 15 4 -1 -3 6 -5 -7 12 10 14 -11 -9 -14 -10 -2 -17 -12
right_child=1 2 -4 5 -6 7 -8 8 9 11 17 -13 13 -15 -16 16 -18 -19
leaf_value=-0.021284299407925655 -0.010360548396862209 -0.040910213158799551 -0.015336584743065885 -0.04841793059859454 -0.014517708216136202 -0.017844967252185789 0.078062895202049468 0.077518161876889785 -0.033967198467585211 -0.0088521059069117981 0.12086743107282824 0.015639535738371752 0.16699683859099396 -0.011114122646729889 0.065717902194712838 -0.0089094152317824651 0.025516442498897438 0.031484112820174256
leaf_weight=1720 2052 2713 16294 730 1479 1794 71 165 1224 4810 408 5295 102 314 75 696 1188 7145
leaf_count=1720 2052 2713 16294 730 1479 1794 71 165 1224 4810 408 5295 102 314 75 696 1188 7145
internal_value=-8.51621e-05 -0.000276746 -0.000347577 0.000111062 -0.000724007 0.000152789 -0.000456189 0.000175791 0.000211399 0.000187898 0.000322647 6.94652e-05 0.000977823 0.000528279 -0.000279502 9.18556e-05 0.000371571 0.000426445
internal_weight=48275 24422 20486 23853 4192 22133 801 21332 19538 18957 8852 10105 581 416 1299 3936 1884 7553
internal_count=48275 24422 20486 23853 4192 22133 801 21332 19538 18957 8852 10105 581 416 1299 3936 1884 7553
cat_boundaries=0 1 2 3 4 5 6 7 8 9
cat_threshold=668 82148 34 266802 136 524424 8 1280 32832
is_linear=0
shrinkage=0.023


Tree=147
num_leaves=19
num_cat=8
split_feature=0 3 3 3 6 3 1 5 0 1 1 3 1 3 3 1 5 0
split_gain=1.74768 0.874234 0.871064 0.75523 0.720158 0.783906 0.765445 0.909979 1.03275 0.684092 0.540925 0.515982 0.776002 0.958336 0.501695 0.638854 0.611505 0.609722
threshold=0 14.015000000000002 8.1150000000000002 8.7250000000000032 1.5000000000000002 27.135000000000002 1 2.5000000000000004 2 3 4 36.32500000000001 5 42.305000000000007 20.965000000000003 6 1.5000000000000002 7
decision_type=9 2 2 2 2 2 9 2 9 9 9 2 9 2 2 9 2 9
left_child=2 -2 -1 -4 5 9 7 8 -7 -5 -11 -10 13 -13 15 -3 17 -16
right_child=1 14 3 4 -6 6 -8 -9 11 10 -12 12 -14 -15 16 -17 -18 -19
leaf_value=-0.034886905538770614 -0.039796755209554516 -0.078452346099136552 0.01179198374233644 0.045661653233019558 -0.058245942028253388 -0.022740201697778659 -0.027888055128395959 -0.035481568598346842 0.0088421827624698274 -0.043115617691179012 -0.01100486112207383 0.075797142488822133 0.057163269817213334 -0.045599117355088876 0.086827777188410532 0.0057253606151521121 -0.011412416077747374 0.01767485094916689
leaf_weight=2312 603 457 1013 181 412 680 331 593 1530 788 23648 85 1274 190 1598 7068 1386 3802
leaf_count=2312 603 457 1013 181 412 680 331 593 1530 788 23648 85 1274 190 1598 7068 1386 3802
internal_value=-8.37422e-05 0.000122889 -0.000177006 -0.000144661 -0.000165717 -0.000152285 0.000120471 0.000202045 0.00033461 -0.000204173 -0.000214737 0.000512904 0.000810454 -0.000302398 0.000159123 2.98004e-05 0.000302522 0.000413132
internal_weight=47951 14914 33037 30725 29712 29300 4683 4352 3759 24617 24436 3079 1549 275 14311 7525 6786 5400
internal_count=47951 14914 33037 30725 29712 29300 4683 4352 3759 24617 24436 3079 1549 275 14311 7525 6786 5400
cat_boundaries=0 1 2 3 4 5 6 7 8
cat_threshold=110255304 2932868 9453696 112 267018 311296 790538 17039362
is_linear=0
shrinkage=0.023


Tree=148
num_leaves=19
num_cat=8
split_feature=6 0 1 4 1 4 4 0 1 4 0 4 4 4 4 0 4 1
split_gain=1.40868 1.12232 1.43545 0.773217 0.737569 0.702393 0.957512 0.733905 0.594134 0.568519 0.563825 0.498943 0.477032 0.384838 1.29954 0.464424 0.809986 0.383342
threshold=1.5000000000000002 0 1 69.995000000000019 2 13.670000000000002 42.995000000000012 3 4 1379.5000000000002 5 259.10000000000008 89.995000000000019 99.995000000000019 109.81000000000002 6 135.90500000000003 7
decision_type=2 9 9 2 9 2 2 9 9 2 9 2 2 2 2 9 2 9
left_child=1 2 -1 4 -4 -3 10 8 -8 -5 -7 -10 -9 -14 -15 17 -17 -16
right_child=-2 5 3 9 -6 6 7 12 11 -11 -12 -13 13 14 15 16 -18 -19
leaf_value=-0.050495302997178117 -0.079692488791360205 0.042033879879321313 -0.016039914877638832 -0.0010365664740310354 0.020029946861706394 0.0025274932541321038 0.01103587590166083 0.065275156837334578 -0.027679364184591767 0.1317326407440701 -0.030358064747560278 0.051232794785204698 -0.065489739039195277 0.27597976640060345 -0.1210690178536558 -0.1350954277220483 0.089603740837137472 0.0071768072606108449
leaf_weight=887 595 312 12432 15595 755 1546 8328 1047 1898 96 1905 526 224 77 118 91 361 1070
leaf_count=887 595 312 12432 15595 755 1546 8328 1047 1898 96 1905 526 224 77 118 91 361 1070
internal_value=-6.85575e-05 -5.45553e-05 -0.00014047 -0.000112276 -0.000242135 9.15766e-05 7.19926e-05 0.000158018 6.90719e-05 -3.20947e-06 -0.000270504 -0.000247175 0.00047623 0.000264334 0.00038132 0.000243992 0.000861841 1.53621e-06
internal_weight=47863 47268 29765 28878 13187 17503 17191 13740 10752 15691 3451 2424 2988 1941 1717 1640 452 1188
internal_count=47863 47268 29765 28878 13187 17503 17191 13740 10752 15691 3451 2424 2988 1941 1717 1640 452 1188
cat_boundaries=0 1 2 3 4 5 6 7 8
cat_threshold=110691725 332578 2113672 4626496 2364096 305154 25104 561160
is_linear=0
shrinkage=0.023


Tree=149
num_leaves=19
num_cat=7
split_feature=0 2 1 6 2 2 0 1 2 0 2 2 4 0 2 1 4 4
split_gain=1.73208 1.10489 0.646662 0.537659 0.480842 0.405751 0.39323 0.370665 1.01219 0.620568 1.48395 0.540506 0.493103 0.514862 0.901769 0.951081 1.20314 0.440002
threshold=0 120.32427543049302 1 1.5000000000000002 2708.4056416768913 470.91480201231047 2 3 610.61726476764773 4 636.13646193882744 522.05960707064207 12.915000000000001 5 294.29624598411442 6 31.910000000000004 39.89500000000001
decision_type=9 2 9 2 2 2 9 9 2 9 2 2 2 9 2 9 2 2
left_child=2 -2 5 7 -3 -1 -7 12 11 10 -10 17 -4 -14 15 16 -15 -9
right_child=1 4 3 -5 -6 6 -8 8 9 -11 -12 -13 13 14 -16 -17 -18 -19
leaf_value=-0.08115528607458436 -0.046454301714560525 0.014992476792387381 0.015887485142946925 -0.060953973838370278 0.16098137041832836 0.0094831154170211436 -0.035252440694650632 0.024145324801787341 0.14229771512667688 0.0073854662461450074 0.046088729814515075 -0.033553790634194565 -0.016693040634412713 0.13193583739212678 -0.0059054609117685829 -0.019698946305880347 0.03721391435178896 -0.014356053494906304
leaf_weight=181 491 13437 403 420 126 168 1002 682 65 1170 700 690 15844 83 8623 167 467 3314
leaf_count=181 491 13437 403 420 126 168 1002 682 65 1170 700 690 15844 83 8623 167 467 3314
internal_value=-8.85696e-05 0.000126152 -0.000177365 -0.000156808 0.000165049 -0.000668936 -0.000516911 -0.000146191 7.31901e-06 0.000449846 0.000953859 -0.000175412 -0.000185843 -0.00019869 -6.29712e-05 0.000720574 0.00117008 -7.27481e-05
internal_weight=48033 14054 33979 32628 13563 1351 1170 32208 6621 1935 765 4686 25587 25184 9340 717 550 3996
internal_count=48033 14054 33979 32628 13563 1351 1170 32208 6621 1935 765 4686 25587 25184 9340 717 550 3996
cat_boundaries=0 1 2 3 4 5 6 7
cat_threshold=109718985 332600 141376 2621442 41951360 100673544 2097152
is_linear=0
shrinkage=0.023


Tree=150
num_leaves=19
num_cat=5
split_feature=6 3 5 0 0 5 0 0 4 4 4 4 3 3 4 0 3 4
split_gain=0.842314 0.930897 1.28276 0.816183 0.773837 0.755173 0.853669 0.607189 0.581166 0.553507 0.53749 0.965737 0.484093 0.584969 0.476649 0.473604 0.525038 0.613228
threshold=1.5000000000000002 21.155000000000005 1.5000000000000002 0 1 2.5000000000000004 2 3 69.920000000000016 225.98500000000004 139.90500000000003 143.10000000000002 33.155000000000008 37.045000000000009 89.905000000000015 4 17.885000000000002 167.20000000000002
decision_type=2 2 2 9 9 2 9 9 2 2 2 2 2 2 2 9 2 2
left_child=1 2 4 12 8 6 -5 -6 -1 -7 14 -12 -3 -14 -8 -10 17 -17
right_child=-2 3 -4 5 7 9 10 -9 15 -11 11 -13 13 -15 -16 16 -18 -19
leaf_value=-0.0082921912878311799 -0.051340025699327441 0.014086706204723375 -0.084940493360598349 -0.01614731362509764 -0.011251873894227535 -0.070172677138747697 0.019661406290885947 -0.083625908545981897 0.0097979852699422408 0.0030206723041610712 0.10741662930334588 0.014900359675560417 0.12551903875409298 0.050401862997811249 -0.015977991715695875 0.11713768673402512 0.0092897617942743343 -0.016949768086022068
leaf_weight=5335 566 632 539 1961 22722 509 2468 255 3639 369 119 4844 145 489 2474 406 409 143
leaf_count=5335 566 632 539 1961 22722 509 2468 255 3639 369 119 4844 145 489 2474 406 409 143
internal_value=-9.05929e-05 -8.00711e-05 -0.000145997 7.73227e-05 -0.000127764 2.17126e-05 6.98948e-05 -0.000201041 4.19188e-05 -0.000629067 0.000156694 0.000325916 0.000631851 0.00108578 -1.29369e-05 0.000231491 0.000683668 0.0011554
internal_weight=48024 47458 33448 14010 32909 12744 11866 22977 9932 878 9905 4963 1266 634 4942 4597 958 549
internal_count=48024 47458 33448 14010 32909 12744 11866 22977 9932 878 9905 4963 1266 634 4942 4597 958 549
cat_boundaries=0 1 2 3 4 5
cat_threshold=16789570 12861874 9456521 33725504 4456592
is_linear=0
shrinkage=0.023


Tree=151
num_leaves=19
num_cat=14
split_feature=7 0 0 7 2 2 2 1 7 7 0 1 2 1 1 7 0 1
split_gain=2.52379 3.43678 1.80429 1.42568 1.01195 0.861878 0.810452 0.712191 0.989274 0.63002 1.16478 0.77793 0.793704 0.583318 0.57643 0.605673 0.491712 0.491276
threshold=0 1 2 3 43.592192813392941 258.74452600182218 934.14266348463354 4 5 6 7 8 1109.3290322368391 9 10 11 12 13
decision_type=1 9 9 1 2 2 2 9 1 1 9 9 2 9 9 1 9 9
left_child=1 5 3 4 -2 -1 14 8 -3 10 -4 12 -11 -5 15 -6 -13 -8
right_child=2 7 9 13 6 -7 17 -9 -10 11 -12 16 -14 -15 -16 -17 -18 -19
leaf_value=-0.018211911703372979 -0.032728220722938663 -0.12034831960923977 0.12609124226663623 -0.034378750883568523 0.00011833132219478615 0.060327412794620706 0.04377809970494749 -0.0081799125432835181 0.11406794977652128 0.00080417921818136493 0.0086909257742774845 -0.061932872288387883 0.11510612572130109 -0.012105760598937488 -0.0085383781666890195 0.11709849723010728 -0.0099430338091108256 -0.047576277381749507
leaf_weight=460 1976 161 562 4220 333 6044 151 14829 478 96 2750 265 68 1301 10561 218 2577 998
leaf_count=460 1976 161 562 4220 333 6044 151 14829 478 96 2750 265 68 1301 10561 218 2577 998
internal_value=-8.58373e-05 9.5758e-05 -0.000238797 -0.000346973 -0.000224927 0.000538932 -0.000147234 -9.08212e-05 0.000655048 9.95136e-05 0.000317909 -0.000141375 0.00135185 -0.000660698 -8.70963e-05 0.000631535 -0.000232078 -0.000728694
internal_weight=48048 21972 26076 19758 14237 6504 12261 15468 639 6318 3312 3006 164 5521 11112 551 2842 1149
internal_count=48048 21972 26076 19758 14237 6504 12261 15468 639 6318 3312 3006 164 5521 11112 551 2842 1149
cat_boundaries=0 1 2 3 4 5 6 7 8 9 10 11 12 13 14
cat_threshold=1676 13382440 101129768 337 32832 512 2083 16834563 528448 2359352 524312 257 16801795 262208
is_linear=0
shrinkage=0.023


Tree=152
num_leaves=19
num_cat=13
split_feature=7 0 0 1 7 0 0 1 1 7 0 3 3 0 3 3 3 0
split_gain=2.55956 2.41702 1.99756 1.01976 1.16394 1.1001 1.00443 0.77042 0.751578 0.71213 1.40793 1.0279 0.67191 0.660555 0.624485 0.999931 0.618974 0.614683
threshold=0 1 2 3 4 5 6 7 8 9 10 22.965000000000003 38.285000000000004 11 16.925000000000004 16.185000000000006 17.955000000000002 12
decision_type=1 9 9 9 1 9 9 9 9 1 9 2 2 9 2 2 2 9
left_child=1 -1 13 5 6 14 -5 -3 -6 10 11 -9 -12 -2 15 -4 -7 -10
right_child=2 7 3 4 8 16 -8 9 17 -11 12 -13 -14 -15 -16 -17 -18 -19
leaf_value=-0.0034162223025844983 0.14526636320943423 -0.010282859180163436 0.02805248512650917 -0.082631860101562329 -0.056820448811831022 -0.048844049067997816 -0.028144842553728618 0.10184636381447223 -0.036288983308196701 0.041752282405655594 0.14598114510835419 -0.046187331857976029 0.31582806155112764 0.022002288112747438 0.00045163476461246326 0.15180516681240977 -0.0031840085342177455 -0.011297628700923434
leaf_weight=17426 112 1095 783 905 394 687 2945 643 1821 3960 266 319 76 2060 1012 105 870 12492
leaf_count=17426 112 1095 783 905 394 687 2945 643 1821 3960 266 319 76 2060 1012 105 870 12492
internal_value=-9.17621e-05 7.76654e-05 -0.000258305 -0.000324005 -0.000391603 3.89396e-05 -0.000747755 0.000461104 -0.000297915 0.000576677 0.00104375 0.000577709 0.00229987 0.000405991 0.000409378 0.00085659 -0.000412826 -0.000270044
internal_weight=47971 23785 24186 22014 18557 3457 3850 6359 14707 5264 1304 962 342 2172 1900 888 1557 14313
internal_count=47971 23785 24186 22014 18557 3457 3850 6359 14707 5264 1304 962 342 2172 1900 888 1557 14313
cat_boundaries=0 1 2 3 4 5 6 7 8 9 10 11 12 13
cat_threshold=668 60458323 84468098 82884 34 42145824 399392 311810 58 128 71582208 2 12654593
is_linear=0
shrinkage=0.023


Tree=153
num_leaves=19
num_cat=15
split_feature=7 0 0 7 1 0 1 4 7 0 1 0 1 7 4 7 4 0
split_gain=2.70852 2.53838 1.68189 1.41064 0.871384 0.716423 0.62913 0.626415 0.621566 0.764235 0.587958 0.540341 0.501022 0.661611 0.703384 0.496511 0.658334 0.546216
threshold=0 1 2 3 4 5 6 98.100000000000009 7 8 9 10 11 12 56.980000000000011 13 12.915000000000001 14
decision_type=1 9 9 1 9 9 9 2 1 9 9 9 9 1 2 1 2 9
left_child=2 4 3 -1 -2 -3 -5 8 9 -7 -4 12 13 14 -12 -13 -17 -18
right_child=1 5 10 6 -6 7 -8 -9 -10 -11 11 15 -14 -15 -16 16 17 -19
leaf_value=-0.022195288509528493 0.0070277223129284723 0.16897169322635328 0.07321407545031107 -0.0034589838718858236 -0.025984766034041883 0.028675701927765945 0.08950195437992664 -0.0073297805585592658 0.025944072536050453 -0.048292587920363561 -0.064327621917749878 0.0069154876492702752 -0.048100637897957509 -0.022654354589240779 0.093799564833369639 0.012048865980882832 -0.015218643826652709 0.010807073817954364
leaf_weight=956 857 179 149 676 12622 258 3281 2028 1761 342 105 10690 800 1893 238 177 7567 3477
leaf_count=956 857 179 149 676 12622 258 3281 2028 1761 342 105 10690 800 1893 238 177 7567 3477
internal_value=-6.55876e-05 -0.000288155 6.83358e-05 0.000457037 -0.000446914 0.000180254 0.000648568 0.000120197 0.000375116 -0.000263839 -7.91457e-06 -1.67997e-05 -0.000303825 -0.00012533 0.000789848 2.30938e-05 -8.37365e-05 -0.000106125
internal_weight=48056 18047 30009 4913 13479 4568 3957 4389 2361 600 25096 24947 3036 2236 343 21911 11221 11044
internal_count=48056 18047 30009 4913 13479 4568 3957 4389 2361 600 25096 24947 3036 2236 343 21911 11221 11044
cat_boundaries=0 1 2 3 4 5 6 7 8 9 10 11 12 13 14 15
cat_threshold=924 110431524 68489260 256 16384 524290 299136 96 168512 80 576449 2359810 512 268 33685522
is_linear=0
shrinkage=0.023


Tree=154
num_leaves=19
num_cat=7
split_feature=7 7 3 1 1 7 3 6 3 7 2 1 3 3 2 2 3 3
split_gain=2.93821 0.839215 0.844839 0.749444 0.733085 1.05654 0.907805 0.691275 0.68131 0.506022 0.507049 0.479682 0.466727 0.645604 0.719284 0.980247 0.825901 0.519408
threshold=0 1 15.225000000000003 2 3 4 110.02000000000002 1.5000000000000002 21.925000000000004 5 430.00060936378378 6 18.415000000000003 16.115000000000006 527.2532870420572 463.89483640660933 15.155000000000003 17.275000000000002
decision_type=1 1 2 9 9 1 2 2 2 1 2 9 2 2 2 2 2 2
left_child=1 12 -3 7 9 6 -6 -4 -5 10 -2 -7 13 14 15 -1 -17 -15
right_child=4 2 3 8 5 11 -8 -9 -10 -11 -12 -13 -14 17 -16 16 -18 -19
leaf_value=0.025267787165746972 -0.012651865184116417 -0.011866983477915738 0.014429581317574767 -0.059382478582384199 -0.012129137321632007 -0.026102856701435476 0.068716727976261396 -0.089583243298351059 0.0062092453503208613 -0.011068567081318167 0.018919105152997443 -0.047493165628007483 0.0035120365583134901 0.12270832125397919 -0.02846528327359793 0.075717530322008939 0.23557412941080194 0.035815125713415531
leaf_weight=1714 687 6202 9358 575 10580 9581 65 185 611 3325 1339 439 1788 454 513 147 62 411
leaf_count=1714 687 6202 9358 575 10580 9581 65 185 611 3325 1339 439 1788 454 513 147 62 411
internal_value=-0.000115985 7.9555e-05 1.64334e-06 0.00012517 -0.000281413 -0.000343577 -0.000183585 0.000192919 -0.000417999 -4.11412e-05 0.00024466 -0.000513189 0.000338243 0.000501006 0.000309283 0.000513405 0.00199967 0.00104072
internal_weight=48036 22020 16931 10729 26016 20665 10645 9543 1186 5351 2026 10020 5089 3301 2436 1923 209 865
internal_count=48036 22020 16931 10729 26016 20665 10645 9543 1186 5351 2026 10020 5089 3301 2436 1923 209 865
cat_boundaries=0 1 2 3 4 5 6 7
cat_threshold=1676 8 2146528 540916 2320 97 2129922
is_linear=0
shrinkage=0.023


Tree=155
num_leaves=19
num_cat=5
split_feature=7 2 2 5 3 7 3 4 7 4 4 7 5 3 4 7 2 3
split_gain=2.9689 1.60299 0.980389 0.96726 0.959608 0.61887 0.612355 0.704454 0.611022 0.864875 0.536166 0.836603 0.628469 0.935889 0.634598 0.581788 0.561492 0.55711
threshold=0 69.231234826339175 509.25607330056141 1.5000000000000002 34.385000000000012 1 8.1150000000000002 313.99000000000007 2 299.27500000000003 119.82000000000002 3 1.5000000000000002 15.275 25.715000000000003 4 7.9257108149767701 29.105000000000004
decision_type=1 2 2 2 2 1 2 2 1 2 2 1 2 2 2 1 2 2
left_child=2 6 -1 4 8 -5 -2 10 9 -3 12 -12 13 14 -8 16 -16 -13
right_child=1 3 -4 5 -6 -7 7 -9 -10 -11 11 17 -14 -15 15 -17 -18 -19
leaf_value=-0.030622073069091017 -0.036915789024995677 0.024449133938361078 -0.0097100704972667966 -0.0011570922800474433 0.030888595402938521 -0.033375952811023298 0.0027559462454719093 -0.057548060682955648 5.673924306728114e-05 -0.045247109366081485 -0.035408654095934099 0.032451673911535486 -0.086987063509308335 0.062245955371172584 0.089953322658914564 -0.041750777209649974 -0.016214389378492681 0.12398688611413773
leaf_weight=5330 1326 6487 4160 1909 2984 1477 302 297 19662 395 451 590 300 152 65 1307 491 91
leaf_count=5330 1326 6487 4160 1909 2984 1477 302 297 19662 395 451 590 300 152 65 1307 491 91
internal_value=-7.93552e-05 1.09672e-05 -0.000443284 7.10951e-05 0.000113317 -0.000297092 -0.000357401 -0.000216799 6.93536e-05 0.000255689 -0.000131341 0.000286835 -0.000312235 -0.000183922 -0.000306458 -0.000465006 0.000160857 0.000788939
internal_weight=47776 38286 9490 32914 29528 3386 5372 4046 26544 6882 3749 1132 2617 2317 2165 1863 556 681
internal_count=47776 38286 9490 32914 29528 3386 5372 4046 26544 6882 3749 1132 2617 2317 2165 1863 556 681
cat_boundaries=0 1 2 3 4 5
cat_threshold=2146 408 520 148 1036
is_linear=0
shrinkage=0.023


Tree=156
num_leaves=19
num_cat=10
split_feature=1 1 0 5 0 2 2 0 2 2 2 0 2 1 0 1 0 2
split_gain=1.20576 0.881257 1.02601 0.971471 0.835093 0.730072 1.18571 0.647314 0.478663 0.587087 0.888536 0.631397 0.623623 0.529956 0.822171 0.476065 0.445448 0.425691
threshold=0 1 2 1.5000000000000002 3 388.79686210529559 596.43709440271607 4 69.231234826339175 322.7797924025482 426.31449396009759 5 470.91480201231047 6 7 8 9 861.51996794558056
decision_type=9 9 9 2 9 2 2 9 2 2 2 9 2 9 9 9 9 2
left_child=-1 3 -3 4 5 -2 -7 -5 -6 15 13 -12 -13 16 -15 -10 -11 -8
right_child=1 2 -4 7 8 6 17 -9 9 10 11 12 -14 14 -16 -17 -18 -19
leaf_value=0.1182919067406043 0.074430793140069881 -0.045984733633510251 0.010013011486857419 0.031286486016235494 -0.016440043144559147 -0.11524844953918686 -0.0052367131649534385 -0.027235492804643494 -0.044393731429855296 0.028763136753359439 0.013641099062098299 0.027763887133578309 -0.010421037380039404 -0.0084241998251880015 -0.040307463998784036 0.0087056181460602629 -0.035880443310373926 0.040384237577165097
leaf_weight=106 68 1433 567 303 5947 181 935 4295 301 521 7136 1217 8425 2106 2601 8570 530 2730
leaf_count=106 68 1433 567 303 5947 181 935 4295 301 521 7136 1217 8425 2106 2601 8570 530 2730
internal_value=-7.21462e-05 -7.77963e-05 -0.000549193 -5.71231e-05 -2.18021e-05 0.00029739 0.000256299 -0.000374244 -5.53138e-05 -1.9501e-05 -8.18907e-05 2.71484e-06 -0.000118619 -0.00032841 -0.000432137 0.000138993 0.000138926 0.000346078
internal_weight=47972 47866 2000 45866 41268 3914 3846 4598 37354 31407 22536 16778 9642 5758 4707 8871 1051 3665
internal_count=47972 47866 2000 45866 41268 3914 3846 4598 37354 31407 22536 16778 9642 5758 4707 8871 1051 3665
cat_boundaries=0 1 2 3 4 5 6 7 8 9 10
cat_threshold=64 2736292 62952658 21004326 8482816 8786064 32896 263424 16416 33554432
is_linear=0
shrinkage=0.023


Tree=157
num_leaves=19
num_cat=8
split_feature=5 3 0 0 1 2 1 3 2 0 2 2 1 0 3 3 3 1
split_gain=1.17612 1.25019 1.28805 0.971867 0.945037 0.874358 1.15821 0.839073 0.769269 0.713353 0.709765 0.811758 0.671929 0.640758 0.62682 0.770556 0.586511 0.891734
threshold=1.5000000000000002 36.32500000000001 0 1 2 252.19998733135623 3 66.285000000000011 782.83503347350154 4 310.86100306969195 451.24827217382114 5 6 10.075000000000001 10.965000000000002 39.015000000000008 7
decision_type=2 2 9 9 9 2 9 2 2 9 2 2 9 9 2 2 2 9
left_child=1 3 -3 8 7 6 -5 -2 14 -6 -7 13 -13 -12 -1 -16 17 -4
right_child=4 2 16 5 9 10 -8 -9 -10 -11 11 12 -14 -15 15 -17 -18 -19
leaf_value=-0.021817311640480105 -0.043371379789511347 0.093225730315529623 0.17667284495805716 -0.061318328611186808 0.029855827543616337 0.056332424111853345 0.0042792294141833784 0.014376520880089663 -0.021039816733756968 -0.069968768796673589 -0.0011556145608114866 -0.046254672847908893 0.015933676052199357 -0.030794277135360371 0.050146978247812175 -0.0061045618093993692 -0.0036088862971405621 0.014704283210988368
leaf_weight=4751 3686 723 135 733 337 450 310 596 3370 240 2253 479 9791 1107 501 16039 2067 373
leaf_count=4751 3686 723 135 733 337 450 310 596 3370 240 2253 479 9791 1107 501 16039 2067 373
internal_value=-9.77205e-05 -5.9461e-05 0.000370849 -9.51346e-05 -0.000436928 5.00488e-05 -0.000592406 -0.000553964 -0.000184111 0.000433586 9.76837e-05 6.80039e-05 0.00016953 -0.000242305 -0.000133076 -6.61896e-05 0.000126779 0.00082728
internal_weight=47941 43082 3298 39784 4859 15123 1043 4282 24661 577 14080 13630 10270 3360 21291 16540 2575 508
internal_count=47941 43082 3298 39784 4859 15123 1043 4282 24661 577 14080 13630 10270 3360 21291 16540 2575 508
cat_boundaries=0 1 2 3 4 5 6 7 8
cat_threshold=109574 34697037 2658464 2981888 37749824 528402 4456576 540816
is_linear=0
shrinkage=0.023


Tree=158
num_leaves=19
num_cat=3
split_feature=6 2 4 1 2 5 4 2 1 2 1 4 2 2 4 4 4 2
split_gain=1.21903 1.00567 1.01441 0.838295 0.753159 0.817673 0.6363 0.617611 0.609427 0.486819 0.461861 0.477402 0.449476 0.608011 0.686825 0.352995 0.347025 0.434002
threshold=1.5000000000000002 1002.2101072277674 56.980000000000011 0 25.312129971147446 2.5000000000000004 229.84000000000003 1071.2884618560711 1 1713.5368147557442 2 183.70000000000002 2211.6728059599359 1645.1738329028296 99.895000000000024 18.925000000000001 17.995000000000001 109.87277948764624
decision_type=2 2 2 9 2 2 2 2 9 2 9 2 2 2 2 2 2 2
left_child=1 4 7 10 -1 8 -5 -3 -6 -8 -4 12 13 14 -12 -9 17 -10
right_child=-2 2 3 6 5 -7 9 15 16 -11 11 -13 -14 -15 -16 -17 -18 -19
leaf_value=-0.02023873969616824 -0.064316743003489441 -0.035928918930232548 0.029864948040953448 -0.036916264400378013 -0.042589139973655751 -0.043173289125019484 -0.032988092363820047 -0.03039379398061761 -0.01976841452634099 0.12514797579701512 -0.029488828490198408 -0.040150455007539887 -0.032843180281286667 0.20030068857750516 0.16342644917988897 -0.00089835547458222973 -0.0022964711787622689 0.025391961047475965
leaf_weight=3619 592 156 4234 514 835 779 158 259 300 92 126 121 65 114 131 1726 33088 1135
leaf_count=3619 592 156 4234 514 835 779 158 259 300 92 126 121 65 114 131 1726 33088 1135
internal_value=-6.12571e-05 -4.83141e-05 0.000192339 0.000356269 -9.49008e-05 -6.32193e-05 -0.000349357 -0.000232983 -4.69774e-05 0.000597475 0.000468554 0.00108954 0.00146367 0.00177262 0.00115081 -0.000123386 -3.20152e-05 0.000318105
internal_weight=48044 47452 7696 5555 39756 36137 764 2141 35358 250 4791 557 436 371 257 1985 34523 1435
internal_count=48044 47452 7696 5555 39756 36137 764 2141 35358 250 4791 557 436 371 257 1985 34523 1435
cat_boundaries=0 1 2 3
cat_threshold=2408916 262920 2408464
is_linear=0
shrinkage=0.023


Tree=159
num_leaves=19
num_cat=4
split_feature=7 7 3 5 5 4 4 3 7 4 3 3 4 4 4 3 4 7
split_gain=2.78809 0.702941 0.932485 0.930295 0.912753 0.669467 0.6144 0.928799 1.52885 0.951909 0.857926 0.987429 1.23636 1.08903 0.75524 1.65354 0.726638 0.605534
threshold=0 1 19.435000000000006 2.5000000000000004 1.5000000000000002 19.050000000000004 94.925000000000026 8.7250000000000032 2 98.100000000000009 8.3050000000000015 8.7250000000000032 22.995000000000001 49.995000000000012 144.92000000000004 7.8750000000000009 69.00500000000001 3
decision_type=1 1 2 2 2 2 2 2 1 2 2 2 2 2 2 2 2 1
left_child=-1 5 4 -4 6 -2 10 8 -8 -9 16 12 -12 -14 15 -10 -3 -5
right_child=1 2 3 17 -6 -7 7 9 14 -11 11 -13 13 -15 -16 -17 -18 -19
leaf_value=-0.02034927327706948 0.048705892216940765 -0.051556770477457985 0.012331527737697617 0.00039010684613761915 -0.090229954362767373 0.012659020719423156 -0.081414080420978099 0.12774103602850878 0.10834141265779343 -0.0024559679409505725 0.014772743590743249 -0.010700182447592885 -0.016544782257489062 0.098371468578047072 0.12346660294161571 -0.06629855087948304 0.013690602199082002 -0.086908047333406152
leaf_weight=12542 447 1353 8555 254 285 9141 108 117 105 5025 75 9136 135 61 89 80 176 305
leaf_count=12542 447 1353 8555 254 285 9141 108 117 105 5025 75 9136 135 61 89 80 176 305
internal_value=-7.33332e-05 3.09875e-05 -3.13931e-05 0.000155803 -0.0001333 0.000199083 -0.000110946 8.67676e-05 0.00118063 5.45739e-06 -0.000210814 -0.000128676 0.00123896 0.000276629 0.0020506 0.00128523 -0.00071607 -0.000753066
internal_weight=47989 35447 25859 9114 16745 9588 16460 5524 382 5142 10936 9407 271 196 274 185 1529 559
internal_count=47989 35447 25859 9114 16745 9588 16460 5524 382 5142 10936 9407 271 196 274 185 1529 559
cat_boundaries=0 1 2 3 4
cat_threshold=3170 520 1 272
is_linear=0
shrinkage=0.023


Tree=160
num_leaves=19
num_cat=5
split_feature=1 3 6 3 3 2 0 1 3 2 1 3 3 0 3 3 3 3
split_gain=1.28961 1.03891 0.941299 0.848208 1.08647 1.51161 0.735729 0.768013 0.57097 0.559732 0.55361 0.644631 0.717723 0.89408 0.596615 0.459906 0.45465 0.653362
threshold=0 27.135000000000002 1.5000000000000002 8.3050000000000015 8.7250000000000032 7.9257108149767701 1 2 9.2750000000000004 291.47310840931254 3 53.320000000000007 16.795000000000005 4 70.690000000000012 7.3950000000000014 36.32500000000001 37.525000000000013
decision_type=9 2 2 2 2 2 9 9 2 2 9 2 2 9 2 2 2 2
left_child=1 -1 3 9 5 -5 10 -8 -9 15 11 12 -6 -14 -13 -2 -10 -18
right_child=2 -3 -4 4 6 -7 7 8 16 -11 -12 14 13 -15 -16 -17 17 -19
leaf_value=0.16576680477060785 -0.054591618408638236 -0.0051517529412561831 -0.056421081208349211 0.14662364639082109 0.10558600915302889 0.0085592107152047837 -0.048952930734487851 -0.046319745894877098 -0.006137972766067425 0.023831099810728743 0.0048452409292072699 0.3336906676093363 -0.018773252413722952 0.08602792364293918 0.066869388736129395 -0.0235155662150325 0.056558091778966091 0.0040359320182228372
leaf_weight=64 507 61 581 66 172 569 744 676 32656 197 4618 63 663 254 61 2181 269 3465
leaf_count=64 507 61 581 66 172 569 744 676 32656 197 4618 63 663 254 61 2181 269 3465
internal_value=-7.44907e-05 0.00216869 -8.08111e-05 -6.94902e-05 -4.45904e-05 0.000899768 -5.83358e-05 -9.54166e-05 -8.06069e-05 -0.000451594 0.000181954 0.000617298 0.000443226 0.000187317 0.00219224 -0.000538333 -6.83227e-05 0.00017209
internal_weight=47867 125 47742 47161 44276 635 43641 37810 37066 2885 5831 1213 1089 917 124 2688 36390 3734
internal_count=47867 125 47742 47161 44276 635 43641 37810 37066 2885 5831 1213 1089 917 124 2688 36390 3734
cat_boundaries=0 1 2 3 4 5
cat_threshold=68 25219130 4874 49288 25198608
is_linear=0
shrinkage=0.023


Tree=161
num_leaves=19
num_cat=14
split_feature=7 0 0 1 0 1 7 0 0 0 3 1 0 7 3 1 3 3
split_gain=2.54628 2.92305 1.47618 1.21414 1.20535 0.78323 0.803436 1.07584 1.03548 0.776986 0.900255 0.802974 0.704273 0.637048 0.631854 0.759247 0.621601 0.60482
threshold=0 1 2 3 4 5 6 7 8 9 36.32500000000001 10 11 12 31.025000000000002 13 61.245000000000012 15.235000000000001
decision_type=1 9 9 9 9 9 1 9 9 9 2 9 9 1 2 9 2 2
left_child=1 4 9 -3 -1 12 7 -7 -8 10 11 13 -4 -2 17 16 -16 -10
right_child=2 3 5 -5 -6 6 8 -9 14 -11 -12 -13 -14 -15 15 -17 -18 -19
leaf_value=0.2059703519581727 -0.0098395918488361385 0.0058457663427315815 -0.032053264244762521 -0.030157848913712263 0.01146336897174048 -0.018314670148595582 0.002901114261599739 0.021290786623778906 0.12828696009880175 -0.022359094539033363 0.02031628676196252 -0.0022007102068994752 0.055291226305960568 -0.07545671928160376 0.17254297872198041 0.0065532206922652523 0.01598430861657401 0.03506367218224142
leaf_weight=138 328 1199 875 6410 1819 2604 2498 1730 878 2095 1855 21310 315 333 553 306 162 2651
leaf_count=138 328 1199 875 6410 1819 2604 2498 1730 878 2095 1855 21310 315 333 553 306 162 2651
internal_value=-3.65195e-05 -0.000372132 4.69704e-05 -0.000575994 0.000419379 0.000251384 0.000310147 6.32156e-05 0.000461681 -5.22326e-05 -1.48012e-05 -5.58893e-05 -0.000308526 -0.000839173 0.00066828 0.00117363 0.00157463 0.000523904
internal_weight=48059 9566 38493 7609 1957 12572 11382 4334 7048 25921 23826 21971 1190 661 4550 1021 715 3529
internal_count=48059 9566 38493 7609 1957 12572 11382 4334 7048 25921 23826 21971 1190 661 4550 1021 715 3529
cat_boundaries=0 1 2 3 4 5 6 7 8 9 10 11 12 13 14
cat_threshold=2146 71877074 106466635 16528 540674 295450 1281 8655392 16924820 37750018 266506 25493648 141 2621440
is_linear=0
shrinkage=0.023


Tree=162
num_leaves=19
num_cat=6
split_feature=0 1 0 3 3 6 1 4 3 1 4 0 3 4 4 4 3 6
split_gain=0.968809 0.994335 0.931704 0.666791 0.515907 0.481171 0.496621 0.594302 0.589877 0.867269 0.619075 0.851073 0.792668 1.01844 0.594167 0.573826 0.509932 0.469932
threshold=0 1 2 7.3950000000000014 48.765000000000008 1.5000000000000002 3 49.995000000000012 36.32500000000001 4 126.79500000000002 5 47.565000000000005 205.40000000000003 102.05500000000002 30.985000000000003 42.835000000000008 1.5000000000000002
decision_type=9 9 9 2 2 2 9 2 2 9 2 9 2 2 2 2 2 2
left_child=3 17 4 -1 -3 6 8 15 -5 16 14 12 -12 -14 -11 -8 -10 -2
right_child=1 2 -4 5 -6 -7 7 -9 9 10 11 -13 13 -15 -16 -17 -18 -19
leaf_value=-0.039971708481186953 0.011429573636962937 0.037486872623292644 -0.022464025911297175 -0.007923428236118378 0.2623678447167771 -0.048056987493011266 -0.064352464901731882 -0.037131156521774067 0.015482604539444526 0.013253474827739059 0.17050233534812473 0.0082713225325216997 0.10184863539365079 0.0071783558913169915 -0.09332862196828301 0.078900335473594485 -0.079250589006054889 -0.072674004910955367
leaf_weight=613 15530 251 3808 24103 80 358 108 873 99 315 111 926 73 183 164 122 209 164
leaf_count=613 15530 251 3808 24103 80 358 108 873 99 315 111 926 73 183 164 122 209 164
internal_value=-6.98743e-05 5.33533e-05 -0.000263357 -0.000156329 0.000890423 -0.000139742 -0.000128746 -0.000604741 -0.000108417 0.000263146 0.000458395 0.000722608 0.00164443 0.000983843 -0.000245252 0.00042959 -0.000847086 0.000136997
internal_weight=48090 19833 4139 28257 331 27644 27286 1103 26183 2080 1772 1293 367 256 479 230 308 15694
internal_count=48090 19833 4139 28257 331 27644 27286 1103 26183 2080 1772 1293 367 256 479 230 308 15694
cat_boundaries=0 1 2 3 4 5 6
cat_threshold=101785345 2097406 57376 2670804 49168 67113984
is_linear=0
shrinkage=0.023


Tree=163
num_leaves=19
num_cat=8
split_feature=7 7 1 2 2 1 4 7 4 4 4 2 7 4 4 2 1 7
split_gain=3.24471 1.33077 1.15726 0.930736 0.770509 0.975249 0.719668 0.695709 0.692941 0.844779 0.639786 0.615226 0.522243 0.512867 0.494799 0.490225 0.539272 0.676264
threshold=0 1 2 2708.4056416768913 22.623568090482348 3 149.90500000000003 4 251.95000000000002 229.84000000000003 205.40000000000003 61.972152299568656 5 177.99500000000003 12.915000000000001 782.83503347350154 6 7
decision_type=1 1 9 2 2 9 2 1 2 2 2 2 1 2 2 2 9 1
left_child=2 -2 -1 4 7 6 15 -4 9 10 11 13 -11 -8 -9 -6 17 -17
right_child=1 -3 3 -5 5 -7 8 14 -10 12 -12 -13 -14 -15 -16 16 -18 -19
leaf_value=0.1489639840542579 -0.032866513571000303 -0.012931581365633105 -0.051014075812223204 0.17153097396828768 0.011214193827760885 -0.011755021060756328 0.10273415863828234 0.0033510612295428038 0.0056818120288470121 0.033956290007517306 -0.022938993603865365 0.037354285651867707 0.077649142179349859 0.012201887808133716 -0.0085234747289369139 0.1038084462717878 -0.012200206961894135 -0.05940063374061242
leaf_weight=102 2622 15559 699 100 12620 5998 87 63 2103 158 466 1974 292 63 1302 116 3558 110
leaf_count=102 2622 15559 699 100 12620 5998 87 63 2103 158 466 1974 292 63 1302 116 3558 110
internal_value=-5.66844e-05 -0.000298752 9.10173e-05 8.21821e-05 7.47196e-05 0.000106838 0.000178999 -0.000353876 0.000416469 0.000638507 0.000478609 0.000647918 0.00155813 0.00206697 -4.76645e-05 0.000104652 -0.00012496 0.000940564
internal_weight=47992 18181 29811 29709 29609 27545 21547 2064 5143 3040 2590 2124 450 150 1365 16404 3784 226
internal_count=47992 18181 29811 29709 29609 27545 21547 2064 5143 3040 2590 2124 450 150 1365 16404 3784 226
cat_boundaries=0 1 2 3 4 5 6 7 8
cat_threshold=924 2 68 2654208 260 132 32768 388
is_linear=0
shrinkage=0.023


Tree=164
num_leaves=19
num_cat=12
split_feature=7 1 3 3 0 7 0 0 1 0 3 0 1 6 3 1 3 7
split_gain=2.41642 1.68688 1.58992 1.29831 1.22774 1.20593 2.90728 1.38009 0.830419 0.920184 0.820845 0.754385 0.795912 0.676587 0.649728 1.04333 0.635494 0.553321
threshold=0 1 24.845000000000002 8.3050000000000015 2 3 4 5 6 7 8.6450000000000014 8 9 1.5000000000000002 21.355000000000004 10 37.980000000000011 11
decision_type=1 9 2 2 9 1 9 9 9 9 2 9 9 2 2 9 2 1
left_child=4 2 -2 -3 -1 6 10 -7 9 -8 -5 12 -9 14 15 -14 -10 -16
right_child=1 3 -4 5 -6 7 8 11 16 -11 -12 -13 13 -15 17 -17 -18 -19
leaf_value=-0.031522862553222765 0.15595162631517456 -0.028994790770281973 0.013862541644956554 0.067236901557225628 0.0060134303111316267 -0.033797002620097216 0.160080618656783 -0.039898993573580378 0.048843802794465187 -0.0067513996130419453 -0.0032568325015116515 0.023062745061012527 -0.010345198259331563 -0.080289050921361446 0.026563348018349416 0.024440161292069613 0.11819623926273855 0.00044981418029226797
leaf_weight=3927 62 2667 82 72 1154 4349 106 538 4612 1737 15287 2104 6881 164 1032 1164 664 1488
leaf_count=3927 62 2667 82 72 1154 4349 106 538 4612 1737 15287 2104 6881 164 1032 1164 664 1488
internal_value=-6.50916e-05 -8.98678e-06 0.00239217 -1.76215e-05 -0.000538902 1.49799e-05 0.000126802 -0.000126868 0.000510669 8.84898e-05 -5.13442e-05 -1.09827e-05 -8.572e-05 -4.19978e-05 -1.92654e-05 -0.000120214 0.000657688 0.00030299
internal_weight=48090 43009 144 42865 5081 40198 22478 17720 7119 1843 15359 13371 11267 10729 10565 8045 5276 2520
internal_count=48090 43009 144 42865 5081 40198 22478 17720 7119 1843 15359 13371 11267 10729 10565 8045 5276 2520
cat_boundaries=0 1 2 3 4 5 6 7 8 9 10 11 12
cat_threshold=34 68 50801712 668 101336537 71664164 311938 1049120 43127873 266282 2097280 320
is_linear=0
shrinkage=0.023


Tree=165
num_leaves=19
num_cat=4
split_feature=7 7 3 2 2 7 2 2 4 7 2 3 4 3 3 2 4 4
split_gain=2.63327 1.21394 1.45998 0.85535 0.676509 0.638249 0.698569 0.728174 0.575552 0.535685 0.447658 0.423684 0.50665 0.681263 0.766089 0.507836 0.479143 0.479753
threshold=0 1 18.505000000000006 509.25607330056141 28.785819805096057 2 9.1394639998198901 15.809004416954538 449.30500000000006 3 142.16488492978843 7.3950000000000014 40.940000000000005 8.3050000000000015 11.815000000000003 17.844053639690596 112.94000000000001 149.99500000000003
decision_type=1 1 2 2 2 1 2 2 2 1 2 2 2 2 2 2 2 2
left_child=3 -2 4 -1 5 6 -3 -8 -5 -4 -11 -7 13 -13 15 -15 -14 -18
right_child=1 2 9 8 -6 11 7 -9 -10 10 -12 12 16 14 -16 -17 17 -19
leaf_value=-0.029168491912638855 0.018342363241624419 0.12981670536584539 0.012831177799184872 -0.011716226472251803 -0.0091600352600472185 -0.076505969585629705 -0.048060845231726185 0.0099549042215192826 0.048141776356460705 0.054528830180700448 -0.0060249232873835143 -0.057899798901298351 -0.060537947883908497 0.022982174910383884 -0.10640087091640422 -0.006410336408053767 0.030270414721273078 -0.058479411503049923
leaf_weight=3892 9577 80 7820 2869 16773 270 111 182 138 335 4288 281 747 153 69 82 164 279
leaf_count=3892 9577 80 7820 2869 16773 270 111 182 138 335 4288 281 747 153 69 82 164 279
internal_value=-6.35348e-05 6.1438e-06 -6.25505e-05 -0.000479059 -0.000188386 -0.000548031 0.000325897 -0.000185901 -0.000188376 0.000131477 -6.48808e-05 -0.000705593 -0.000579787 -2.55453e-05 0.000728815 0.00135426 -0.000852195 -0.000252718
internal_weight=48110 41211 31634 6899 19191 2418 373 293 3007 12443 4623 2045 1775 585 304 235 1190 443
internal_count=48110 41211 31634 6899 19191 2418 373 293 3007 12443 4623 2045 1775 585 304 235 1190 443
cat_boundaries=0 1 2 3 4
cat_threshold=98 520 3072 404
is_linear=0
shrinkage=0.023


Tree=166
num_leaves=19
num_cat=3
split_feature=7 2 2 3 7 2 2 3 2 3 2 4 3 2 2 2 3 7
split_gain=1.99944 1.37416 0.945567 0.704357 0.790195 0.859801 0.789347 0.75527 0.699623 0.606533 0.602349 0.757375 0.50053 0.488922 0.488214 0.486847 0.430903 0.619155
threshold=0 549.06514742292518 55.379492833299132 7.3950000000000014 1 470.91480201231047 93.757345162677424 11.815000000000003 470.91480201231047 84.070000000000007 2002.5078124158092 13.995000000000003 7.3950000000000014 474.27523956213275 152.07363699588313 517.3686356230312 15.105000000000002 2
decision_type=1 2 2 2 1 2 2 2 2 2 2 2 2 2 2 2 2 1
left_child=1 9 12 6 7 -6 -4 14 -8 -1 11 15 -2 -7 -5 -9 17 -3
right_child=2 16 3 4 5 13 8 10 -10 -11 -12 -13 -14 -15 -16 -17 -18 -19
leaf_value=-0.024786273415698983 -0.076953499659924318 0.042781235132396615 -0.038148796549872917 -0.011061071674141061 0.0065471945238097119 -0.099027888693579591 0.078991998170953481 0.13251401208731789 0.0040047951352724011 0.021867921972881156 0.063969540771417324 0.010803073128299681 -0.013641678861889214 -0.011101865835367961 -0.088053687934931554 0.029764978089503624 -0.0041691413336932817 -0.0010720833906051762
leaf_weight=9113 210 231 68 585 6934 76 84 121 70 94 883 11903 3809 7927 201 97 5461 326
leaf_count=9113 210 231 68 585 6934 76 84 121 70 94 883 11903 3809 7927 201 97 5461 326
internal_value=-8.89437e-05 -0.000306838 1.17732e-05 5.7673e-05 4.76944e-05 -6.82121e-05 0.00134758 0.000173165 0.00225794 -0.000483695 0.00021514 0.000172882 -0.0003188 -0.000230683 -0.000518964 0.00151563 -3.67644e-05 0.000572503
internal_weight=48193 15225 32968 28949 28727 14937 222 13790 154 9207 13004 12121 4019 8003 786 218 6018 557
internal_count=48193 15225 32968 28949 28727 14937 222 13790 154 9207 13004 12121 4019 8003 786 218 6018 557
cat_boundaries=0 1 2 3
cat_threshold=2147 648 2049
is_linear=0
shrinkage=0.023


Tree=167
num_leaves=19
num_cat=6
split_feature=7 1 3 3 4 5 1 3 3 4 4 7 7 5 3 3 3 7
split_gain=2.06003 0.927044 0.888516 0.796158 0.697013 0.692298 0.692671 0.755481 0.977557 0.818959 0.691465 0.655082 0.653142 0.563164 0.553033 0.690662 0.548911 0.543105
threshold=0 1 8.2750000000000004 15.565000000000003 1798.5000000000002 1.5000000000000002 2 14.685 14.515000000000002 251.95000000000002 11.995000000000003 3 4 2.5000000000000004 13.505000000000001 13.905000000000003 14.265000000000002 5
decision_type=1 9 2 2 2 2 9 2 2 2 2 1 1 2 2 2 2 1
left_child=2 3 -1 -2 11 6 7 8 9 10 -4 -3 -5 -13 17 -16 -8 -12
right_child=1 4 5 12 -6 -7 16 -9 -10 -11 14 13 -14 -15 15 -17 -18 -19
leaf_value=-0.02944352439107845 -0.030708259417795349 -0.023914964480642762 0.024229636573725313 0.059473635462952035 0.1270601613936243 -0.022480582469205399 0.070940127145389859 0.01853063858347764 -0.095156591294429688 -0.044875224346845814 0.0083432689140696126 -0.010957575163808419 0.0016201564086378627 -0.035896937164092882 0.063128620999462481 0.0095211190695342618 -0.044055405942863807 -0.021732983478249229
leaf_weight=1249 604 4529 103 661 67 2639 63 14990 460 238 1774 14293 728 331 463 1211 856 2658
leaf_count=1249 604 4529 103 661 67 2639 63 14990 460 238 1774 14293 728 331 463 1211 856 2658
internal_value=-7.70529e-05 -0.000246188 5.73753e-05 0.000225383 -0.000295181 8.67863e-05 0.00012758 0.000153567 -4.53852e-05 2.77195e-05 7.84919e-05 -0.000303536 0.000529629 -0.000228141 4.69331e-05 0.000403066 -0.00048786 -8.75943e-05
internal_weight=47917 21213 26704 1993 19220 25455 22816 21897 6907 6447 6209 19153 1389 14624 6106 1674 919 4432
internal_count=47917 21213 26704 1993 19220 25455 22816 21897 6907 6447 6209 19153 1389 14624 6106 1674 919 4432
cat_boundaries=0 1 2 3 4 5 6
cat_threshold=1692 66498 2670796 34 352 136
is_linear=0
shrinkage=0.023


Tree=168
num_leaves=19
num_cat=1
split_feature=0 3 4 2 4 3 2 2 2 2 4 3 4 4 3 2 2 3
split_gain=1.48496 0.86083 1.10908 0.753714 0.831583 0.77322 0.746327 0.548601 0.54556 0.939753 0.490136 0.560265 0.466103 0.672749 0.458322 0.955503 0.483379 0.440365
threshold=0 7.8750000000000009 74.995000000000019 438.59450006655169 16.185000000000006 17.275000000000002 322.7797924025482 1519.3943877340305 90.768138215006061 340.34683742271869 14.925000000000002 16.395000000000003 34.910000000000004 29.895000000000003 63.210000000000008 195.15571628594887 407.07228143990045 38.285000000000004
decision_type=9 2 2 2 2 2 2 2 2 2 2 2 2 2 2 2 2 2
left_child=1 2 -1 4 6 7 -2 -5 -6 12 11 -3 13 -10 -12 -16 -17 -7
right_child=3 10 -4 5 8 17 -8 -9 9 -11 14 -13 -14 -15 15 16 -18 -19
leaf_value=-0.03645278766175418 0.073570012568098128 0.048262141451375584 0.023605931119908965 0.030919894484752949 -0.041590955219983093 -0.00083532192373509382 0.032474330338257085 0.067832381928992505 0.0098370129020000641 -0.026761362453293629 -0.010124256258234767 -0.072555596043267542 0.0098955206904681701 0.06153626885516969 0.11924648448831816 -0.075669355364560736 0.022047966109203319 0.027633104363573181
leaf_weight=1790 69 501 248 3227 543 6829 127 64 211 2669 27240 108 1757 78 115 145 495 1913
leaf_count=1790 69 501 248 3227 543 6829 127 64 211 2669 27240 108 1757 78 115 145 495 1913
internal_value=-8.34421e-05 -0.000179919 -0.000636663 8.56662e-05 -0.000138567 0.000187373 0.00133157 0.000487853 -0.000193422 -0.000113897 -0.000147435 0.000497965 0.000256952 0.00111254 -0.000161479 0.000397434 5.02958e-05 7.42449e-05
internal_weight=48129 30642 2038 17487 5454 12033 196 3291 5258 4715 28604 609 2046 289 27995 755 640 8742
internal_count=48129 30642 2038 17487 5454 12033 196 3291 5258 4715 28604 609 2046 289 27995 755 640 8742
cat_boundaries=0 1
cat_threshold=105977417
is_linear=0
shrinkage=0.023


Tree=169
num_leaves=19
num_cat=6
split_feature=7 0 0 3 7 3 3 2 3 2 7 4 0 2 2 3 2 3
split_gain=2.54806 1.54271 1.43402 1.01214 0.869589 0.661185 0.683975 0.596728 0.728225 0.607295 1.15381 0.815998 0.571501 0.71079 0.510845 0.686476 0.607005 0.600042
threshold=0 1 2 14.525 3 47.565000000000005 54.565000000000005 35.251433531459114 20.805000000000003 7.9257108149767701 4 39.050000000000004 5 195.15571628594887 211.26002073704612 11.735000000000001 310.86100306969195 20.075000000000003
decision_type=1 9 9 2 1 2 2 2 2 2 1 2 9 2 2 2 2 2
left_child=1 3 4 -1 12 -5 -7 8 9 10 -6 -12 13 -2 17 16 -16 -9
right_child=2 -3 -4 5 7 6 -8 14 -10 -11 11 -13 -14 -15 15 -17 -18 -19
leaf_value=-0.040732988626571626 0.053393729755385616 0.00088467062942078204 0.0036253923524023983 0.069400718145245302 -0.053389428753059104 0.10980319900221372 0.12856862248667855 -0.0037771181343387705 0.037453086161807002 -0.036365941728597029 0.16306761430841943 0.016293433726231318 -0.016587603724006687 -0.079487124130165732 0.087737628026701805 -0.016349028115073435 0.0026130584227359917 0.03277372820102397
leaf_weight=372 69 12416 6930 3025 140 62 243 3226 227 1736 72 111 4632 1117 87 12785 272 610
leaf_count=372 69 12416 6930 3025 140 62 243 3226 227 1736 72 111 4632 1117 87 12785 272 610
internal_value=-9.69457e-05 0.000138871 -0.000215648 0.000550307 -0.000296557 0.000678905 0.00169927 -0.000221859 -0.000570819 -0.000707126 0.000208496 0.00137248 -0.000543091 -0.000994816 -0.000175003 -0.000243154 0.000748483 5.85165e-05
internal_weight=48132 16118 32014 3702 25084 3330 305 19266 2286 2059 323 183 5818 1186 16980 13144 359 3836
internal_count=48132 16118 32014 3702 25084 3330 305 19266 2286 2059 323 183 5818 1186 16980 13144 359 3836
cat_boundaries=0 1 2 3 4 5 6
cat_threshold=152 5582890 43339489 2082 260 327712
is_linear=0
shrinkage=0.023


Tree=170
num_leaves=19
num_cat=5
split_feature=0 1 4 3 4 6 4 4 3 4 4 1 1 0 4 4 3 3
split_gain=1.28825 1.08905 0.715513 0.669853 0.694803 0.655679 0.608874 0.762481 1.04041 0.786442 0.656019 0.580191 0.578652 0.893501 0.646958 1.46345 1.49973 1.02467
threshold=0 1 730.93000000000018 7.7150000000000007 69.895000000000024 1.5000000000000002 174.91000000000003 49.910000000000004 16.245000000000001 59.895000000000003 160.16500000000005 2 3 4 139.90500000000003 143.10000000000002 8.6450000000000014 16.795000000000005
decision_type=9 9 2 2 2 2 2 2 2 2 2 9 9 9 2 2 2 2
left_child=2 -2 6 4 -3 12 7 -1 -9 -10 11 -11 14 -14 -5 17 -17 -16
right_child=1 3 -4 5 -6 -7 -8 8 9 10 -12 -13 13 -15 15 16 -18 -19
leaf_value=-0.01098762895379987 0.10007508349594886 -0.05830232720952392 0.14500630149438956 -0.0074967162341153725 0.0065846029307358861 -0.04593918743928662 -0.013813782771209218 0.14277506893209779 0.1327298374253825 0.11200304128698776 0.19647100540120377 0.0060727483988094926 0.020773622078911626 -0.040157564271120265 -0.010595317950135285 0.11399898829191828 0.00062805679927319569 0.073781140338034845
leaf_weight=945 104 580 94 30274 285 530 758 187 168 116 83 1269 481 1117 95 91 10859 168
leaf_count=945 104 580 94 30274 285 530 758 187 168 116 83 1269 481 1117 95 91 10859 168
internal_value=-6.69703e-05 -0.000100862 0.000349731 -0.000106598 -0.000740331 -9.40503e-05 0.000297821 0.000455976 0.00073079 0.000544842 0.000374086 0.00025487 -8.4157e-05 -0.00051228 -6.75242e-05 8.16979e-05 4.09587e-05 0.00177642
internal_weight=48204 44584 3620 44480 865 43615 3526 2768 1823 1636 1468 1385 43085 1598 41487 11213 10950 263
internal_count=48204 44584 3620 44480 865 43615 3526 2768 1823 1636 1468 1385 43085 1598 41487 11213 10950 263
cat_boundaries=0 1 2 3 4 5
cat_threshold=532758 65600 819200 2670744 510496
is_linear=0
shrinkage=0.023


Tree=171
num_leaves=19
num_cat=7
split_feature=7 0 0 5 0 3 5 3 3 3 3 7 0 3 3 0 3 3
split_gain=2.10124 2.12764 0.864217 0.746618 0.584233 0.949912 0.543108 0.542017 0.518367 0.466853 0.448331 0.42806 1.02063 0.716155 0.543275 0.502752 0.566609 0.402745
threshold=0 1 2 1.5000000000000002 3 28.205000000000005 2.5000000000000004 14.785000000000002 78.620000000000019 26.875000000000004 68.485000000000014 4 5 46.545000000000009 17.835000000000004 6 9.2750000000000004 20.805000000000003
decision_type=1 9 9 2 9 2 2 2 2 2 2 1 9 2 2 9 2 2
left_child=2 6 3 7 5 -3 11 -1 -6 -5 -8 12 -2 14 -14 16 -13 -4
right_child=1 4 17 9 8 -7 10 -9 -10 -11 -12 15 13 -15 -16 -17 -18 -19
leaf_value=-0.0036493600618169825 -0.032749596319801851 0.18325260609942487 -0.0035660235616434988 -0.086361161153809138 0.018831089346804546 0.060225812434957553 -0.065719866731626983 0.031815840839739616 -0.098376487001595445 -0.019954632994545654 -0.011876598137176285 -0.034459834156188002 0.006220241912363359 0.1668988420404198 -0.023711651841783296 -0.033112603884782224 -0.0078503275852337979 0.0063117022638857437
leaf_weight=1215 3143 64 14993 76 1944 79 239 6772 79 867 112 1091 686 67 435 821 9244 6049
leaf_count=1215 3143 64 14993 76 1944 79 239 6772 79 867 112 1091 686 67 435 821 9244 6049
internal_value=-3.39604e-05 -0.000230277 8.40157e-05 0.000273473 0.000444524 0.00182085 -0.00032279 0.000346042 0.000338572 -0.000338213 -0.00121738 -0.000302706 -0.000496903 7.83168e-05 -5.9283e-05 -0.000226658 -0.000182639 3.51852e-06
internal_weight=47976 18004 29972 8930 2166 143 15838 7987 2023 943 351 15487 4331 1188 1121 11156 10335 21042
internal_count=47976 18004 29972 8930 2166 143 15838 7987 2023 943 351 15487 4331 1188 1121 11156 10335 21042
cat_boundaries=0 1 2 3 4 5 6 7
cat_threshold=924 47650356 76945828 16777218 34 34013232 38143024
is_linear=0
shrinkage=0.023


Tree=172
num_leaves=19
num_cat=12
split_feature=5 7 0 0 1 4 0 0 7 0 4 0 4 1 4 0 7 4
split_gain=1.07348 1.10874 2.40058 1.08973 0.925886 1.04881 0.8821 0.879418 0.640853 0.577892 0.563285 0.527368 0.516156 0.515354 0.659664 0.949924 0.722884 0.554388
threshold=1.5000000000000002 0 1 2 3 213.13000000000002 4 5 6 7 8.9950000000000028 8 122.99500000000002 9 360.40000000000003 10 11 572.40000000000009
decision_type=2 1 9 9 9 2 9 9 1 9 2 9 2 9 2 9 1 2
left_child=1 2 -1 12 5 7 -2 -5 11 -7 -4 -8 -3 14 -12 16 -16 -17
right_child=6 3 10 4 -6 9 8 -9 -10 -11 13 -13 -14 -15 15 17 -18 -19
leaf_value=0.048786112282417124 -0.035528952418584399 -0.057487363322837978 0.070532482189862661 0.06008151489230102 -0.0086517248289043579 0.020569710444436898 0.14515395788541413 -0.004305650686436624 -0.014768787266995315 0.18014450726960335 -0.003849981801053086 0.0068913325749149048 -0.013592135536416279 -0.028357332647925729 0.15058059938124768 0.14147833913789021 -0.026678735893654527 0.047973149201925948
leaf_weight=4387 3847 1911 82 282 11496 139 102 1627 779 116 19575 131 980 1683 167 171 477 155
leaf_count=4387 3847 1911 82 282 11496 139 102 1627 779 116 19575 131 980 1683 167 171 477 155
internal_value=-7.9665e-05 -4.32465e-05 4.84598e-05 -0.000191083 -0.000104987 0.000330473 -0.000403795 0.000146851 0.000200701 0.00171675 -4.83278e-05 0.00123218 -0.000596083 -5.53777e-05 -2.3553e-05 0.000561832 3.65632e-05 0.00155012
internal_weight=48107 43248 26697 16551 13660 2164 4859 1909 1012 255 22310 233 2891 22228 20545 970 644 326
internal_count=48107 43248 26697 16551 13660 2164 4859 1909 1012 255 22310 233 2891 22228 20545 970 644 326
cat_boundaries=0 1 2 3 4 5 6 7 8 9 10 11 12
cat_threshold=669 18169891 1331746 17088 50835202 25209216 3080 37748736 8392848 2638026 46271168 12
is_linear=0
shrinkage=0.023


Tree=173
num_leaves=19
num_cat=6
split_feature=7 1 4 5 1 4 6 4 7 4 7 4 4 4 4 4 1 4
split_gain=2.22886 0.854671 0.815561 0.854369 0.760464 0.681303 0.901779 0.715651 0.815249 0.653605 0.789804 0.650556 0.599329 0.564165 0.818988 0.813819 0.796626 0.621381
threshold=0 1 129.99500000000003 1.5000000000000002 2 251.95000000000002 1.5000000000000002 349.99500000000006 3 220.48000000000005 4 499.01000000000005 186.99500000000003 119.99500000000002 122.99500000000002 112.94000000000001 5 124.99500000000002
decision_type=1 9 2 2 9 2 2 2 1 2 1 2 2 2 2 2 9 2
left_child=1 -1 3 13 -2 6 9 -7 -9 10 -4 -10 -12 15 -15 -3 -17 -16
right_child=4 2 5 -5 -6 7 -8 8 11 -11 12 -13 -14 14 17 16 -18 -19
leaf_value=-0.043268577714108941 0.095391375249686716 0.0019545385914794162 0.071690365030750491 -0.04413655748985798 -0.013584533940586231 -0.027802988439414655 -0.098157770088339258 0.28103006114355134 0.039477214584801197 0.07099800956946116 0.027812688702091116 -0.012181150371663016 -0.018911280103114207 -0.073212203110652893 0.17317831682653181 -0.097918449880794442 0.061272174151634974 -0.018980716918732463
leaf_weight=948 109 16816 770 1346 18410 1344 138 153 646 671 2844 886 1035 341 66 112 681 604
leaf_count=948 109 16816 770 1346 18410 1344 138 153 646 671 2844 886 1035 341 66 112 681 604
internal_value=-5.65392e-05 6.79655e-05 9.06892e-05 1.04372e-05 -0.000254102 0.000279587 0.000433098 2.96176e-06 0.000318683 0.000480733 0.000383843 0.000150926 0.000247729 5.08915e-05 -0.000477413 8.12291e-05 0.000801153 -1.02945e-05
internal_weight=47920 29401 28453 19966 18519 8487 5458 3029 1685 5320 4649 1532 3879 18620 1011 17609 793 670
internal_count=47920 29401 28453 19966 18519 8487 5458 3029 1685 5320 4649 1532 3879 18620 1011 17609 793 670
cat_boundaries=0 1 2 3 4 5 6
cat_threshold=669 269090 4672 4 8 524416
is_linear=0
shrinkage=0.023


Tree=174
num_leaves=19
num_cat=8
split_feature=0 1 5 1 1 0 6 4 4 0 0 4 4 4 1 4 4 4
split_gain=1.0078 1.1405 0.704706 0.620831 0.581538 0.622672 0.617155 0.518522 0.504527 0.56914 0.523805 1.18921 0.42857 0.417376 0.414852 0.412324 0.401779 0.557503
threshold=0 1 1.5000000000000002 2 3 4 1.5000000000000002 159.90500000000003 48.020000000000003 5 6 58.995000000000012 34.910000000000004 179.99500000000003 7 248.99500000000003 69.995000000000019 183.70000000000002
decision_type=9 9 2 9 9 9 2 2 2 9 9 2 2 2 9 2 2 2
left_child=1 -1 16 7 5 -2 8 -4 9 12 11 -10 -6 -5 -13 -15 -3 -18
right_child=4 2 3 13 6 -7 -8 -9 10 -11 -12 14 -14 15 -16 -17 17 -19
leaf_value=-0.033315429660416736 0.2144349105133479 -0.0090394506202281528 0.045874738273819542 -0.038023863422356773 0.01927861610233857 -0.038369980896811422 -0.062791525256642902 -0.014990195133930123 0.16348248677447627 -0.037728601019225476 0.012707944068443533 0.037611008423272092 -0.021188414380867115 0.0058822660219960774 -0.029352700402149934 -0.022036163035986229 0.002873963148332874 -0.013486226303435739
leaf_weight=1177 113 12820 121 1927 1879 905 172 144 62 942 11198 432 1018 331 182 538 9949 4000
leaf_count=1177 113 12820 121 1927 1879 905 172 144 62 942 11198 432 1018 331 182 538 9949 4000
internal_value=-7.38813e-05 -0.000151737 -0.000123862 -0.000454482 6.89875e-05 -0.000461243 0.000103242 0.000597523 0.000118314 -0.000110889 0.000192419 0.00080977 4.96047e-05 -0.000554382 0.000514507 -0.000137859 -8.60994e-05 -6.7542e-07
internal_weight=47910 31007 29830 3061 16903 1018 15885 265 15713 3839 11874 676 2897 2796 614 869 26769 13949
internal_count=47910 31007 29830 3061 16903 1018 15885 265 15713 3839 11874 676 2897 2796 614 869 26769 13949
cat_boundaries=0 1 2 3 4 5 6 7 8
cat_threshold=42075402 267050 16384 38928 1647136 4518084 84412420 2097152
is_linear=0
shrinkage=0.023


Tree=175
num_leaves=19
num_cat=8
split_feature=1 5 0 1 0 2 2 4 4 4 1 0 2 1 2 0 2 2
split_gain=1.30252 0.89857 0.926262 0.883037 0.772713 0.752461 0.672277 0.776466 0.889541 0.657732 0.524413 0.664694 0.482977 0.463876 0.726099 0.813629 0.617551 0.761264
threshold=0 1.5000000000000002 1 2 3 2134.9260008375018 434.43605304264145 139.90500000000003 13.670000000000002 339.98500000000007 4 5 574.01579037995214 6 10.305092294711587 7 831.82139423978458 1109.3290322368391
decision_type=9 2 9 9 9 2 2 2 2 2 9 9 2 9 2 9 2 2
left_child=5 2 6 -4 12 -1 7 8 -2 -9 11 -6 -3 -5 -15 -16 -17 -18
right_child=1 4 3 13 10 -7 -8 9 -10 -11 -12 -13 -14 14 15 16 17 -19
leaf_value=0.13560021964169622 0.046491137947083233 -0.048103080802728369 -0.027138565463474082 -0.0053351395750117041 0.022521296159747739 0.025022053915799966 0.021700793553748644 0.055125727308386836 -0.023252568511986219 -0.051431759913068406 -0.03253814712610005 -0.066998299698502198 0.066857425944478174 0.074369503064127027 0.01731649075563205 -0.038482994647273262 0.057303364709095764 -0.025211959709255646
leaf_weight=63 124 110 3511 22359 413 68 7952 840 3073 261 3692 228 369 71 3110 1186 312 227
leaf_count=63 124 110 3511 22359 413 68 7952 840 3073 261 3692 228 369 71 3110 1186 312 227
internal_value=-5.42807e-05 -6.07678e-05 -2.74436e-05 -9.476e-05 -0.000358844 0.00215147 0.000141638 -9.00041e-05 -0.00027142 0.000436725 -0.000455263 0.000152223 0.000511979 -5.04683e-05 0.000151861 0.000118206 -0.000281664 0.000362135
internal_weight=47969 47838 43026 30776 4812 131 12250 4298 3197 1101 4333 641 479 27265 4906 4835 1725 539
internal_count=47969 47838 43026 30776 4812 131 12250 4298 3197 1101 4333 641 479 27265 4906 4835 1725 539
cat_boundaries=0 1 2 3 4 5 6 7 8
cat_threshold=68 17735856 283402 10051600 311320 37749824 2097184 104878144
is_linear=0
shrinkage=0.023


Tree=176
num_leaves=19
num_cat=5
split_feature=6 0 1 4 1 1 3 4 4 3 4 3 4 3 1 4 4 4
split_gain=1.0473 0.737289 0.645809 0.757335 0.611432 0.501854 0.430373 0.390984 1.41762 0.543786 0.500505 2.25335 1.16875 0.854302 0.824531 0.868801 0.712 0.903526
threshold=1.5000000000000002 0 1 29.895000000000003 2 3 19.875000000000004 572.40000000000009 549.05000000000007 84.070000000000007 139.90500000000003 8.6450000000000014 144.92000000000004 19.255000000000006 4 149.90500000000003 199.92000000000004 220.48000000000005
decision_type=2 9 9 2 9 9 2 2 2 2 2 2 2 2 9 2 2 2
left_child=1 4 3 6 -1 -6 -3 8 10 -9 -7 -12 -13 -14 -15 -16 -17 -18
right_child=-2 2 -4 -5 5 7 -8 9 -10 -11 11 12 13 14 15 16 17 -19
leaf_value=0.09898263260043931 -0.064968965796438766 -0.0063647901797298373 -0.020525320930598182 0.025036631401275541 -0.026502138374139048 -0.0062689164998419164 -0.04718052233503197 -0.057675591792676825 0.42957803636177161 0.057172234920195249 0.11118287916466825 0.067095595896254287 -0.013694661052934548 -0.03150251452888933 -0.056858510493852314 0.046452993400299993 -0.040972246313271718 0.020801871465859705
leaf_weight=101 585 540 1220 5191 1162 28616 238 851 82 188 116 357 4299 634 236 1368 387 1814
leaf_count=101 585 540 1220 5191 1162 28616 238 851 82 188 116 357 4299 634 236 1368 387 1814
internal_value=-4.10527e-05 -2.91132e-05 0.000185267 0.000283845 -6.74705e-05 -7.2175e-05 -0.000384801 -5.80452e-05 -4.59943e-05 -0.00049819 -5.25512e-05 9.49099e-05 5.42434e-05 1.52723e-06 0.000225326 0.000352968 0.000443282 0.000187138
internal_weight=47985 47400 7189 5969 40211 40110 778 38948 37909 1039 37827 9211 9095 8738 4439 3805 3569 2201
internal_count=47985 47400 7189 5969 40211 40110 778 38948 37909 1039 37827 9211 9095 8738 4439 3805 3569 2201
cat_boundaries=0 1 2 3 4 5
cat_threshold=106894560 2150978 68 267010 16432
is_linear=0
shrinkage=0.023


Tree=177
num_leaves=19
num_cat=16
split_feature=7 0 0 1 7 4 1 7 1 0 0 4 7 0 0 1 0 0
split_gain=2.66779 1.61154 1.25304 0.833759 0.702214 0.676671 0.791907 0.668938 0.939283 0.677843 0.632573 0.653411 0.625925 1.14211 0.612136 0.641995 0.583454 0.521212
threshold=0 1 2 3 4 31.910000000000004 5 6 7 8 9 10.070000000000002 10 11 12 13 14 15
decision_type=1 9 9 9 1 2 9 1 9 9 9 2 1 9 9 9 9 9
left_child=1 3 4 -1 -2 -6 -7 14 9 -9 11 -10 13 -4 15 -3 -8 -14
right_child=2 7 12 -5 5 6 16 8 10 -11 -12 -13 17 -15 -16 -17 -18 -19
leaf_value=0.062242137755436765 -0.014299550451624317 0.068129730953336576 -0.043002260446570906 -0.003326158863675203 0.0020514354991815011 0.014166696282604696 -0.066232524389264483 0.049578936791754055 0.064968394117846232 -0.026925717764341956 -0.051021210570831227 -0.010074979882232145 -0.0088408305479643068 0.034177391845314729 0.017256255121673999 -0.019917929004961022 -0.02558641223173698 0.021697990486492111
leaf_weight=3860 12732 169 313 1394 791 359 1143 816 80 208 940 9189 4004 839 5585 1723 2830 1249
leaf_count=3860 12732 169 313 1394 791 359 1143 816 80 208 940 9189 4004 839 5585 1723 2830 1249
internal_value=-6.8278e-05 0.000103842 -0.000238242 0.00045937 -0.000337238 -0.000564871 -0.000678922 3.80932e-06 -0.000108359 0.000552417 -0.000175123 -0.000117017 3.78247e-05 0.000520866 0.000172242 -0.000184752 -0.000771262 -6.89135e-05
internal_weight=48224 23964 24260 5254 17855 5123 4332 18710 11233 1024 10209 9269 6405 1152 7477 1892 3973 5253
internal_count=48224 23964 24260 5254 17855 5123 4332 18710 11233 1024 10209 9269 6405 1152 7477 1892 3973 5253
cat_boundaries=0 1 2 3 4 5 6 7 8 9 10 11 12 13 14 15 16
cat_threshold=668 5574702 114759724 2625576 3329 130 520 557130 41960784 42116240 96 16785552 42176 20480 68616224 34752
is_linear=0
shrinkage=0.023


Tree=178
num_leaves=19
num_cat=9
split_feature=7 1 7 4 1 4 7 4 4 4 1 4 4 1 1 7 4 4
split_gain=2.04306 0.913605 0.711354 0.787553 0.647603 0.691966 0.669991 0.571213 0.544246 0.51912 0.512979 0.389776 1.97742 1.54598 0.642911 0.573842 0.587804 0.574728
threshold=0 1 2 1198.5000000000002 3 289.92000000000002 4 69.895000000000024 40.940000000000005 249.92500000000004 5 39.905000000000008 30.985000000000003 6 7 8 249.92500000000004 160.16500000000005
decision_type=1 9 1 2 9 2 1 2 2 2 9 2 2 9 9 1 2 2
left_child=4 -2 7 9 5 6 -1 8 -3 -4 -10 12 -6 -14 15 16 -13 -17
right_child=1 2 3 -5 11 -7 -8 -9 10 -11 -12 14 13 -15 -16 17 -18 -19
leaf_value=-0.0068119144465983612 0.10070738402613023 -0.0077424998619615602 -0.017000803215050823 0.11928006238289834 -0.033504549411164888 -0.02421973254813738 0.017402911339326914 -0.00089296790467790902 -0.03258022852600756 -0.040175361407567008 0.0072768893388242351 0.039877058787541941 0.16293583285898905 -0.0095384290707749599 -0.040707405882250039 0.019247970091126256 0.3332343354504983 -0.050444837122423945
leaf_weight=2533 115 4313 8902 81 455 1127 10852 11400 2865 998 533 205 138 125 1710 1158 76 570
leaf_count=2533 115 4313 8902 81 455 1127 10852 11400 2865 998 533 205 138 125 1710 1158 76 570
internal_value=-6.87947e-05 -0.000189425 -0.0001978 -0.000355178 0.000117177 0.000191511 0.000237729 -0.000115461 -0.00026841 -0.000374031 -0.000486095 -0.000125829 0.000364429 0.00195118 -0.000220833 5.91175e-05 0.00100381 -9.95035e-05
internal_weight=48156 29207 29092 9981 18949 14512 13385 19111 7711 9900 3398 4437 718 263 3719 2009 281 1728
internal_count=48156 29207 29092 9981 18949 14512 13385 19111 7711 9900 3398 4437 718 263 3719 2009 281 1728
cat_boundaries=0 1 2 3 4 5 6 7 8 9
cat_threshold=652 324 2321 2134108 4 2375680 128 540672 4
is_linear=0
shrinkage=0.023


Tree=179
num_leaves=19
num_cat=9
split_feature=7 0 0 7 0 3 3 7 1 1 3 2 1 3 3 3 2 2
split_gain=2.13477 1.64613 1.62897 2.17881 0.766184 0.756516 0.963558 0.66134 0.644104 0.634916 0.57454 0.554003 0.544581 0.489287 0.505436 0.448217 0.609905 0.38958
threshold=0 1 2 3 4 16.115000000000006 16.395000000000003 5 6 7 24.845000000000002 3.4997893979690011 8 15.315000000000003 14.095000000000001 90.250000000000014 627.20003777922909 1071.2884618560711
decision_type=1 9 9 1 9 2 2 1 9 9 2 2 9 2 2 2 2 2
left_child=2 10 3 -1 7 13 -7 -3 -4 -6 -2 -10 17 14 -5 -13 -17 -9
right_child=1 4 8 5 9 6 -8 12 11 -11 -12 15 -14 -15 -16 16 -18 -19
leaf_value=-0.036892280578759151 0.21789374974048148 -0.028415972467554427 -0.054801214953115893 -0.026445819394236323 0.0034958162040920602 0.15509582750386661 0.072642013619094115 0.0012692395954984432 -0.082466935493508572 -0.045869169082911283 0.099889285808653167 -0.0013899363129647583 -0.021450481723702283 -0.04015899902579731 0.065822213768557625 0.097462272700744881 -0.01464435157497454 -0.065030366200761691
leaf_weight=1290 85 1956 308 196 3607 143 3813 2226 110 336 207 22285 9627 442 904 113 120 117
leaf_count=1290 85 1956 308 196 3607 143 3813 2226 110 336 207 22285 9627 442 904 113 120 117
internal_value=-6.37132e-05 -0.000260096 5.63438e-05 0.000369044 -0.000288425 0.000568631 0.000738099 -0.000368594 -3.63243e-05 -5.06109e-06 0.00142466 -2.18633e-05 -0.000303909 0.000137504 0.000397194 -1.39108e-05 0.000989152 1.1045e-05
internal_weight=47885 18161 29724 6788 17869 5498 3956 13926 22936 3943 292 22628 11970 1542 1100 22518 233 2343
internal_count=47885 18161 29724 6788 17869 5498 3956 13926 22936 3943 292 22628 11970 1542 1100 22518 233 2343
cat_boundaries=0 1 2 3 4 5 6 7 8 9
cat_threshold=924 84410370 21311532 256 43451429 2 69936 2637986 540800
is_linear=0
shrinkage=0.023


Tree=180
num_leaves=19
num_cat=4
split_feature=7 3 7 3 3 7 3 4 4 3 7 3 4 5 4 4 3 4
split_gain=1.54905 0.871789 0.855706 0.851038 0.543397 0.598545 0.516456 0.561302 0.489013 0.469752 0.490169 0.475363 0.420073 0.408081 0.38904 0.442422 0.51045 0.360226
threshold=0 48.765000000000008 1 1.0000000180025095e-35 7.3950000000000014 2 90.250000000000014 89.995000000000019 48.925000000000004 11.155000000000003 3 43.475000000000001 373.12000000000006 4.5000000000000009 27.995000000000001 21.025000000000002 14.105000000000002 251.95000000000002
decision_type=1 2 1 2 2 1 2 2 2 2 1 2 2 2 2 2 2 2
left_child=1 9 13 -2 8 -6 7 -4 -5 -1 14 -12 -8 17 15 -11 -17 -3
right_child=3 2 6 4 5 -7 12 -9 -10 10 11 -13 -14 -15 -16 16 -18 -19
leaf_value=-0.010462119464008846 0.04257381862109768 0.098768106921783061 0.076122773579337499 -0.089799646771746469 -0.019140620821147918 -0.0061727577658376243 0.22057069084930545 -0.036625385660168208 0.015021269639864596 -0.025140638675132498 0.012032308534443271 -0.022129995187381391 0.0037075336218022796 -0.075847710316048006 -0.017916490204446016 0.098613896408217355 0.039801044156760307 0.072382223900804329
leaf_weight=2787 204 417 70 268 5063 18636 64 415 81 259 15318 323 67 64 3651 69 127 345
leaf_count=2787 204 417 70 268 5063 18636 64 415 81 259 15318 323 67 64 3651 69 127 345
internal_value=-3.79224e-05 9.31658e-05 0.000641415 -0.000167488 -0.000180111 -0.000166837 -1.61599e-05 -0.000362618 -0.00108078 5.81175e-05 9.75693e-05 0.000156227 0.00126376 0.00111834 -0.000125945 0.000507777 0.00133157 0.00128002
internal_weight=48228 23976 1442 24252 24048 23699 616 485 349 22534 19747 15641 131 826 4106 455 196 762
internal_count=48228 23976 1442 24252 24048 23699 616 485 349 22534 19747 15641 131 826 4106 455 196 762
cat_boundaries=0 1 2 3 4
cat_threshold=668 536 34 16
is_linear=0
shrinkage=0.023


Tree=181
num_leaves=19
num_cat=7
split_feature=5 1 0 3 3 3 1 3 2 3 3 3 1 3 0 3 0 0
split_gain=1.20806 0.739222 0.901448 1.08872 1.37769 0.761242 0.752032 1.07274 0.735999 0.692433 0.441763 0.410882 0.746112 1.07311 0.721555 0.780426 0.703753 0.582465
threshold=1.5000000000000002 0 1 25.265000000000004 31.555000000000003 10.605000000000002 2 19.115000000000006 297.05995327865264 15.865 7.7150000000000007 21.245000000000005 3 21.775000000000002 4 78.620000000000019 5 6
decision_type=2 9 9 2 2 2 9 2 2 2 2 2 9 2 9 2 9 9
left_child=1 2 3 -1 -5 8 7 -7 10 -2 -3 17 13 -13 15 -15 -14 -8
right_child=9 5 -4 4 -6 6 11 -9 -10 -11 -12 12 16 14 -16 -17 -18 -19
leaf_value=-0.044825630207859471 -0.0920627048932358 -0.040774629392257324 -0.032668611810332121 0.23514313796984521 0.013449130899347675 0.1283613405939566 0.0025332439241612481 0.024981588279309838 0.028649840750049178 -0.019124662044003541 -0.013385979965837019 0.061763419475824907 -0.046561314393514019 0.015394358817475379 -0.0015756538898979951 0.11294241004089313 0.011868438777829865 -0.010980721687616194
leaf_weight=329 221 697 1444 67 109 61 21897 215 231 4707 4300 459 810 3683 3286 166 584 4907
leaf_count=329 221 697 1444 67 109 61 21897 215 231 4707 4300 459 810 3683 3286 166 584 4907
internal_value=-5.32678e-05 -1.4386e-05 -0.000450908 0.000381682 0.00184814 6.32604e-06 4.3924e-05 0.00121822 -0.000253042 -0.000394454 -0.000311731 3.45113e-05 0.000169093 0.000258728 0.0001897 0.00040282 -0.000318739 -1.06052e-05
internal_weight=48173 43245 1949 505 176 41296 36068 276 5228 4928 4997 35792 8988 7594 7135 3849 1394 26804
internal_count=48173 43245 1949 505 176 41296 36068 276 5228 4928 4997 35792 8988 7594 7135 3849 1394 26804
cat_boundaries=0 1 2 3 4 5 6 7
cat_threshold=269098 17287712 65620 2621568 50376470 63392272 46533042
is_linear=0
shrinkage=0.023


Tree=182
num_leaves=19
num_cat=11
split_feature=6 0 1 4 1 1 4 0 4 1 4 0 4 4 0 1 0 0
split_gain=0.763259 0.522352 0.564505 0.537743 0.856781 0.487676 0.397944 0.383914 0.633191 0.40568 0.396109 0.411622 0.368704 0.309173 0.278215 0.273349 0.307226 0.254091
threshold=1.5000000000000002 0 1 79.920000000000016 2 3 1798.5000000000002 4 89.905000000000015 5 205.40000000000003 6 235.06000000000003 75.050000000000011 7 8 9 10
decision_type=2 9 9 2 9 9 2 9 2 9 2 9 2 2 9 9 9 9
left_child=1 2 -1 4 13 -5 15 -7 -9 -10 -11 -12 -13 -4 -6 16 -3 -17
right_child=-2 6 3 5 14 7 -8 8 9 10 11 12 -14 -15 -16 17 -18 -19
leaf_value=0.084805884856174005 -0.04007953128879644 -0.00408258058815024 0.0081413506049797003 -0.091040476914822491 -0.033276537296876615 0.0016160602425459318 0.13693229952798022 0.14028743554733633 0.15500736895099554 0.0049485497227466594 -0.0077023121841824846 0.12515199393403209 0.043145579383517159 -0.10311309354745772 -0.062235969296294283 -0.0053930567055836976 -0.028108350564345873 0.00076450704917403799
leaf_weight=102 603 934 1647 182 164 947 91 136 100 950 137 65 346 113 264 20350 475 20241
leaf_count=102 603 934 1647 182 164 947 91 136 100 950 137 65 346 113 264 20350 475 20241
internal_value=-3.61622e-05 -2.5782e-05 0.000192572 0.000156372 -0.000114778 0.000364133 -5.25482e-05 0.00044193 0.000645344 0.000520667 0.000414489 0.000909562 0.00125642 0.000111738 -0.00102451 -5.58562e-05 -0.00036966 -4.48594e-05
internal_weight=47847 47244 5153 5051 2188 2863 42091 2681 1734 1598 1498 548 411 1760 428 42000 1409 40591
internal_count=47847 47244 5153 5051 2188 2863 42091 2681 1734 1598 1498 548 411 1760 428 42000 1409 40591
cat_boundaries=0 1 2 3 4 5 6 7 8 9 10 11
cat_threshold=17865642 262208 2101280 528416 32904 32776 4098 33314 262952 34472016 101253189
is_linear=0
shrinkage=0.023


Tree=183
num_leaves=19
num_cat=15
split_feature=7 0 1 7 0 5 5 7 0 1 0 1 0 1 5 1 0 0
split_gain=1.9708 2.01327 1.24604 1.37232 1.31931 0.786615 0.934316 0.777056 0.920788 0.704653 0.697937 1.1706 0.521071 0.490016 0.442394 0.435758 0.405257 0.393374
threshold=0 1 2 3 4 1.5000000000000002 2.5000000000000004 5 6 7 8 9 10 11 2.5000000000000004 12 13 14
decision_type=1 9 9 1 9 2 2 1 9 9 9 9 9 9 2 9 9 9
left_child=1 5 3 -2 7 15 -7 10 -9 -3 11 -4 -5 -6 -15 -1 -12 -11
right_child=2 9 4 12 13 6 -8 8 -10 17 16 -13 -14 14 -16 -17 -18 -19
leaf_value=-0.028970682097750913 -0.030015658592637481 0.0034244227212118436 0.03147323287894558 0.045259994629527373 -0.068847152038123749 -0.071652001213448252 0.17145700143920969 -0.016553450827496419 -0.061892622089315098 -0.030609404131443481 -0.012925241525979569 -0.058871742937682443 0.02939940042930141 0.0026416015604944624 -0.024722270038278465 0.074838487362840031 -0.04196401865865905 -0.015261409004876153
leaf_weight=287 925 12393 1392 706 120 405 115 7359 2377 526 5463 325 802 7624 184 3859 312 2777
leaf_count=287 925 12393 1392 706 120 405 115 7359 2377 526 5463 325 802 7624 184 3859 312 2777
internal_value=-4.92071e-05 0.000122406 -0.000175846 0.000320352 -0.000223947 0.000541331 -0.000300641 -0.000336923 -0.000472544 -2.40099e-06 -0.000160277 0.000245951 0.000746559 2.1673e-05 4.4952e-05 0.000648249 -0.000281277 -0.000300375
internal_weight=47951 20362 27589 2433 25156 4666 520 17228 9736 15696 7492 1717 1508 7928 7808 4146 5775 3303
internal_count=47951 20362 27589 2433 25156 4666 520 17228 9736 15696 7492 1717 1508 7928 7808 4146 5775 3303
cat_boundaries=0 1 2 3 4 5 6 7 8 9 10 11 12 13 14 15
cat_threshold=664 92643880 65988 3073 38089389 1029 37757060 2654288 266272 2883608 37882048 560 36882 37757440 1186112
is_linear=0
shrinkage=0.023


Tree=184
num_leaves=19
num_cat=6
split_feature=5 3 0 1 1 0 3 2 3 3 0 3 2 2 3 1 3 3
split_gain=0.818627 1.15683 1.7632 1.23632 0.848939 0.74358 0.654412 0.628316 0.615973 0.915097 0.969675 0.736279 0.72803 0.67159 0.614905 0.598552 0.777068 0.618396
threshold=1.5000000000000002 18.505000000000006 0 1 2 3 49.995000000000012 328.75565995058048 23.705000000000005 26.435000000000006 4 30.465000000000003 58.602829175154731 266.44189187143695 50.855000000000011 5 46.545000000000009 19.875000000000004
decision_type=2 2 9 9 9 9 2 2 2 2 9 2 2 2 2 9 2 2
left_child=1 4 -3 7 -1 -5 -7 8 12 -10 -11 -12 -4 -14 -13 16 -2 -17
right_child=15 2 3 5 -6 6 -8 -9 9 10 11 14 13 -15 -16 17 -18 -19
leaf_value=-0.059617952722142882 0.043820775799245641 -0.01718615983769288 0.12296524550042437 -0.024168308157547558 -0.0069169903468993491 0.0082112101551172403 0.25114705179989355 0.020359950478852654 -0.066722469425049391 0.16808500088978431 0.080339178496837638 -0.021410171595215938 0.010771951515706158 0.12483151949110065 0.063474208460098713 -0.070066918936962624 -0.059195339577644189 -0.019503658457289665
leaf_weight=490 363 3360 111 1941 29140 434 80 6245 187 208 143 364 307 160 113 487 163 3809
leaf_count=490 363 3360 111 1941 29140 434 80 6245 187 208 143 364 307 160 113 487 163 3809
internal_value=-7.33667e-05 -4.16971e-05 0.00013347 0.000282678 -0.000122412 -0.000167469 0.000602839 0.000423707 0.000831957 0.000490485 0.000818672 0.000335756 0.00143119 0.0010323 -9.30173e-05 -0.000357623 0.000371453 -0.00044673
internal_weight=48105 43283 13653 10293 29630 2455 514 7838 1593 1015 828 620 578 467 477 4822 526 4296
internal_count=48105 43283 13653 10293 29630 2455 514 7838 1593 1015 828 620 578 467 477 4822 526 4296
cat_boundaries=0 1 2 3 4 5 6
cat_threshold=80887916 2621580 262176 50597760 263168 278554
is_linear=0
shrinkage=0.023


Tree=185
num_leaves=19
num_cat=0
split_feature=6 5 3 5 4 2 3 4 4 3 2 4 4 4 3 2 2 4
split_gain=1.3629 0.50106 0.677676 1.17525 0.624355 0.619661 0.507979 0.483695 0.472331 0.451099 0.866424 0.567169 0.439539 0.71275 0.376529 0.424367 0.306539 0.291913
threshold=1.5000000000000002 2.5000000000000004 21.245000000000005 1.5000000000000002 19.920000000000005 792.31629820029207 1.0000000180025095e-35 21.025000000000002 399.10000000000008 21.775000000000002 792.31629820029207 159.05000000000004 115.02000000000002 91.810000000000016 63.210000000000008 328.75565995058048 58.602829175154731 89.905000000000015
decision_type=2 2 2 2 2 2 2 2 2 2 2 2 2 2 2 2 2 2
left_child=1 2 3 4 5 -1 -6 -8 -9 10 11 12 13 -4 -3 -16 -5 -11
right_child=-2 14 9 16 6 -7 7 8 -10 17 -12 -13 -14 -15 15 -17 -18 -19
leaf_value=0.014504884907138209 -0.06103787878084356 -0.047069682159847817 -0.020794741331950049 -0.099772897091891688 0.036458852213602524 -0.015952943881054973 -0.044261391188682983 -0.0061925634795624808 -0.048990760769512913 0.016500684831780514 -0.068193584436826785 0.20441748437404819 -0.012997419030489113 0.14652378279335787 0.085777107128177793 -0.013859582740588209 -0.048766519631676525 0.00019762626376583625
leaf_weight=2258 602 573 67 246 181 505 368 29266 592 3366 187 148 147 63 77 303 240 8827
leaf_count=2258 602 573 67 246 181 505 368 29266 592 3366 187 148 147 63 77 303 240 8827
internal_value=-6.53548e-05 -5.15447e-05 -4.0835e-05 -9.50166e-05 -7.85608e-05 0.000252456 -0.000108641 -0.000115919 -0.000105701 0.000101572 0.000710791 0.00128463 0.000669541 0.00164261 -0.00057354 -1.20977e-05 -0.0012176 7.09819e-05
internal_weight=48016 47414 46461 33656 33170 2763 30407 30226 29858 12805 612 425 277 130 953 380 486 12193
internal_count=48016 47414 46461 33656 33170 2763 30407 30226 29858 12805 612 425 277 130 953 380 486 12193
is_linear=0
shrinkage=0.023


Tree=186
num_leaves=19
num_cat=15
split_feature=7 0 0 1 0 7 0 3 1 3 7 7 7 0 1 7 0 3
split_gain=0.980912 1.76326 1.73577 1.41575 0.743772 1.5823 0.964906 0.672717 0.686293 0.642039 0.674223 0.625479 0.621257 0.656398 0.557296 0.993232 0.578656 0.525222
threshold=0 1 2 3 4 5 6 7.8750000000000009 7 23.285000000000004 8 9 10 11 12 13 14 19.035000000000004
decision_type=1 9 9 9 9 1 9 2 9 2 1 1 1 9 9 1 9 2
left_child=2 -2 3 11 5 -3 -7 -4 -9 -5 -11 17 13 -6 -14 -16 -17 -1
right_child=1 4 7 9 12 6 -8 8 -10 10 -12 -13 14 -15 15 16 -18 -19
leaf_value=0.14167357949442719 -0.050697622744231861 -0.014598298182865451 -0.0264590893730587 -0.040223388527769396 -0.035285956301329267 0.21116650725438632 0.032420676284393164 -0.089339721515280537 -0.0022596928805327606 -0.089321806624642258 0.13659627231728064 0.023191612063018677 -0.016252700841573414 0.0031506882532975709 -0.043883284558260155 0.0013598692713882512 0.038055058464243882 0.055406752622251643
leaf_weight=853 2867 696 1198 634 684 195 490 240 23079 116 229 2575 5981 6294 386 557 384 704
leaf_count=853 2867 696 1198 634 684 195 490 240 23079 116 229 2575 5981 6294 386 557 384 704
internal_value=-8.09828e-05 -0.000212161 1.14912e-06 0.000386282 -0.000115944 0.00039198 0.00116949 -7.9266e-05 -5.19878e-05 -0.000397818 0.000396414 0.000572582 -0.000165289 -9.93898e-06 -0.000313403 0.000113004 0.000515265 0.000937335
internal_weight=48162 18534 29628 5111 15667 1381 685 24517 23319 979 345 4132 14286 6978 7308 1327 941 1557
internal_count=48162 18534 29628 5111 15667 1381 685 24517 23319 979 345 4132 14286 6978 7308 1327 941 1557
cat_boundaries=0 1 2 3 4 5 6 7 8 9 10 11 12 13 14 15
cat_threshold=669 1327136 1310883 2637912 84443462 1280 32770 70468 520 136 1280 4198912 2916352 2048 37748752
is_linear=0
shrinkage=0.023


Tree=187
num_leaves=19
num_cat=13
split_feature=7 0 1 1 0 1 7 0 4 0 7 4 4 7 0 4 1 3
split_gain=1.34792 2.04523 1.03236 0.880904 0.971459 0.80577 0.763063 1.48427 1.48477 0.746727 1.07353 0.792288 0.744726 0.699153 0.695979 1.13026 0.599902 0.573372
threshold=0 1 2 3 4 5 6 7 519.30000000000007 8 9 57.995000000000012 119.82000000000002 10 11 34.910000000000004 12 45.715000000000011
decision_type=1 9 9 9 9 9 1 9 2 9 1 2 2 1 9 2 9 2
left_child=1 5 -3 4 12 -1 7 -5 14 10 -8 -12 -2 -14 -9 -16 -11 -6
right_child=3 2 -4 6 17 -7 9 8 -10 16 11 -13 13 -15 15 -17 -18 -19
leaf_value=-0.033539220761005684 0.019441457123712095 -0.022581091089540498 0.0014160766816132533 -0.073137675626333068 -0.00088518859641411229 0.04763996802848211 0.091010353188029913 -0.022103596485209698 0.079032322547512981 -0.0083911302084503699 -0.063297458472082999 0.010921040643578741 0.0093983561253876084 0.090202064270662172 0.073559987374438807 -0.0036730412701823905 -0.022643988126583504 -0.10733534844866373
leaf_weight=427 719 3066 12855 1199 1093 6751 499 1811 85 15863 172 424 135 256 159 844 1621 101
leaf_count=427 719 3066 12855 1199 1093 6751 499 1811 85 15863 172 424 135 256 159 844 1621 101
internal_value=-3.59726e-05 9.06601e-05 -5.47014e-05 -0.00015304 0.000274702 0.000412695 -0.000196603 -0.000480465 -0.000196935 -0.000133761 0.000446382 -0.000213981 0.000761726 0.00157617 -0.000288172 0.000198171 -0.000170335 -0.000180681
internal_weight=48080 23099 15921 24981 2304 7178 22677 4098 2899 18579 1095 596 1110 391 2814 1003 17484 1194
internal_count=48080 23099 15921 24981 2304 7178 22677 4098 2899 18579 1095 596 1110 391 2814 1003 17484 1194
cat_boundaries=0 1 2 3 4 5 6 7 8 9 10 11 12 13
cat_threshold=2712 12890646 279202 198 37900704 32776 66 68627120 16803938 1025 1025 42467328 2638336
is_linear=0
shrinkage=0.023


Tree=188
num_leaves=19
num_cat=18
split_feature=7 0 0 1 1 1 0 1 7 0 7 0 0 7 0 1 0 7
split_gain=1.66749 1.43124 1.21903 0.888441 0.882645 0.846159 0.626053 0.706483 0.569894 0.552951 0.47617 0.935099 0.726336 0.444255 0.506314 0.473684 0.487553 0.426553
threshold=0 1 2 3 4 5 6 7 8 9 10 11 12 13 14 15 16 17
decision_type=1 9 9 9 9 9 9 9 1 9 1 9 9 1 9 9 9 1
left_child=1 3 5 -1 -3 -2 17 10 -5 -10 12 -12 -8 14 -6 16 -15 -4
right_child=2 4 6 8 13 -7 7 -9 9 -11 11 -13 -14 15 -16 -17 -18 -19
leaf_value=0.032223281356153564 -0.017617399952149202 0.056350286784667705 0.11517586013417429 -0.074967897067613615 0.066614118313219034 0.005246900865846494 -0.067308456480988973 -0.040245199653413069 0.088743906081191593 0.0065090017198051594 0.029273259811420524 -0.016221276457231832 0.019163021971116429 -0.023136344079896717 0.0070371676598464938 -0.02822445640147701 -8.9611538531068257e-05 0.0064712284369871599
leaf_weight=7000 14555 149 133 536 235 2359 347 403 170 2170 1002 2081 2148 1017 2770 1694 9362 106
leaf_count=7000 14555 149 133 536 235 2359 347 403 170 2170 1002 2081 2148 1017 2770 1694 9362 106
internal_value=-1.92292e-05 0.000110571 -0.000160056 0.000326079 -2.93282e-05 -0.000261281 0.000115181 6.79884e-05 -1.46622e-05 0.000140924 0.00013574 -5.55435e-05 0.000371365 -4.72853e-05 0.000202523 -0.000109582 -5.11611e-05 0.00124496
internal_weight=48237 25103 23134 9876 15227 16914 6220 5981 2876 2340 5578 3083 2495 15078 3005 12073 10379 239
internal_count=48237 25103 23134 9876 15227 16914 6220 5981 2876 2340 5578 3083 2495 15078 3005 12073 10379 239
cat_boundaries=0 1 2 3 4 5 6 7 8 9 10 11 12 13 14 15 16 17 18
cat_threshold=908 68624144 119342648 2621440 4176 2134722 16386 2900096 512 16 3088 37313 32897 8 8388640 2130082 8929314 2083
is_linear=0
shrinkage=0.023


Tree=189
num_leaves=19
num_cat=14
split_feature=7 0 0 7 0 2 2 0 1 1 1 0 1 7 0 2 2 7
split_gain=2.25769 2.27501 1.20333 1.02373 1.0989 0.882835 0.770882 0.683938 0.680668 0.663151 0.658624 0.532574 0.527021 0.451726 0.490314 0.450115 0.787055 0.641401
threshold=0 1 2 3 4 934.14266348463354 233.50883225270439 5 6 7 8 9 10 11 12 15.809004416954538 252.19998733135623 13
decision_type=1 9 9 1 9 2 2 9 9 9 9 9 9 1 9 2 2 1
left_child=1 5 3 6 -5 -1 -2 -7 -9 -4 -3 12 -8 -13 -15 -11 17 -17
right_child=2 10 9 4 -6 7 11 8 -10 15 -12 13 -14 14 -16 16 -18 -19
leaf_value=-0.0031709636946627207 -0.020780536467973603 0.010457227906781464 -0.041924484387841431 0.013334247171053585 -0.019123863229231174 -0.061986918599302922 -0.092359393790211061 0.085182347531921651 0.15742068757027963 -0.028011209869740879 -0.038265898000439079 0.091030806588401431 0.019210914862218331 0.05252843958884712 -0.098750519517832605 -0.010087245710902354 -0.0073330930856043506 0.014777406731521397
leaf_weight=1687 486 391 558 1615 3369 110 338 376 138 1633 4216 2935 1651 1290 214 2579 18239 6255
leaf_count=1687 486 391 558 1615 3369 110 338 376 138 1633 4216 2935 1651 1290 214 2579 18239 6255
internal_value=-6.61097e-05 -0.000450225 -1.44066e-06 0.000193492 -5.78423e-05 0.00013882 0.000374486 0.000878409 0.00121709 -8.07353e-05 -0.000745359 0.000441809 0.000126435 0.000581512 0.000252751 -6.53081e-05 -4.2961e-05 0.000135227
internal_weight=48080 6918 41162 11898 4984 2311 6914 624 514 29264 4607 6428 1989 4439 1504 28706 27073 8834
internal_count=48080 6918 41162 11898 4984 2311 6914 624 514 29264 4607 6428 1989 4439 1504 28706 27073 8834
cat_boundaries=0 1 2 3 4 5 6 7 8 9 10 11 12 13 14
cat_threshold=98 13162434 8871988 668 139280 5120 2392064 70450 128 196624 16528 152 8667136 129
is_linear=0
shrinkage=0.023


Tree=190
num_leaves=19
num_cat=5
split_feature=1 0 0 2 4 1 2 4 2 1 3 2 2 2 2 3 2 4
split_gain=0.600861 0.796297 0.608929 0.760806 1.99746 0.762243 0.706042 0.589905 0.497304 0.488136 0.839792 1.36422 0.780075 0.598067 0.768235 0.595148 0.581303 0.567917
threshold=0 1 2 287.89864838513375 31.910000000000004 3 934.14266348463354 1379.5000000000002 211.26002073704612 4 68.485000000000014 322.7797924025482 2050.4041081798655 418.84997937723205 225.70083809415459 14.345000000000001 483.9080628966837 59.995000000000012
decision_type=9 9 9 2 2 9 2 2 2 9 2 2 2 2 2 2 2 2
left_child=1 -1 7 4 -4 -6 -5 9 -7 10 -2 -12 -13 14 15 -11 -15 -18
right_child=2 -3 3 6 5 8 -8 -9 -10 13 11 12 -14 16 -16 -17 17 -19
leaf_value=-0.048146651822681782 -0.0095515519875233081 -0.0039754178812518009 0.080533420252803009 -0.0028481556279651684 -0.019921568815363135 0.084366122993598289 0.020448660228993484 0.088127697775180522 0.001924000377515957 -0.025652857380505285 0.14144005801569973 -0.035590005586958094 0.17438635980715919 0.059124467897408182 -0.024031508955212059 0.05620412071898858 -0.019711958280709138 0.023373590739756828
leaf_weight=552 23472 1114 262 10941 734 257 4488 122 257 89 112 203 87 725 1476 215 980 2152
leaf_count=552 23472 1114 262 10941 734 257 4488 122 257 89 112 203 87 725 1476 215 980 2152
internal_value=-3.78669e-05 -0.000465702 -2.24552e-05 8.75132e-05 0.000580247 0.000196793 3.93396e-05 -8.53245e-05 0.000866087 -9.19566e-05 -0.000137378 0.00090463 7.13258e-05 0.000100477 -0.000248059 0.000804418 0.000261591 0.000125713
internal_weight=48238 1666 46572 16939 1510 1248 15429 29633 514 29511 23874 402 290 5637 1780 304 3857 3132
internal_count=48238 1666 46572 16939 1510 1248 15429 29633 514 29511 23874 402 290 5637 1780 304 3857 3132
cat_boundaries=0 1 2 3 4 5
cat_threshold=265010 13112706 35494564 540800 2199560
is_linear=0
shrinkage=0.023


Tree=191
num_leaves=19
num_cat=15
split_feature=7 0 1 0 7 0 0 1 1 0 1 0 7 2 2 1 7 2
split_gain=1.16373 1.13138 0.632877 0.833131 0.599855 1.27799 0.738537 0.702643 0.557636 0.636994 1.16167 0.511554 1.17557 1.40156 0.521122 0.562692 0.468874 0.467604
threshold=0 1 2 3 4 5 6 7 8 9 10 11 12 2050.4041081798655 294.29624598411442 13 14 545.30265367431014
decision_type=1 9 9 9 1 9 9 9 9 9 9 9 1 2 2 9 1 2
left_child=1 -1 3 16 5 -2 -7 -6 9 10 17 12 13 14 -9 -16 -3 -8
right_child=4 2 -4 -5 7 6 8 11 -10 -11 -12 -13 -14 -15 15 -17 -18 -19
leaf_value=0.069999592997084706 -0.033606536127782735 -0.019247373065713603 0.00013031985238136641 -0.0023702889124652786 0.069078714695035279 0.13295407659816555 0.16946540244432143 0.1024768109835059 -0.011950888847558417 0.018388948919704436 0.26872735526785274 -0.0038522681764438511 -0.00018132687359182051 0.1496158426518642 0.10271509285848315 0.0060389018076461654 -0.032975608591368645 -0.033652295257778908
leaf_weight=745 630 4312 3051 2955 118 115 383 135 493 3091 120 22028 5717 144 200 1012 2486 233
leaf_count=745 630 4312 3051 2955 118 115 383 135 493 3091 120 22028 5717 144 200 1012 2486 233
internal_value=-4.75259e-05 -0.000227994 -0.000278852 -0.000369315 2.35756e-05 0.000254462 0.000392456 -1.63383e-05 0.000340999 0.00043498 0.00104055 -2.37809e-05 0.00014428 0.000717171 0.000491168 0.000340005 -0.00050951 0.000608221
internal_weight=47968 13549 12804 9753 34419 5065 4435 29354 4320 3827 736 29236 7208 1491 1347 1212 6798 616
internal_count=47968 13549 12804 9753 34419 5065 4435 29354 4320 3827 736 29236 7208 1491 1347 1212 6798 616
cat_boundaries=0 1 2 3 4 5 6 7 8 9 10 11 12 13 14 15
cat_threshold=1059 17360899 2363482 102110016 8 22667328 67109408 65604 2674688 262160 2129920 22623260 128 573440 1025
is_linear=0
shrinkage=0.023


Tree=192
num_leaves=19
num_cat=7
split_feature=2 0 0 1 2 4 1 4 1 0 3 3 3 3 2 0 4 4
split_gain=0.771643 0.79823 0.533147 0.560931 0.48694 0.594327 1.52699 0.948935 0.899766 0.706367 0.566434 0.562493 0.706579 0.485535 0.43525 0.833649 0.796251 0.448144
threshold=35.251433531459114 0 1 2 388.79686210529559 119.02000000000001 3 54.905000000000008 4 5 18.075000000000003 18.825000000000003 19.435000000000006 23.285000000000004 911.24501102037686 6 29.895000000000003 59.895000000000003
decision_type=2 9 9 9 2 2 9 2 9 9 2 2 2 2 2 9 2 2
left_child=1 -1 3 -2 -4 6 7 -6 9 -7 -9 -10 -13 -12 -8 16 -16 -18
right_child=2 -3 4 -5 5 8 14 10 11 -11 13 12 -14 -15 15 -17 17 -19
leaf_value=0.069290944093074111 -0.034783810117632256 -0.018081704694375342 -0.010916913583776175 -0.003407697713740318 0.0030127142716463882 -0.0010917728251327091 0.020939282412856048 0.13237365712290236 -0.022175011827994019 -0.082194097525283102 0.0069044639111351799 0.063104034206297108 0.011007148162020846 0.065829132758245548 -0.063990621012782148 -0.045519100553565839 0.071902744434795149 0.0096446076083111197
leaf_weight=138 436 4368 4165 27067 139 470 4400 85 951 498 67 154 2466 82 325 890 546 699
leaf_count=138 436 4368 4165 27067 139 470 4400 85 951 498 67 154 2466 82 325 890 546 699
internal_value=-4.8037e-05 -0.000334519 -1.83188e-05 -7.96415e-05 8.75024e-05 0.000163178 0.000292635 0.00170631 -4.31191e-05 -0.000661159 0.00264546 0.000125944 0.000300204 0.00178642 0.00021292 -3.17852e-05 0.000286733 0.000553196
internal_weight=47946 4506 43440 27503 15937 11772 7233 373 4539 968 234 3571 2620 149 6860 2460 1570 1245
internal_count=47946 4506 43440 27503 15937 11772 7233 373 4539 968 234 3571 2620 149 6860 2460 1570 1245
cat_boundaries=0 1 2 3 4 5 6 7
cat_threshold=1088 122707553 4642 294978 819346 8659202 794646
is_linear=0
shrinkage=0.023


Tree=193
num_leaves=19
num_cat=1
split_feature=6 3 1 5 2 3 3 2 2 3 3 2 3 5 3 2 3 2
split_gain=1.22236 0.783247 0.653585 0.741951 1.39515 0.511721 0.510197 0.455279 0.627054 0.567492 0.414832 1.00624 0.500082 0.396415 0.458668 0.938507 0.388387 0.373265
threshold=1.5000000000000002 8.3050000000000015 0 1.5000000000000002 1002.2101072277674 28.895000000000003 40.385000000000012 1486.7744967091833 2298.3455801566552 68.485000000000014 8.7250000000000032 10.305092294711587 9.2750000000000004 2.5000000000000004 47.565000000000005 146.82801526480685 34.155000000000008 15.809004416954538
decision_type=2 2 9 2 2 2 2 2 2 2 2 2 2 2 2 2 2 2
left_child=1 -1 -3 10 5 -5 16 -8 9 -9 11 -4 -12 -7 -15 -16 -6 -13
right_child=-2 2 3 4 6 13 7 8 -10 -11 12 17 -14 14 15 -17 -18 -19
leaf_value=-0.020414566804937976 -0.059051550907121685 -0.01726057333446715 0.10664578335560614 -0.044598644782424764 0.02214107443342371 -0.00085554209337340952 -0.041340574501605457 -0.014157944587959369 -0.050129797794502148 0.083109601614649475 -0.039632590454595482 -0.015286544120904957 0.0028705373718072849 -0.090553841729737017 0.085162023209696985 -0.030552540122162658 0.13176165622071531 0.027777175389517295
leaf_weight=2879 565 2022 81 1270 76 1572 114 82 66 100 663 78 37205 240 62 422 93 468
leaf_count=2879 565 2022 81 1270 76 1572 114 82 66 100 663 78 37205 240 62 422 93 468
internal_value=-2.92984e-05 -1.66441e-05 7.08399e-06 2.63035e-05 -0.000267935 -0.000431723 0.000831728 0.000344156 0.000896947 0.00159291 5.76272e-05 0.000644288 4.79099e-05 -0.000226772 -0.000672005 -0.000264094 0.00187431 0.000288859
internal_weight=48058 47493 44614 42592 4097 3566 531 362 248 182 38495 627 37868 2296 724 484 169 546
internal_count=48058 47493 44614 42592 4097 3566 531 362 248 182 38495 627 37868 2296 724 484 169 546
cat_boundaries=0 1
cat_threshold=267050
is_linear=0
shrinkage=0.023


Tree=194
num_leaves=19
num_cat=3
split_feature=6 0 3 0 5 3 0 4 3 5 3 4 3 4 3 4 3 3
split_gain=0.793653 0.701697 0.549199 0.454894 0.424577 0.742979 0.842213 0.592515 0.575261 0.486103 0.384686 2.74902 0.338278 0.356934 0.332486 0.332175 0.304618 0.345764
threshold=1.5000000000000002 0 14.435 1 2.5000000000000004 28.205000000000005 2 189.48500000000004 63.210000000000008 1.5000000000000002 37.980000000000011 61.925000000000004 20.965000000000003 195.06000000000003 1.0000000180025095e-35 69.895000000000024 39.015000000000008 52.025000000000013
decision_type=2 9 2 9 2 2 9 2 2 2 2 2 2 2 2 2 2 2
left_child=1 2 15 -2 5 9 7 -7 -6 14 -4 -12 -11 -14 -3 -1 -13 -18
right_child=3 4 10 -5 8 6 -8 -9 -10 12 11 16 13 -15 -16 -17 17 -19
leaf_value=0.028278831763369934 0.0057572195032437427 0.040283571476428311 0.0015437551515154327 -0.070362414186727923 -0.056341647321009179 -0.06624574695220449 0.014623522612843335 0.044169153450594745 0.0018267675363246717 -0.073418260571095934 0.19354724971138249 0.2179043242241045 -0.022760468334380446 0.069398514375518291 -0.0063439134066261829 0.084922126927700778 -0.03007834182141041 0.054130244933915203
leaf_weight=110 140 170 3226 412 574 519 5237 269 327 477 63 75 570 116 34906 73 275 394
leaf_count=110 140 170 3226 412 574 519 5237 269 327 477 63 75 570 116 34906 73 275 394
internal_value=-7.77181e-05 -6.76142e-05 0.000215295 -0.000944623 -9.52751e-05 -8.47633e-05 0.000151738 -0.000545162 -0.000589278 -0.000124084 0.000159846 0.000608893 -0.000586655 -0.000259421 -0.000108743 0.00144739 0.000217571 6.152e-05
internal_weight=47933 47381 4216 552 43165 42264 6025 788 901 36239 4033 807 1163 686 35076 183 744 669
internal_count=47933 47381 4216 552 43165 42264 6025 788 901 36239 4033 807 1163 686 35076 183 744 669
cat_boundaries=0 1 2 3
cat_threshold=75558918 263168 1575081
is_linear=0
shrinkage=0.023


Tree=195
num_leaves=19
num_cat=11
split_feature=7 1 1 0 0 2 2 7 0 0 2 2 7 0 2 2 7 2
split_gain=1.72077 2.00547 1.40481 1.03036 0.736714 0.72064 1.38918 0.682059 1.01944 0.983312 0.636588 0.551752 0.550252 0.667447 0.542183 1.17439 0.535155 0.485576
threshold=0 1 2 3 4 2050.4041081798655 2258.9717258190844 5 6 7 297.05995327865264 364.65315134634449 8 9 509.25607330056141 644.89890338812654 10 5.1441969012302495
decision_type=1 9 9 9 9 2 2 1 9 9 2 2 1 9 2 2 1 2
left_child=2 4 3 17 -2 12 -7 9 14 11 -10 -3 13 -5 -9 -16 -8 -1
right_child=1 7 -4 5 -6 6 16 8 10 -11 -12 -13 -14 -15 15 -17 -18 -19
leaf_value=0.048244605763351885 0.081595877566847885 -0.045495207805913103 -0.019541367065671122 0.06052474295919074 0.0072664126340690957 0.23514805232417021 0.085342608576057147 -0.011865968437503227 -0.017727257117752152 -0.014948615162876145 -0.039091052450654772 0.017575539599471751 0.027886132250659789 -0.027790554711659071 0.049507104520851448 -0.0035557911629823125 -0.034056199971410739 0.00098276616294204391
leaf_weight=165 419 239 3975 164 4501 153 139 347 1843 10904 2700 2083 6783 787 165 439 213 12301
leaf_count=165 419 239 3975 164 4501 153 139 347 1843 10904 2700 2083 6783 787 165 439 213 12301
internal_value=-4.32194e-05 -0.000183414 9.11055e-05 0.000167155 0.000229524 0.000366613 0.00120868 -0.000292009 -0.000507534 -0.000202158 -0.000650969 0.00022702 0.000312071 -0.00020554 0.000177307 0.000595347 0.000412697 3.51378e-05
internal_weight=48320 23640 24680 20705 4920 8239 505 18720 5494 13226 4543 2322 7734 951 951 604 352 12466
internal_count=48320 23640 24680 20705 4920 8239 505 18720 5494 13226 4543 2322 7734 951 951 604 352 12466
cat_boundaries=0 1 2 3 4 5 6 7 8 9 10 11
cat_threshold=1928 606370 2146404 38465607 49456 2069 558274 22171699 1024 25168000 1152
is_linear=0
shrinkage=0.023


Tree=196
num_leaves=19
num_cat=10
split_feature=7 0 0 1 2 1 7 2 2 2 1 2 1 7 2 1 2 2
split_gain=1.74102 1.51307 1.20598 0.974655 0.783454 0.479455 0.738118 0.488053 0.480308 1.33717 0.499465 1.29412 0.484955 0.474689 0.888748 0.731885 0.716453 0.501536
threshold=0 1 2 3 402.35433198006098 4 5 2050.4041081798655 590.86406303908609 879.03623882356851 6 294.29624598411442 7 8 55.379492833299132 9 76.629709701717559 120.32427543049302
decision_type=1 9 9 9 2 9 1 2 2 2 9 2 9 1 2 9 2 2
left_child=1 3 13 -1 -3 -4 8 -8 10 12 -7 -12 -10 14 -2 17 -16 -15
right_child=2 4 5 -5 -6 6 7 -9 9 -11 11 -13 -14 15 16 -17 -18 -19
leaf_value=-0.060788755122367803 -0.019653857644565988 -0.014353554474789497 0.021125503080047837 0.013677407087877657 0.0044526471521145186 -0.021459611053739346 -0.024210868611738337 0.11525254669184166 0.016978990943672126 0.0046405920414153614 0.22094771658420465 -0.01974545854860027 0.24443272661929938 0.0074365434567511251 0.035234311630980029 -0.056302238493016667 0.0046472512940195559 -0.012221797176080464
leaf_weight=1848 2460 3468 9857 390 3899 519 2434 205 145 674 65 174 230 3085 463 384 10734 7150
leaf_count=1848 2460 3468 9857 390 3899 519 2434 205 145 674 65 174 230 3085 463 384 10734 7150
internal_value=-2.31788e-05 -0.000300081 4.58287e-05 -0.000822721 -0.00014039 0.000213285 1.4762e-05 -0.000230154 0.000371728 0.000692486 -6.73413e-05 0.000783525 0.00179295 -5.28821e-05 3.68047e-05 -0.000168152 0.0001238 -0.000130543
internal_weight=48184 9605 38579 2238 7367 14303 4446 2639 1807 1049 758 239 375 24276 13657 10619 11197 10235
internal_count=48184 9605 38579 2238 7367 14303 4446 2639 1807 1049 758 239 375 24276 13657 10619 11197 10235
cat_boundaries=0 1 2 3 4 5 6 7 8 9 10
cat_threshold=2146 85338148 102270415 2637848 2097260 25 573440 524416 904 2670728
is_linear=0
shrinkage=0.023


Tree=197
num_leaves=19
num_cat=14
split_feature=1 0 7 1 7 1 0 3 3 3 7 7 0 0 1 3 0 0
split_gain=1.05826 1.10192 2.90449 0.975777 0.945786 0.798167 0.711273 0.735746 0.602794 0.572214 0.542841 0.523086 1.06663 0.952586 0.612085 0.567632 0.50955 0.504487
threshold=0 1 2 3 4 5 6 14.885000000000003 8.3050000000000015 9.2750000000000004 7 8 9 10 11 43.475000000000001 12 13
decision_type=9 9 1 9 1 9 9 2 2 2 1 1 9 9 9 2 9 9
left_child=-1 4 3 8 6 10 7 -2 -3 -8 -4 13 -13 15 -15 -7 -12 -6
right_child=1 2 5 -5 17 11 9 -9 -10 -11 16 12 -14 14 -16 -17 -18 -19
leaf_value=-0.043470413516585288 0.034480248273400751 0.036057951408298324 0.066649049906094118 0.024478021564428128 0.016025180992461457 -0.0099094377514262547 -0.033508098243206719 -0.041694433073289447 -0.035854218201440941 -0.0074623648176743952 -0.045513797090479494 0.050062979162376897 -0.002050883208479373 0.061456784577569784 0.28082568783838835 0.066451048393343842 0.00030796239849486184 -0.0020743742631620511
leaf_weight=470 137 89 433 495 1879 1058 1561 1041 2929 9902 758 990 2573 3180 183 146 422 19866
leaf_count=470 137 89 433 495 1879 1058 1561 1041 2929 9902 758 990 2573 3180 183 146 422 19866
internal_value=-4.16279e-05 -3.07837e-05 0.000147298 -0.000418909 -9.94586e-05 0.000351678 -0.000257593 -0.000794011 -0.00057435 -0.000201809 -0.000115763 0.000444448 0.000233849 0.000607861 0.000806823 5.0008e-05 -0.000371023 -7.45278e-06
internal_weight=48112 47642 13256 3513 34386 9743 12641 1178 3018 11463 1613 8130 3563 4567 3363 1204 1180 21745
internal_count=48112 47642 13256 3513 34386 9743 12641 1178 3018 11463 1613 8130 3563 4567 3363 1204 1180 21745
cat_boundaries=0 1 2 3 4 5 6 7 8 9 10 11 12 13 14
cat_threshold=2864 113870274 354 2670600 135 53318 76087360 1032 141 16933380 1188356 2359424 264720 75497728
is_linear=0
shrinkage=0.023


Tree=198
num_leaves=19
num_cat=6
split_feature=7 1 7 7 3 6 3 2 2 3 2 2 2 2 1 2 7 2
split_gain=1.54539 0.957863 0.936565 0.708382 0.598712 0.626388 0.625044 0.589745 1.05027 0.556819 0.629794 0.651875 0.492748 0.690585 0.474807 0.927797 0.900401 1.13591
threshold=0 1 2 3 16.075000000000003 1.5000000000000002 15.375000000000002 1087.5719089899699 558.20079738369066 12.485000000000001 618.52111970165925 711.67898235034443 536.81152062115348 1327.1971480490024 4 313.11452755432725 5 558.20079738369066
decision_type=1 9 1 1 2 2 2 2 2 2 2 2 2 2 9 2 1 2
left_child=1 4 7 12 6 14 -1 8 -3 -4 -11 -12 -2 -14 -6 -16 17 -17
right_child=3 2 9 -5 5 -7 -8 -9 -10 10 11 -13 13 -15 15 16 -18 -19
leaf_value=0.0033093258917249093 -0.02552885394119201 0.020689650331916321 0.034754260357292212 -0.0065036101802895558 0.020332536221904826 -0.089656969325493732 -0.049411970386128656 -0.079906301521151316 0.25543609394863032 -0.064316202961674118 0.11880347000030779 -0.036181978177046242 0.0032330524708916544 -0.06884934337298701 -0.046956723885483942 0.15078373106556164 0.015485727954557535 0.10645986720183612
leaf_weight=6869 2721 229 108 24470 7816 152 729 111 135 1156 126 893 1321 511 63 67 270 233
leaf_count=6869 2721 229 108 24470 7816 152 729 111 135 1156 126 893 1321 511 63 67 270 233
internal_value=-5.85777e-05 0.000102916 -0.000292628 -0.000164039 0.000170402 0.000301926 2.17346e-05 0.000628066 0.00108868 -0.000486132 -0.000568333 -0.000151419 -0.000427266 -0.000136577 0.000328264 0.000930771 0.00123829 0.00207595
internal_weight=47980 18957 2758 29023 16199 8601 7598 475 364 2283 2175 1019 4553 1832 8449 633 570 300
internal_count=47980 18957 2758 29023 16199 8601 7598 475 364 2283 2175 1019 4553 1832 8449 633 570 300
cat_boundaries=0 1 2 3 4 5 6
cat_threshold=652 2216040 4 66 2117696 132
is_linear=0
shrinkage=0.023


Tree=199
num_leaves=19
num_cat=8
split_feature=7 0 2 0 5 7 4 4 4 2 0 4 2 7 4 4 7 0
split_gain=0.933533 1.43085 1.3966 0.786383 0.81959 0.655613 0.593685 0.421775 0.68706 1.28091 0.591172 0.65203 0.976074 0.513748 0.697142 0.489723 0.483004 0.849019
threshold=0 1 2211.6728059599359 2 2.5000000000000004 3 35.925000000000004 69.00500000000001 89.840000000000018 316.48675837884133 4 79.895000000000024 124.99049769762219 5 94.925000000000026 64.930000000000021 6 7
decision_type=1 9 2 9 2 1 2 2 2 2 9 2 2 1 2 2 1 9
left_child=1 2 -1 4 7 -6 -5 15 9 10 11 12 -9 -10 -15 -2 17 -11
right_child=3 -3 -4 6 5 -7 -8 8 13 16 -12 -13 -14 14 -16 -17 -18 -19
leaf_value=0.27263490440037985 -0.011576790017428722 0.0085198321848477081 0.033142161777517339 0.015645707798836141 0.030104990089302074 -0.049481485053399138 0.0012942764976552458 -0.025647585786989502 -0.02605791725322476 0.054293606115484311 0.11050362599716271 0.033159309221410256 0.051877793148907517 -0.044479702234574439 -0.0024244299258947702 -0.040176649638782737 -0.023075172245345756 -0.028375271348079677
leaf_weight=76 12575 9493 114 1023 144 567 4825 450 1656 341 157 573 232 845 12582 588 1388 289
leaf_count=76 12575 9493 114 1023 144 567 4825 450 1656 341 157 573 232 845 12582 588 1388 289
internal_value=-6.98947e-05 0.000131762 0.00205624 -0.000120967 -0.000165294 -0.000937501 0.00012438 -0.000148007 -7.72366e-05 0.000216576 0.000747873 0.000564448 8.83299e-05 -0.000144054 -9.65886e-05 -0.000247538 -0.000155215 0.00037003
internal_weight=47918 9683 190 38235 32387 711 5848 31676 18513 3430 1412 1255 682 15083 13427 13163 2018 630
internal_count=47918 9683 190 38235 32387 711 5848 31676 18513 3430 1412 1255 682 15083 13427 13163 2018 630
cat_boundaries=0 1 2 3 4 5 6 7 8
cat_threshold=520 544 115117616 18 46137344 66 2130 46170128
is_linear=0
shrinkage=0.023


end of trees

feature_importances:
freight_value=718
distance_km=626
customer_state=567
seller_state=525
order_purchase_month=489
price=465
n_items=135
n_sellers=75

parameters:
[boosting: gbdt]
[objective: quantile]
[metric: quantile]
[tree_learner: serial]
[device_type: cpu]
[data_sample_strategy: bagging]
[data: ]
[valid: ]
[num_iterations: 200]
[learning_rate: 0.023]
[num_leaves: 19]
[num_threads: 1]
[seed: 0]
[deterministic: 0]
[force_col_wise: 0]
[force_row_wise: 0]
[histogram_pool_size: -1]
[max_depth: -1]
[min_data_in_leaf: 61]
[min_sum_hessian_in_leaf: 0.001]
[bagging_fraction: 0.63]
[pos_bagging_fraction: 1]
[neg_bagging_fraction: 1]
[bagging_freq: 1]
[bagging_seed: 3]
[bagging_by_query: 0]
[feature_fraction: 0.63]
[feature_fraction_bynode: 1]
[feature_fraction_seed: 2]
[extra_trees: 0]
[extra_seed: 6]
[early_stopping_round: 0]
[early_stopping_min_delta: 0]
[first_metric_only: 0]
[max_delta_step: 0]
[lambda_l1: 0]
[lambda_l2: 0.22]
[linear_lambda: 0]
[min_gain_to_split: 0]
[drop_rate: 0.1]
[max_drop: 50]
[skip_drop: 0.5]
[xgboost_dart_mode: 0]
[uniform_drop: 0]
[drop_seed: 4]
[top_rate: 0.2]
[other_rate: 0.1]
[min_data_per_group: 100]
[max_cat_threshold: 32]
[cat_l2: 10]
[cat_smooth: 10]
[max_cat_to_onehot: 4]
[top_k: 20]
[monotone_constraints: ]
[monotone_constraints_method: basic]
[monotone_penalty: 0]
[feature_contri: ]
[forcedsplits_filename: ]
[refit_decay_rate: 0.9]
[cegb_tradeoff: 1]
[cegb_penalty_split: 0]
[cegb_penalty_feature_lazy: ]
[cegb_penalty_feature_coupled: ]
[path_smooth: 0]
[interaction_constraints: ]
[verbosity: -1]
[saved_feature_importance_type: 0]
[use_quantized_grad: 0]
[num_grad_quant_bins: 4]
[quant_train_renew_leaf: 0]
[stochastic_rounding: 1]
[linear_tree: 0]
[max_bin: 255]
[max_bin_by_feature: ]
[min_data_in_bin: 3]
[bin_construct_sample_cnt: 200000]
[data_random_seed: 1]
[is_enable_sparse: 1]
[enable_bundle: 1]
[use_missing: 1]
[zero_as_missing: 0]
[feature_pre_filter: 1]
[pre_partition: 0]
[two_round: 0]
[header: 0]
[label_column: ]
[weight_column: ]
[group_column: ]
[ignore_column: ]
[categorical_feature: 0,1,7]
[forcedbins_filename: ]
[precise_float_parser: 0]
[parser_config_file: ]
[objective_seed: 5]
[num_class: 1]
[is_unbalance: 0]
[scale_pos_weight: 1]
[sigmoid: 1]
[boost_from_average: 1]
[reg_sqrt: 0]
[alpha: 0.91]
[fair_c: 1]
[poisson_max_delta_step: 0.7]
[tweedie_variance_power: 1.5]
[lambdarank_truncation_level: 30]
[lambdarank_norm: 1]
[label_gain: ]
[lambdarank_position_bias_regularization: 0]
[eval_at: ]
[multi_error_top_k: 1]
[auc_mu_weights: ]
[num_machines: 1]
[local_listen_port: 12400]
[time_out: 120]
[machine_list_filename: ]
[machines: ]
[gpu_platform_id: -1]
[gpu_device_id: -1]
[gpu_use_dp: 0]
[num_gpu: 1]

end of parameters

pandas_categorical:[["AC", "AL", "AM", "AP", "BA", "CE", "DF", "ES", "GO", "MA", "MG", "MS", "MT", "PA", "PB", "PE", "PI", "PR", "RJ", "RN", "RO", "RR", "RS", "SC", "SE", "SP", "TO"], ["AM", "BA", "CE", "DF", "ES", "GO", "MA", "MG", "MS", "MT", "PA", "PB", "PE", "PI", "PR", "RJ", "RN", "RO", "RS", "SC", "SE", "SP"], ["April", "August", "December", "February", "January", "July", "June", "March", "May", "November", "October", "September"]]
